ticket_id,created_at,resolved_at,priority,status,assigned_agent,resolution_hours,sla_met,category
T300001,2023-06-04,2023-06-05 21:10:07.648689906,Low,Resolved,Agent_2,45.17,1,Logistics
T300002,2025-01-02,2025-01-02 21:02:47.910553556,Low,Closed,Agent_19,21.05,1,Billing
T300003,2023-11-05,2023-11-20 04:54:29.109112904,Low,Resolved,Agent_12,364.91,0,Billing
T300004,2025-06-29,2025-07-05 00:45:42.305306840,Low,Resolved,Agent_4,144.76,0,Billing
T300005,2023-06-29,2023-06-29 02:21:12.134162791,Medium,Closed,Agent_18,2.35,1,Billing
T300006,2025-07-08,2025-07-11 15:13:18.270783205,Medium,Closed,Agent_2,87.22,0,Technical
T300007,2023-09-17,2023-09-18 08:10:14.621752743,Medium,Closed,Agent_1,32.17,1,Logistics
T300008,2022-12-15,2022-12-19 20:56:11.540657562,Medium,Resolved,Agent_13,116.94,0,Technical
T300009,2024-07-06,2024-07-07 11:22:17.861314635,Medium,Closed,Agent_5,35.37,1,Technical
T300010,2023-08-11,2023-08-11 06:37:32.794006507,Low,Resolved,Agent_19,6.63,1,Technical
T300011,2024-09-02,2024-09-03 09:18:57.982962141,Medium,Resolved,Agent_1,33.32,1,Technical
T300012,2023-01-26,2023-01-28 14:15:07.839677913,Low,Resolved,Agent_2,62.25,1,HR
T300013,2025-08-27,2025-08-27 04:22:39.748127364,Medium,Resolved,Agent_14,4.38,1,Other
T300014,2023-05-02,2023-05-02 16:47:19.683434106,High,Resolved,Agent_9,16.79,1,Logistics
T300015,2023-08-26,2023-08-27 02:57:27.127375560,Medium,Resolved,Agent_8,26.96,1,Technical
T300016,2023-12-03,2023-12-13 09:15:29.140659348,Low,Resolved,Agent_11,249.26,0,Logistics
T300017,2022-11-14,2022-11-14 11:34:16.576067145,High,Resolved,Agent_4,11.57,1,Logistics
T300018,2023-02-08,2023-02-09 01:42:10.307521302,Low,Resolved,Agent_3,25.7,1,Technical
T300019,2024-11-25,2024-11-28 01:51:16.017726971,Medium,Resolved,Agent_5,73.85,0,Logistics
T300020,2023-04-18,2023-04-18 23:43:20.829602440,Medium,Resolved,Agent_14,23.72,1,Technical
T300021,2023-06-20,2023-06-20 10:17:18.010851140,Medium,Resolved,Agent_10,10.29,1,Other
T300022,2024-07-06,2024-07-06 01:01:15.505366050,Low,Resolved,Agent_6,1.02,1,Billing
T300023,2024-10-29,2024-10-29 16:57:30.744449270,High,Closed,Agent_10,16.96,1,Technical
T300024,2023-06-28,2023-06-28 06:06:36.590984378,Low,Closed,Agent_11,6.11,1,Technical
T300025,2023-06-28,2023-07-03 03:29:19.301200839,Low,Resolved,Agent_20,123.49,0,Logistics
T300026,2024-11-02,2024-11-05 06:06:10.423859724,Medium,Escalated,Agent_8,78.1,0,Billing
T300027,2023-07-28,2023-07-28 12:56:50.924292266,Low,Resolved,Agent_4,12.95,1,Technical
T300028,2024-04-23,2024-04-23 05:44:42.587997509,Low,Resolved,Agent_18,5.75,1,Logistics
T300029,2023-10-01,2023-10-02 19:25:25.027597705,Low,Resolved,Agent_20,43.42,1,Logistics
T300030,2024-01-17,2024-01-17 11:32:31.025109175,Low,Resolved,Agent_14,11.54,1,Technical
T300031,2024-10-25,2024-10-25 09:21:59.179988837,High,Resolved,Agent_3,9.37,1,Technical
T300032,2025-04-26,2025-04-27 01:40:10.811895636,Low,Resolved,Agent_12,25.67,1,Logistics
T300033,2023-11-05,2023-11-08 03:22:34.614487775,Low,Resolved,Agent_15,75.38,0,Logistics
T300034,2023-01-14,2023-01-18 10:37:07.753346581,High,Resolved,Agent_8,106.62,0,HR
T300035,2023-12-28,2023-12-28 14:38:48.703546299,Medium,Resolved,Agent_14,14.65,1,Logistics
T300036,2023-01-09,2023-01-11 07:27:05.134496698,Low,Escalated,Agent_6,55.45,1,Billing
T300037,2025-02-12,2025-02-12 10:02:17.188688038,Medium,Closed,Agent_14,10.04,1,Logistics
T300038,2024-11-14,2024-11-17 23:14:19.760806223,Low,Closed,Agent_4,95.24,0,Billing
T300039,2023-07-29,2023-07-29 01:00:00.000000000,Medium,Resolved,Agent_20,1.0,1,Technical
T300040,2023-03-12,2023-03-13 08:39:11.546190075,Low,Resolved,Agent_6,32.65,1,Technical
T300041,2023-02-10,2023-02-10 09:20:14.137210157,Low,Closed,Agent_16,9.34,1,HR
T300042,2024-06-20,2024-06-20 09:20:28.394021193,Low,Escalated,Agent_17,9.34,1,Billing
T300043,2024-09-02,2024-09-03 12:32:52.832166728,Low,Closed,Agent_2,36.55,1,Logistics
T300044,2024-07-27,2024-07-27 17:39:29.497878512,Low,Resolved,Agent_18,17.66,1,Billing
T300045,2025-05-12,2025-05-13 05:29:18.861803740,Low,Resolved,Agent_13,29.49,1,Other
T300046,2025-03-01,2025-03-01 08:45:18.152575981,Medium,Resolved,Agent_20,8.76,1,Technical
T300047,2023-12-25,2023-12-25 14:34:13.094685041,Medium,Resolved,Agent_16,14.57,1,Logistics
T300048,2023-07-19,2023-07-19 08:04:56.108392166,Medium,Closed,Agent_13,8.08,1,Logistics
T300049,2025-07-04,2025-07-04 19:31:41.688947178,High,Resolved,Agent_14,19.53,1,Technical
T300050,2023-12-21,2023-12-21 19:35:07.287070887,Medium,Resolved,Agent_18,19.59,1,Other
T300051,2024-10-01,2024-10-01 08:27:03.374537504,Low,Resolved,Agent_8,8.45,1,Logistics
T300052,2024-04-26,2024-04-26 01:00:00.000000000,Low,Resolved,Agent_5,1.0,1,Technical
T300053,2025-07-10,2025-07-10 01:00:00.000000000,Low,Resolved,Agent_9,1.0,1,Technical
T300054,2025-05-18,2025-05-19 02:17:13.126309132,Low,Closed,Agent_15,26.29,1,HR
T300055,2025-01-24,2025-01-24 02:15:44.293458706,Critical,Resolved,Agent_9,2.26,1,Billing
T300056,2022-12-19,2022-12-19 07:17:42.326760621,Medium,Resolved,Agent_20,7.3,1,Technical
T300057,2024-01-18,2024-01-19 22:48:54.095858602,Low,Resolved,Agent_10,46.82,1,HR
T300058,2025-04-03,2025-04-04 16:15:53.993510998,Medium,Resolved,Agent_18,40.26,1,Billing
T300059,2023-04-21,2023-04-21 01:34:17.256494296,Medium,Resolved,Agent_14,1.57,1,Logistics
T300060,2025-05-18,2025-05-18 02:47:45.958963574,Medium,Resolved,Agent_18,2.8,1,Technical
T300061,2025-07-17,2025-07-17 22:04:56.124793749,Low,Resolved,Agent_16,22.08,1,Technical
T300062,2022-11-06,2022-11-07 03:57:31.949108784,Low,Closed,Agent_5,27.96,1,Logistics
T300063,2023-11-04,2023-11-05 00:08:22.373351591,Low,Resolved,Agent_10,24.14,1,HR
T300064,2025-04-12,2025-04-12 12:12:52.035784615,High,Resolved,Agent_20,12.21,1,Technical
T300065,2024-10-22,2024-10-22 04:22:48.906652016,Low,Escalated,Agent_6,4.38,1,Billing
T300066,2025-05-19,2025-05-19 16:23:01.715942441,Medium,Closed,Agent_9,16.38,1,Technical
T300067,2023-08-08,2023-08-09 16:04:44.139137824,Medium,Closed,Agent_16,40.08,1,Other
T300068,2025-10-14,2025-10-16 15:17:58.879668694,Medium,Resolved,Agent_11,63.3,0,Billing
T300069,2025-05-06,2025-05-07 15:26:53.279723449,Low,Closed,Agent_20,39.45,1,Billing
T300070,2024-01-02,2024-01-02 03:34:32.937651282,Medium,Resolved,Agent_18,3.58,1,Other
T300071,2023-12-18,2023-12-19 07:12:01.428376314,Medium,Resolved,Agent_5,31.2,1,HR
T300072,2025-02-16,2025-02-19 04:22:50.066819409,Low,Escalated,Agent_9,76.38,0,Logistics
T300073,2022-12-18,2022-12-18 10:29:19.915529967,Low,Resolved,Agent_11,10.49,1,Billing
T300074,2025-08-23,2025-08-23 06:47:24.019004123,Critical,Closed,Agent_9,6.79,0,Technical
T300075,2024-09-15,2024-09-20 07:59:55.485112598,Low,Open,Agent_4,128.0,0,Billing
T300076,2024-12-27,2024-12-28 06:27:07.610070235,Medium,Resolved,Agent_8,30.45,1,Logistics
T300077,2023-09-25,2023-09-25 12:53:26.723140679,Medium,Open,Agent_5,12.89,1,Technical
T300078,2023-06-21,2023-06-22 04:04:07.326539073,Low,Closed,Agent_3,28.07,1,Billing
T300079,2022-12-30,2022-12-30 01:59:22.543773900,Medium,Resolved,Agent_4,1.99,1,Technical
T300080,2024-06-12,2024-06-13 11:50:45.277425840,Low,Resolved,Agent_16,35.85,1,HR
T300081,2024-04-13,2024-04-16 05:54:06.079618451,Low,Resolved,Agent_13,77.9,0,Logistics
T300082,2025-10-25,2025-10-28 20:08:56.608490145,Medium,Closed,Agent_3,92.15,0,Logistics
T300083,2025-09-20,2025-09-20 06:06:57.567764374,High,Resolved,Agent_4,6.12,1,Billing
T300084,2025-07-09,2025-07-09 13:43:04.526584687,Medium,Open,Agent_1,13.72,1,HR
T300085,2024-12-16,2024-12-16 01:00:00.000000000,High,Resolved,Agent_8,1.0,1,Technical
T300086,2023-03-28,2023-03-30 23:37:31.074073780,Low,Resolved,Agent_9,71.63,1,Technical
T300087,2022-12-17,2022-12-18 06:15:59.018028167,Medium,Escalated,Agent_5,30.27,1,Other
T300088,2023-10-22,2023-10-23 00:45:15.314382005,Low,Closed,Agent_12,24.75,1,Billing
T300089,2024-08-15,2024-08-17 11:17:53.708174828,Low,Resolved,Agent_9,59.3,1,Technical
T300090,2024-01-27,2024-01-27 23:24:49.898535314,Medium,Resolved,Agent_4,23.41,1,Logistics
T300091,2024-04-05,2024-04-07 22:20:05.077836433,Low,Closed,Agent_17,70.33,1,Billing
T300092,2023-04-26,2023-04-26 18:06:00.406163729,Low,Open,Agent_12,18.1,1,Technical
T300093,2025-06-13,2025-06-13 12:37:33.487175714,High,Resolved,Agent_13,12.63,1,Other
T300094,2023-05-29,2023-05-29 11:47:23.459995739,High,Resolved,Agent_11,11.79,1,Technical
T300095,2025-10-01,2025-10-01 04:33:10.015531373,Low,Resolved,Agent_17,4.55,1,Technical
T300096,2023-05-06,2023-05-06 07:54:57.160392476,Medium,Resolved,Agent_15,7.92,1,Logistics
T300097,2025-09-14,2025-09-17 22:26:32.246748569,Low,Resolved,Agent_9,94.44,0,Technical
T300098,2025-08-02,2025-08-02 02:02:13.602775140,High,Resolved,Agent_4,2.04,1,Technical
T300099,2022-12-05,2022-12-05 11:27:21.534243756,Medium,Resolved,Agent_12,11.46,1,Billing
T300100,2024-02-18,2024-02-18 06:07:28.979400279,Medium,Resolved,Agent_3,6.12,1,Billing
T300101,2024-11-28,2024-11-28 03:37:29.727807931,Medium,Resolved,Agent_20,3.62,1,HR
T300102,2024-02-13,2024-02-13 07:02:22.626274747,Low,Closed,Agent_17,7.04,1,HR
T300103,2025-04-25,2025-04-25 20:31:36.558376786,Low,Resolved,Agent_7,20.53,1,Technical
T300104,2024-04-05,2024-04-06 15:02:49.161590592,Medium,Closed,Agent_7,39.05,1,Technical
T300105,2023-07-22,2023-07-22 20:20:39.748095121,Critical,Resolved,Agent_12,20.34,0,Technical
T300106,2024-12-06,2024-12-06 10:10:44.406084683,High,Resolved,Agent_10,10.18,1,Technical
T300107,2023-12-12,2023-12-12 12:06:06.016567837,High,Resolved,Agent_8,12.1,1,Logistics
T300108,2024-08-07,2024-08-10 00:24:17.427032216,Low,Resolved,Agent_9,72.4,0,Billing
T300109,2024-07-28,2024-07-28 06:30:17.018946919,Critical,Resolved,Agent_14,6.5,0,HR
T300110,2023-01-03,2023-01-04 21:15:49.817709284,Medium,Closed,Agent_6,45.26,1,Technical
T300111,2025-06-26,2025-06-30 07:25:16.388022269,Low,Open,Agent_19,103.42,0,HR
T300112,2025-01-22,2025-01-22 11:51:24.921756383,High,Resolved,Agent_15,11.86,1,Technical
T300113,2025-03-21,2025-03-21 18:16:38.813351709,Medium,Resolved,Agent_20,18.28,1,Logistics
T300114,2022-12-08,2022-12-08 11:54:16.230689087,Medium,Resolved,Agent_20,11.9,1,HR
T300115,2024-11-29,2024-11-29 14:51:31.759224823,Medium,Resolved,Agent_7,14.86,1,Technical
T300116,2024-08-26,2024-08-26 05:05:09.000016881,High,Resolved,Agent_8,5.09,1,Logistics
T300117,2023-06-10,2023-06-10 06:40:54.226642563,High,Resolved,Agent_3,6.68,1,Logistics
T300118,2024-12-09,2024-12-13 14:23:06.062217151,Low,Closed,Agent_11,110.39,0,Technical
T300119,2024-02-16,2024-02-16 21:32:00.706992929,Critical,Resolved,Agent_4,21.53,0,Technical
T300120,2023-10-23,2023-10-23 05:23:03.262492410,High,Open,Agent_2,5.38,1,Technical
T300121,2024-06-01,2024-06-01 11:57:44.890876829,Low,Resolved,Agent_1,11.96,1,Technical
T300122,2023-06-23,2023-06-23 03:54:28.819553036,Low,Resolved,Agent_7,3.91,1,Technical
T300123,2024-06-24,2024-06-25 19:31:33.453382975,Medium,Closed,Agent_12,43.53,1,Billing
T300124,2023-02-02,2023-02-04 01:05:18.857836601,Medium,Resolved,Agent_8,49.09,0,Other
T300125,2025-03-10,2025-03-10 14:22:07.313588309,Medium,Resolved,Agent_13,14.37,1,Logistics
T300126,2025-02-16,2025-02-17 13:31:34.826465701,Low,Resolved,Agent_6,37.53,1,Technical
T300127,2023-05-08,2023-05-10 16:37:35.564479239,Low,Closed,Agent_7,64.63,1,Billing
T300128,2024-08-10,2024-08-10 02:49:41.565603702,Critical,Resolved,Agent_20,2.83,1,Logistics
T300129,2022-11-16,2022-11-16 02:42:00.344336827,High,Resolved,Agent_6,2.7,1,Billing
T300130,2023-10-30,2023-10-30 05:50:48.683637401,Low,Resolved,Agent_12,5.85,1,Logistics
T300131,2024-11-13,2024-11-13 06:26:12.029951787,Medium,Resolved,Agent_7,6.44,1,Billing
T300132,2023-12-15,2023-12-15 12:26:20.206435712,High,Closed,Agent_10,12.44,1,Logistics
T300133,2023-04-23,2023-04-23 20:30:24.955577635,Low,Closed,Agent_7,20.51,1,Technical
T300134,2023-05-05,2023-05-09 01:05:24.012635308,Low,Resolved,Agent_15,97.09,0,Logistics
T300135,2025-09-19,2025-09-19 02:11:55.615740071,Medium,Resolved,Agent_2,2.2,1,Billing
T300136,2024-02-13,2024-02-13 12:55:25.354581501,Medium,Resolved,Agent_8,12.92,1,Billing
T300137,2023-09-08,2023-09-08 14:15:23.098146710,Low,Resolved,Agent_17,14.26,1,Technical
T300138,2025-01-08,2025-01-08 13:07:09.552853535,Critical,Resolved,Agent_16,13.12,0,Technical
T300139,2024-04-18,2024-04-19 15:23:02.335397578,Medium,Resolved,Agent_13,39.38,1,Technical
T300140,2024-04-12,2024-04-16 03:42:40.649011006,Medium,Closed,Agent_18,99.71,0,Billing
T300141,2023-03-02,2023-03-02 06:05:46.877438821,Low,Resolved,Agent_4,6.1,1,Technical
T300142,2023-06-16,2023-06-17 12:35:06.290029861,Medium,Resolved,Agent_12,36.59,1,Logistics
T300143,2025-07-16,2025-07-16 03:13:42.229904977,Medium,Resolved,Agent_11,3.23,1,Technical
T300144,2024-05-06,2024-05-06 04:02:33.782032289,Medium,Resolved,Agent_2,4.04,1,Other
T300145,2022-11-15,2022-11-15 01:00:00.000000000,Medium,Resolved,Agent_20,1.0,1,Technical
T300146,2023-06-02,2023-06-02 14:59:55.044284064,Medium,Resolved,Agent_16,15.0,1,Technical
T300147,2024-06-25,2024-06-25 01:36:52.109946908,High,Resolved,Agent_13,1.61,1,Logistics
T300148,2022-12-22,2022-12-22 05:08:20.328418239,High,Resolved,Agent_4,5.14,1,Technical
T300149,2025-05-18,2025-05-18 03:52:43.933958070,High,Resolved,Agent_2,3.88,1,Logistics
T300150,2022-12-27,2023-01-03 11:44:26.289391660,Low,Resolved,Agent_18,179.74,0,Other
T300151,2023-12-13,2023-12-15 03:32:17.687835494,Low,Resolved,Agent_1,51.54,1,Technical
T300152,2024-04-15,2024-04-15 06:20:27.141771674,High,Resolved,Agent_6,6.34,1,Technical
T300153,2023-10-23,2023-10-27 05:09:29.137250576,Low,Closed,Agent_20,101.16,0,Logistics
T300154,2024-09-30,2024-09-30 03:10:00.272844198,Low,Resolved,Agent_20,3.17,1,Logistics
T300155,2025-09-22,2025-09-22 09:45:52.071862550,Medium,Resolved,Agent_19,9.76,1,Technical
T300156,2024-09-04,2024-09-04 08:40:23.538401401,High,Resolved,Agent_10,8.67,1,Billing
T300157,2025-03-23,2025-03-23 01:00:00.000000000,High,Resolved,Agent_9,1.0,1,Other
T300158,2024-03-31,2024-03-31 03:47:01.714939208,Medium,Resolved,Agent_17,3.78,1,Technical
T300159,2024-09-11,2024-09-11 13:31:31.753527369,Critical,Resolved,Agent_15,13.53,0,Technical
T300160,2024-10-27,2024-10-27 04:45:06.762041218,Medium,Resolved,Agent_2,4.75,1,Other
T300161,2023-02-25,2023-02-27 13:07:11.198944163,Medium,Resolved,Agent_17,61.12,0,HR
T300162,2024-12-06,2024-12-06 04:50:53.391572694,Low,Resolved,Agent_7,4.85,1,Technical
T300163,2023-07-27,2023-07-31 09:10:35.485759476,Low,Resolved,Agent_16,105.18,0,Technical
T300164,2024-10-18,2024-10-18 07:15:19.078006304,High,Resolved,Agent_17,7.26,1,Logistics
T300165,2024-10-21,2024-10-22 16:52:35.269125413,Low,Resolved,Agent_1,40.88,1,Technical
T300166,2023-03-20,2023-03-20 07:56:17.647426327,Medium,Resolved,Agent_16,7.94,1,Technical
T300167,2023-03-24,2023-03-24 01:54:56.797556812,Critical,Resolved,Agent_4,1.92,1,Other
T300168,2023-06-10,2023-06-11 08:31:18.317368124,Low,Resolved,Agent_16,32.52,1,Technical
T300169,2024-12-20,2024-12-20 21:06:30.076263549,Low,Closed,Agent_3,21.11,1,Logistics
T300170,2025-04-10,2025-04-10 01:56:28.097032504,Medium,Resolved,Agent_1,1.94,1,Logistics
T300171,2024-06-10,2024-06-10 20:57:01.247315088,Low,Resolved,Agent_17,20.95,1,Logistics
T300172,2024-07-22,2024-07-22 07:03:19.592012078,Medium,Resolved,Agent_5,7.06,1,Other
T300173,2024-01-09,2024-01-12 18:56:47.537428191,Low,Resolved,Agent_3,90.95,0,Technical
T300174,2025-10-26,2025-10-27 19:45:43.992060838,Medium,Closed,Agent_19,43.76,1,Logistics
T300175,2025-08-26,2025-08-26 07:19:19.715468094,Low,Resolved,Agent_11,7.32,1,Logistics
T300176,2025-10-14,2025-10-16 14:51:37.048383659,Low,Resolved,Agent_15,62.86,1,Other
T300177,2023-11-18,2023-11-19 04:46:09.981115136,Low,Resolved,Agent_2,28.77,1,Logistics
T300178,2024-01-08,2024-01-12 01:22:56.197742852,Low,Resolved,Agent_7,97.38,0,HR
T300179,2025-10-30,2025-10-30 07:41:04.428700242,Medium,Closed,Agent_18,7.68,1,Billing
T300180,2024-02-23,2024-02-23 04:25:39.634611860,Low,Closed,Agent_1,4.43,1,Billing
T300181,2022-11-22,2022-11-23 14:41:10.395027150,Medium,Resolved,Agent_8,38.69,1,Billing
T300182,2024-05-14,2024-05-18 01:19:41.640093454,Low,Resolved,Agent_16,97.33,0,Billing
T300183,2024-08-09,2024-08-10 20:03:31.494601324,Medium,Resolved,Agent_15,44.06,1,Billing
T300184,2024-07-04,2024-07-04 04:47:35.495492798,High,Closed,Agent_4,4.79,1,Billing
T300185,2024-02-11,2024-02-11 01:30:17.567068865,Low,Resolved,Agent_13,1.5,1,Other
T300186,2024-10-12,2024-10-12 03:36:32.480478648,Medium,Closed,Agent_12,3.61,1,Technical
T300187,2025-02-23,2025-02-25 12:25:44.010447637,Medium,Resolved,Agent_9,60.43,0,Technical
T300188,2023-03-01,2023-03-01 10:51:50.301911349,Medium,Resolved,Agent_13,10.86,1,HR
T300189,2024-11-08,2024-11-08 12:43:55.224140057,Critical,Closed,Agent_11,12.73,0,Billing
T300190,2024-11-20,2024-11-23 22:53:04.952422017,Medium,Closed,Agent_12,94.88,0,Technical
T300191,2024-12-28,2024-12-29 00:10:40.613380736,Low,Resolved,Agent_4,24.18,1,Billing
T300192,2025-04-13,2025-04-14 11:57:16.054916889,Medium,Resolved,Agent_3,35.95,1,Billing
T300193,2025-08-03,2025-08-03 04:26:46.742915052,Medium,Resolved,Agent_5,4.45,1,Other
T300194,2023-05-06,2023-05-06 23:14:12.580348179,Low,Resolved,Agent_6,23.24,1,HR
T300195,2024-04-01,2024-04-03 10:37:37.708030394,Low,Resolved,Agent_4,58.63,1,HR
T300196,2024-09-12,2024-09-12 05:34:10.955054235,Medium,Resolved,Agent_1,5.57,1,HR
T300197,2025-07-28,2025-07-28 04:37:27.656865599,High,Resolved,Agent_5,4.62,1,Billing
T300198,2024-08-01,2024-08-01 19:54:47.564421621,Medium,Resolved,Agent_2,19.91,1,Logistics
T300199,2024-10-30,2024-10-31 04:12:08.575417740,Medium,Resolved,Agent_14,28.2,1,Logistics
T300200,2024-08-14,2024-08-14 05:17:49.437817989,High,Resolved,Agent_11,5.3,1,Other
T300201,2024-01-07,2024-01-07 11:20:58.064990451,Medium,Resolved,Agent_9,11.35,1,Technical
T300202,2024-08-05,2024-08-05 02:47:35.728977000,Medium,Resolved,Agent_8,2.79,1,Technical
T300203,2024-12-02,2024-12-04 01:40:07.099744780,High,Resolved,Agent_7,49.67,0,Technical
T300204,2025-04-08,2025-04-09 21:28:23.584484038,Low,Resolved,Agent_15,45.47,1,Technical
T300205,2023-02-09,2023-02-10 12:16:28.377139907,Low,Resolved,Agent_9,36.27,1,Logistics
T300206,2023-09-16,2023-09-16 01:25:28.635165583,Critical,Closed,Agent_10,1.42,1,Billing
T300207,2025-02-25,2025-02-25 08:02:01.961450120,High,Closed,Agent_18,8.03,1,Technical
T300208,2023-08-06,2023-08-06 07:06:55.876548274,High,Escalated,Agent_19,7.12,1,Logistics
T300209,2024-09-28,2024-09-28 14:21:34.800202218,Low,Resolved,Agent_2,14.36,1,Billing
T300210,2023-10-22,2023-10-22 14:11:09.845664685,Medium,Resolved,Agent_14,14.19,1,Technical
T300211,2025-04-13,2025-04-13 05:27:41.712688066,Medium,Closed,Agent_10,5.46,1,Other
T300212,2025-03-18,2025-03-20 11:27:18.891218311,Low,Resolved,Agent_5,59.46,1,Logistics
T300213,2024-01-04,2024-01-08 18:56:16.064161231,Low,Escalated,Agent_5,114.94,0,Logistics
T300214,2025-09-28,2025-09-28 01:00:00.000000000,Medium,Resolved,Agent_2,1.0,1,HR
T300215,2023-12-30,2023-12-31 15:00:01.454119793,Low,Resolved,Agent_13,39.0,1,Billing
T300216,2024-01-03,2024-01-03 07:54:27.946782413,Critical,Resolved,Agent_7,7.91,0,Billing
T300217,2024-01-29,2024-01-31 09:03:15.555853929,Medium,Resolved,Agent_15,57.05,0,Billing
T300218,2024-04-02,2024-04-02 10:39:06.260720044,Medium,Closed,Agent_15,10.65,1,Technical
T300219,2023-05-29,2023-05-31 09:02:34.624305050,Medium,Resolved,Agent_6,57.04,0,Technical
T300220,2024-06-13,2024-06-13 20:57:12.908973886,High,Resolved,Agent_7,20.95,1,Billing
T300221,2025-04-12,2025-04-12 17:52:38.706457679,Medium,Resolved,Agent_4,17.88,1,Billing
T300222,2025-03-16,2025-03-16 07:07:39.293232040,Medium,Resolved,Agent_4,7.13,1,HR
T300223,2024-01-18,2024-01-20 02:46:45.400246918,Low,Resolved,Agent_1,50.78,1,Technical
T300224,2023-04-25,2023-04-25 07:14:40.707846048,Medium,Closed,Agent_11,7.24,1,Other
T300225,2024-11-30,2024-11-30 20:35:32.922014302,Low,Resolved,Agent_5,20.59,1,Technical
T300226,2023-06-05,2023-06-05 15:06:04.052946030,Medium,Resolved,Agent_2,15.1,1,Logistics
T300227,2025-03-12,2025-03-13 09:04:37.642661801,Low,Resolved,Agent_5,33.08,1,HR
T300228,2024-06-26,2024-06-26 05:01:55.365288381,Medium,Resolved,Agent_5,5.03,1,HR
T300229,2025-01-28,2025-01-29 04:24:16.492187010,Medium,Resolved,Agent_20,28.4,1,Technical
T300230,2025-09-27,2025-10-01 19:37:45.527981516,Medium,Closed,Agent_13,115.63,0,Billing
T300231,2023-12-29,2023-12-29 13:25:04.948435365,Low,Resolved,Agent_12,13.42,1,Technical
T300232,2025-03-30,2025-03-30 19:24:27.143659236,Medium,Open,Agent_10,19.41,1,Logistics
T300233,2025-06-22,2025-06-22 07:16:38.541369482,High,Resolved,Agent_13,7.28,1,Technical
T300234,2025-04-26,2025-04-26 17:39:24.453539927,Low,Closed,Agent_9,17.66,1,Technical
T300235,2024-06-01,2024-06-02 02:07:43.396763067,Low,Resolved,Agent_5,26.13,1,Billing
T300236,2023-05-04,2023-05-06 15:20:04.015461706,Low,Escalated,Agent_6,63.33,1,Technical
T300237,2023-08-02,2023-08-03 01:42:48.671581162,Low,Resolved,Agent_17,25.71,1,Technical
T300238,2024-06-24,2024-06-24 08:28:52.215823381,High,Resolved,Agent_5,8.48,1,HR
T300239,2024-10-19,2024-10-19 15:34:01.770376790,Medium,Closed,Agent_11,15.57,1,Logistics
T300240,2024-04-13,2024-04-14 14:53:22.303328982,Low,Closed,Agent_6,38.89,1,Technical
T300241,2025-08-09,2025-08-09 04:07:48.168357039,High,Resolved,Agent_9,4.13,1,Logistics
T300242,2024-11-25,2024-11-26 10:12:41.767595084,Low,Resolved,Agent_12,34.21,1,Billing
T300243,2022-11-07,2022-11-07 06:57:08.743663082,Low,Escalated,Agent_4,6.95,1,Logistics
T300244,2023-05-07,2023-05-08 08:27:28.380690850,Medium,Closed,Agent_18,32.46,1,Billing
T300245,2024-03-13,2024-03-13 05:38:36.626446659,Low,Resolved,Agent_15,5.64,1,Logistics
T300246,2023-01-02,2023-01-05 01:46:21.090947947,Low,Resolved,Agent_4,73.77,0,Technical
T300247,2024-01-15,2024-01-18 11:48:39.701871353,Low,Resolved,Agent_14,83.81,0,Technical
T300248,2024-06-09,2024-06-09 01:00:00.000000000,Medium,Resolved,Agent_18,1.0,1,Technical
T300249,2023-11-14,2023-11-17 13:17:29.208330601,Low,Resolved,Agent_17,85.29,0,Billing
T300250,2023-08-22,2023-08-24 02:08:27.665454451,Low,Open,Agent_2,50.14,1,Technical
T300251,2024-01-14,2024-01-14 02:26:46.967402361,Medium,Closed,Agent_19,2.45,1,Other
T300252,2023-11-29,2023-12-05 04:12:48.825765478,Medium,Resolved,Agent_14,148.21,0,Technical
T300253,2024-11-06,2024-11-06 22:56:14.653494269,Medium,Resolved,Agent_4,22.94,1,Technical
T300254,2025-03-23,2025-03-24 00:35:17.771855810,Low,Resolved,Agent_2,24.59,1,Logistics
T300255,2024-10-04,2024-10-08 07:54:18.367116828,Low,Resolved,Agent_13,103.91,0,Technical
T300256,2023-02-07,2023-02-07 02:02:26.447922479,Low,Resolved,Agent_7,2.04,1,Technical
T300257,2025-04-01,2025-04-02 06:19:28.184866240,Medium,Resolved,Agent_8,30.32,1,Billing
T300258,2023-12-17,2023-12-17 03:43:26.252610910,Medium,Resolved,Agent_10,3.72,1,Logistics
T300259,2023-12-19,2023-12-19 19:17:52.470781461,Medium,Resolved,Agent_3,19.3,1,Logistics
T300260,2023-09-10,2023-09-10 02:25:14.447253545,Medium,Escalated,Agent_4,2.42,1,Other
T300261,2023-09-22,2023-09-24 06:33:53.561058832,Low,Resolved,Agent_6,54.56,1,Billing
T300262,2025-10-21,2025-10-21 15:00:30.648922222,Medium,Escalated,Agent_20,15.01,1,Billing
T300263,2023-03-09,2023-03-09 01:00:00.000000000,Low,Resolved,Agent_7,1.0,1,HR
T300264,2023-12-28,2023-12-28 03:33:20.189730735,Low,Closed,Agent_7,3.56,1,Logistics
T300265,2024-08-12,2024-08-13 05:08:22.958555235,Medium,Resolved,Agent_17,29.14,1,Other
T300266,2023-06-18,2023-06-19 00:28:34.586071891,Low,Resolved,Agent_6,24.48,1,Technical
T300267,2024-09-07,2024-09-09 05:31:47.926467464,Low,Closed,Agent_19,53.53,1,Technical
T300268,2024-10-16,2024-10-16 02:57:51.266078224,Critical,Open,Agent_18,2.96,1,Technical
T300269,2024-07-02,2024-07-02 05:23:13.692223901,High,Resolved,Agent_12,5.39,1,Billing
T300270,2023-10-04,2023-10-05 22:19:49.045134897,Medium,Resolved,Agent_19,46.33,1,Technical
T300271,2023-07-04,2023-07-07 20:37:31.439536415,Low,Resolved,Agent_11,92.63,0,Billing
T300272,2024-05-11,2024-05-13 12:33:08.727180709,Medium,Resolved,Agent_17,60.55,0,Technical
T300273,2023-05-23,2023-05-26 11:07:22.156855478,Low,Resolved,Agent_3,83.12,0,HR
T300274,2025-04-23,2025-04-23 06:32:35.218940313,Low,Closed,Agent_15,6.54,1,Technical
T300275,2024-09-04,2024-09-04 03:18:09.778601665,Low,Resolved,Agent_5,3.3,1,Billing
T300276,2024-11-05,2024-11-05 01:26:40.738238354,Medium,Resolved,Agent_4,1.44,1,Other
T300277,2023-08-11,2023-08-12 23:04:07.239680715,High,Resolved,Agent_1,47.07,0,Billing
T300278,2023-06-06,2023-06-06 08:20:43.582669282,High,Resolved,Agent_3,8.35,1,Technical
T300279,2024-05-26,2024-05-26 01:28:05.935731306,High,Resolved,Agent_10,1.47,1,HR
T300280,2023-05-01,2023-05-02 13:43:25.284616277,Low,Resolved,Agent_13,37.72,1,Technical
T300281,2025-07-01,2025-07-02 05:44:00.733507520,Medium,Closed,Agent_7,29.73,1,HR
T300282,2025-05-29,2025-05-29 01:00:00.000000000,Critical,Resolved,Agent_14,1.0,1,Technical
T300283,2023-05-27,2023-05-27 10:12:22.967619319,Medium,Resolved,Agent_13,10.21,1,Technical
T300284,2023-12-28,2023-12-28 09:59:09.019946779,Low,Resolved,Agent_5,9.99,1,HR
T300285,2023-03-19,2023-03-20 20:28:30.800826611,High,Resolved,Agent_11,44.48,0,Logistics
T300286,2023-05-22,2023-05-22 09:11:36.449268470,Medium,Resolved,Agent_14,9.19,1,Logistics
T300287,2023-07-12,2023-07-14 08:17:42.197149174,Low,Resolved,Agent_1,56.3,1,Technical
T300288,2024-05-22,2024-05-27 00:18:15.655754539,Low,Closed,Agent_5,120.3,0,Technical
T300289,2023-12-31,2024-01-03 23:28:44.739751767,Low,Resolved,Agent_3,95.48,0,Technical
T300290,2025-05-22,2025-05-22 12:01:11.927592486,Medium,Resolved,Agent_1,12.02,1,Billing
T300291,2025-06-26,2025-06-26 17:52:28.356905223,Low,Closed,Agent_17,17.87,1,Technical
T300292,2024-12-01,2024-12-02 15:45:45.912061546,Medium,Escalated,Agent_20,39.76,1,Technical
T300293,2024-05-22,2024-05-22 01:22:39.620539949,Critical,Resolved,Agent_12,1.38,1,Billing
T300294,2024-06-01,2024-06-01 15:09:40.774310841,High,Resolved,Agent_13,15.16,1,Billing
T300295,2023-06-19,2023-06-20 19:17:06.520141211,Medium,Resolved,Agent_6,43.29,1,Technical
T300296,2025-07-22,2025-07-23 21:24:23.258192126,Medium,Resolved,Agent_3,45.41,1,Logistics
T300297,2023-08-13,2023-08-13 01:00:00.000000000,Medium,Closed,Agent_11,1.0,1,Billing
T300298,2025-05-10,2025-05-10 08:18:52.790439765,High,Resolved,Agent_11,8.31,1,Technical
T300299,2022-12-24,2022-12-24 05:18:37.290327974,High,Resolved,Agent_10,5.31,1,Technical
T300300,2024-12-29,2025-01-01 20:33:28.882909199,Medium,Open,Agent_11,92.56,0,HR
T300301,2024-05-31,2024-06-01 13:42:02.154388270,Low,Closed,Agent_16,37.7,1,Logistics
T300302,2023-11-24,2023-11-25 02:46:00.806045475,Low,Resolved,Agent_20,26.77,1,Other
T300303,2025-09-02,2025-09-02 06:43:28.841780268,Medium,Resolved,Agent_10,6.72,1,Logistics
T300304,2023-10-09,2023-10-09 22:25:15.059074636,High,Resolved,Agent_12,22.42,1,Billing
T300305,2023-10-05,2023-10-05 09:14:01.353001859,Medium,Resolved,Agent_19,9.23,1,Technical
T300306,2022-11-24,2022-11-25 18:04:22.827097969,Medium,Resolved,Agent_9,42.07,1,Logistics
T300307,2025-09-24,2025-09-28 10:39:21.734687742,Low,Resolved,Agent_4,106.66,0,Technical
T300308,2024-06-08,2024-06-08 02:52:36.816515365,Low,Resolved,Agent_15,2.88,1,Technical
T300309,2023-12-27,2023-12-27 17:07:11.061992364,Medium,Closed,Agent_7,17.12,1,Logistics
T300310,2025-09-08,2025-09-08 03:16:20.035500695,Critical,Resolved,Agent_5,3.27,1,Technical
T300311,2023-11-13,2023-11-13 11:59:08.526511065,Medium,Resolved,Agent_19,11.99,1,Other
T300312,2023-03-08,2023-03-08 22:17:22.736408629,Low,Resolved,Agent_15,22.29,1,Technical
T300313,2024-01-07,2024-01-08 12:26:39.679633960,Low,Resolved,Agent_6,36.44,1,Logistics
T300314,2024-12-16,2024-12-16 06:41:44.465278680,Low,Resolved,Agent_20,6.7,1,Other
T300315,2025-01-22,2025-01-26 02:24:30.738126704,Low,Resolved,Agent_15,98.41,0,Logistics
T300316,2024-03-29,2024-03-30 15:11:15.087067616,Low,Resolved,Agent_17,39.19,1,Technical
T300317,2024-03-16,2024-03-16 02:33:29.107715997,Critical,Resolved,Agent_19,2.56,1,HR
T300318,2025-07-16,2025-07-16 03:20:28.142792527,High,Resolved,Agent_3,3.34,1,Technical
T300319,2023-12-22,2023-12-22 23:00:21.450629903,Medium,Resolved,Agent_18,23.01,1,Technical
T300320,2023-02-08,2023-02-09 13:05:05.616870002,Medium,Closed,Agent_10,37.08,1,HR
T300321,2025-03-28,2025-03-28 06:58:34.519715524,High,Resolved,Agent_15,6.98,1,Billing
T300322,2025-10-12,2025-10-16 04:02:37.189894119,Medium,Resolved,Agent_18,100.04,0,Technical
T300323,2024-01-02,2024-01-02 18:24:23.653092871,Medium,Resolved,Agent_15,18.41,1,Technical
T300324,2024-09-08,2024-09-11 20:36:59.787409359,Medium,Closed,Agent_19,92.62,0,Logistics
T300325,2023-03-29,2023-04-01 06:51:59.050335642,Medium,Resolved,Agent_20,78.87,0,Billing
T300326,2024-09-05,2024-09-05 05:29:38.091676032,Critical,Resolved,Agent_5,5.49,1,Logistics
T300327,2024-01-25,2024-01-25 20:53:47.376337742,Medium,Resolved,Agent_11,20.9,1,Technical
T300328,2024-04-17,2024-04-17 02:40:49.488314771,Medium,Resolved,Agent_9,2.68,1,Billing
T300329,2024-04-15,2024-04-20 07:09:10.399487564,Low,Closed,Agent_5,127.15,0,Other
T300330,2025-03-17,2025-03-17 09:45:13.314299950,Critical,Resolved,Agent_11,9.75,0,Technical
T300331,2024-10-23,2024-10-24 09:18:56.120812778,Low,Resolved,Agent_7,33.32,1,Technical
T300332,2025-03-13,2025-03-13 02:11:42.821041005,Critical,Resolved,Agent_2,2.2,1,Technical
T300333,2025-01-27,2025-01-27 21:52:56.747456883,High,Resolved,Agent_20,21.88,1,Logistics
T300334,2023-07-04,2023-07-04 04:08:08.018222741,High,Closed,Agent_20,4.14,1,Logistics
T300335,2023-04-03,2023-04-03 18:44:01.705864165,Medium,Closed,Agent_19,18.73,1,HR
T300336,2023-07-04,2023-07-04 05:19:12.969082057,Medium,Resolved,Agent_18,5.32,1,Technical
T300337,2025-01-23,2025-01-23 09:47:36.923851391,Critical,Resolved,Agent_16,9.79,0,Technical
T300338,2025-10-02,2025-10-02 08:23:08.011346710,Critical,Closed,Agent_1,8.39,0,Logistics
T300339,2023-11-28,2023-11-28 04:08:23.684435254,High,Closed,Agent_3,4.14,1,Logistics
T300340,2023-04-12,2023-04-12 05:59:31.207556228,Low,Closed,Agent_9,5.99,1,Logistics
T300341,2024-02-09,2024-02-09 09:21:15.954822999,Low,Closed,Agent_17,9.35,1,Logistics
T300342,2024-03-26,2024-03-26 11:29:47.182384061,High,Resolved,Agent_8,11.5,1,Billing
T300343,2025-02-25,2025-02-25 03:54:05.694229262,Medium,Resolved,Agent_16,3.9,1,Billing
T300344,2024-03-29,2024-03-29 18:31:14.369373768,Low,Resolved,Agent_12,18.52,1,Logistics
T300345,2023-03-26,2023-03-29 15:43:26.849255023,Low,Resolved,Agent_4,87.72,0,Technical
T300346,2023-08-23,2023-08-23 04:05:41.706890120,Low,Resolved,Agent_5,4.09,1,Technical
T300347,2025-01-15,2025-01-15 10:26:37.675453133,High,Resolved,Agent_7,10.44,1,Technical
T300348,2023-09-10,2023-09-10 12:15:10.336065546,Medium,Resolved,Agent_18,12.25,1,Technical
T300349,2024-05-22,2024-05-22 06:09:11.610563490,Low,Resolved,Agent_20,6.15,1,Technical
T300350,2023-08-07,2023-08-07 17:05:33.843728409,Medium,Resolved,Agent_14,17.09,1,Technical
T300351,2024-02-20,2024-02-20 08:43:26.592003255,High,Resolved,Agent_8,8.72,1,Logistics
T300352,2024-04-17,2024-04-17 22:47:52.042501263,Low,Resolved,Agent_13,22.8,1,Technical
T300353,2024-02-17,2024-02-17 02:43:54.283066059,Low,Closed,Agent_4,2.73,1,Logistics
T300354,2023-05-31,2023-05-31 05:33:44.459280902,Medium,Closed,Agent_12,5.56,1,Logistics
T300355,2024-10-28,2024-10-28 12:26:57.625424359,Medium,Resolved,Agent_3,12.45,1,Technical
T300356,2024-06-10,2024-06-10 01:56:52.561954327,Critical,Resolved,Agent_5,1.95,1,Technical
T300357,2024-02-23,2024-02-23 08:23:57.395597920,Low,Closed,Agent_4,8.4,1,Billing
T300358,2022-12-31,2023-01-01 08:02:08.997823439,Low,Closed,Agent_15,32.04,1,Billing
T300359,2024-12-11,2024-12-12 00:19:40.977817145,Low,Resolved,Agent_5,24.33,1,Billing
T300360,2024-06-10,2024-06-11 02:14:33.754457785,Medium,Resolved,Agent_9,26.24,1,Billing
T300361,2023-05-28,2023-05-28 09:51:48.727455678,High,Resolved,Agent_14,9.86,1,Logistics
T300362,2022-12-07,2022-12-07 08:55:44.829727449,Low,Resolved,Agent_16,8.93,1,Other
T300363,2024-06-27,2024-06-28 03:55:40.797338277,Medium,Closed,Agent_3,27.93,1,Billing
T300364,2023-12-17,2023-12-17 07:30:51.850128186,High,Resolved,Agent_15,7.51,1,Billing
T300365,2024-08-09,2024-08-09 05:46:49.474294485,Low,Resolved,Agent_18,5.78,1,HR
T300366,2024-11-04,2024-11-04 01:00:00.000000000,Medium,Resolved,Agent_18,1.0,1,Logistics
T300367,2025-04-30,2025-05-01 23:15:44.384700713,Low,Resolved,Agent_14,47.26,1,Technical
T300368,2024-03-21,2024-03-22 22:16:23.902492466,Low,Resolved,Agent_7,46.27,1,Other
T300369,2025-02-07,2025-02-10 10:26:09.252827631,Low,Resolved,Agent_20,82.44,0,Technical
T300370,2025-06-30,2025-07-01 10:29:43.369011535,Medium,Resolved,Agent_6,34.5,1,Logistics
T300371,2024-01-24,2024-01-28 04:47:03.676523798,Low,Open,Agent_16,100.78,0,Logistics
T300372,2023-02-28,2023-02-28 08:18:05.967254256,Medium,Closed,Agent_19,8.3,1,Technical
T300373,2024-07-26,2024-07-26 12:47:33.400061897,Medium,Resolved,Agent_9,12.79,1,Technical
T300374,2023-05-31,2023-05-31 01:32:03.116068495,Medium,Resolved,Agent_20,1.53,1,Technical
T300375,2023-08-11,2023-08-11 06:21:32.542748243,High,Resolved,Agent_1,6.36,1,Technical
T300376,2023-08-04,2023-08-04 11:54:42.239754892,Low,Resolved,Agent_18,11.91,1,Billing
T300377,2025-09-30,2025-10-01 15:16:23.527973816,Medium,Resolved,Agent_14,39.27,1,Technical
T300378,2025-06-26,2025-06-27 01:37:45.624758736,Medium,Resolved,Agent_14,25.63,1,Technical
T300379,2025-04-24,2025-04-27 01:02:54.214591819,Low,Closed,Agent_8,73.05,0,Technical
T300380,2024-04-26,2024-04-26 21:32:38.984255667,Medium,Resolved,Agent_17,21.54,1,Billing
T300381,2024-02-04,2024-02-05 19:44:06.155427273,Low,Closed,Agent_18,43.74,1,Logistics
T300382,2024-01-27,2024-01-27 12:52:20.383385719,Low,Resolved,Agent_15,12.87,1,Technical
T300383,2023-10-26,2023-10-28 05:11:23.508752364,Low,Resolved,Agent_10,53.19,1,HR
T300384,2025-05-22,2025-05-22 01:51:55.437681954,High,Resolved,Agent_20,1.87,1,HR
T300385,2025-10-02,2025-10-02 15:29:30.486134336,Low,Closed,Agent_16,15.49,1,Technical
T300386,2024-08-07,2024-08-07 09:31:21.276256749,Low,Resolved,Agent_7,9.52,1,Technical
T300387,2024-08-30,2024-09-01 23:39:59.563386012,Medium,Closed,Agent_17,71.67,0,Logistics
T300388,2023-05-25,2023-05-26 03:24:13.162091790,High,Resolved,Agent_5,27.4,0,Technical
T300389,2023-01-28,2023-02-01 03:45:01.038289475,Low,Escalated,Agent_18,99.75,0,HR
T300390,2025-05-24,2025-05-25 14:40:43.042481497,High,Resolved,Agent_14,38.68,0,Technical
T300391,2025-09-26,2025-09-27 21:31:03.214465564,Low,Escalated,Agent_18,45.52,1,Logistics
T300392,2023-11-09,2023-11-11 06:01:19.617059450,Medium,Resolved,Agent_18,54.02,0,Logistics
T300393,2023-11-27,2023-11-27 16:33:55.199802894,Low,Resolved,Agent_15,16.57,1,Billing
T300394,2024-10-11,2024-10-11 23:18:55.786080345,Low,Resolved,Agent_11,23.32,1,Technical
T300395,2025-07-21,2025-07-21 15:06:00.294019504,Medium,Resolved,Agent_5,15.1,1,Billing
T300396,2022-12-25,2022-12-25 04:29:43.931247686,Low,Resolved,Agent_16,4.5,1,Technical
T300397,2025-06-01,2025-06-04 11:34:42.485860419,Low,Resolved,Agent_8,83.58,0,Technical
T300398,2024-11-24,2024-11-24 03:02:43.915896209,Medium,Open,Agent_13,3.05,1,Technical
T300399,2024-06-08,2024-06-08 09:38:46.445024171,Critical,Resolved,Agent_17,9.65,0,HR
T300400,2023-09-10,2023-09-15 02:36:30.561505866,Low,Resolved,Agent_9,122.61,0,Billing
T300401,2022-11-16,2022-11-17 16:16:08.530195357,Low,Resolved,Agent_15,40.27,1,Logistics
T300402,2022-11-29,2022-11-29 04:21:13.290094801,Medium,Resolved,Agent_7,4.35,1,Billing
T300403,2024-12-15,2024-12-15 13:46:29.607470074,Medium,Resolved,Agent_18,13.77,1,Billing
T300404,2023-10-22,2023-10-22 03:35:15.988219766,Medium,Escalated,Agent_14,3.59,1,Other
T300405,2024-09-25,2024-09-25 03:02:30.397218670,Medium,Resolved,Agent_8,3.04,1,Billing
T300406,2024-05-17,2024-05-18 09:51:42.504937690,Medium,Closed,Agent_2,33.86,1,Billing
T300407,2024-03-25,2024-03-25 23:57:56.801404061,Low,Resolved,Agent_18,23.97,1,Technical
T300408,2023-10-13,2023-10-13 01:00:00.000000000,High,Resolved,Agent_4,1.0,1,Technical
T300409,2025-02-22,2025-02-22 02:23:04.398088056,Low,Closed,Agent_2,2.38,1,Technical
T300410,2025-05-10,2025-05-13 09:42:53.958536636,Low,Resolved,Agent_10,81.71,0,Billing
T300411,2022-11-25,2022-11-26 22:24:21.351592131,Low,Escalated,Agent_6,46.41,1,Technical
T300412,2023-01-31,2023-02-03 17:20:15.512301779,Low,Resolved,Agent_11,89.34,0,Technical
T300413,2023-09-25,2023-09-25 15:20:53.292629247,Low,Resolved,Agent_20,15.35,1,Logistics
T300414,2025-06-29,2025-06-29 09:03:22.696627233,Medium,Escalated,Agent_10,9.06,1,HR
T300415,2024-06-24,2024-06-24 23:01:30.895456743,Medium,Resolved,Agent_17,23.03,1,Technical
T300416,2023-10-08,2023-10-08 13:07:44.387431558,High,Closed,Agent_8,13.13,1,Technical
T300417,2025-04-15,2025-04-15 01:00:00.000000000,Medium,Resolved,Agent_6,1.0,1,Technical
T300418,2023-12-01,2023-12-05 18:07:06.754061934,Low,Closed,Agent_16,114.12,0,Billing
T300419,2024-04-25,2024-04-26 14:31:34.644244690,Medium,Resolved,Agent_10,38.53,1,HR
T300420,2024-04-09,2024-04-09 06:47:14.946892712,Low,Resolved,Agent_19,6.79,1,Logistics
T300421,2023-12-14,2023-12-14 01:00:00.000000000,Low,Resolved,Agent_4,1.0,1,Billing
T300422,2025-04-01,2025-04-01 08:47:46.703453382,Critical,Resolved,Agent_2,8.8,0,Technical
T300423,2023-01-10,2023-01-12 07:57:47.386793061,Medium,Resolved,Agent_20,55.96,0,Technical
T300424,2024-04-28,2024-04-28 09:19:49.130580404,Medium,Resolved,Agent_2,9.33,1,HR
T300425,2025-01-27,2025-01-27 04:38:31.614721567,High,Resolved,Agent_12,4.64,1,Logistics
T300426,2024-06-24,2024-06-25 10:41:43.356712200,Low,Resolved,Agent_4,34.7,1,Technical
T300427,2025-04-03,2025-04-04 02:56:29.700534996,Medium,Resolved,Agent_16,26.94,1,Billing
T300428,2025-02-24,2025-02-25 01:02:11.240234102,Medium,Resolved,Agent_2,25.04,1,Technical
T300429,2024-12-26,2024-12-26 16:45:45.200222715,High,Resolved,Agent_16,16.76,1,HR
T300430,2025-06-09,2025-06-09 05:48:32.343315064,Low,Resolved,Agent_15,5.81,1,Technical
T300431,2022-11-01,2022-11-01 04:24:05.417445443,Critical,Closed,Agent_14,4.4,1,Billing
T300432,2024-05-02,2024-05-03 09:52:57.221868422,Low,Closed,Agent_11,33.88,1,Billing
T300433,2025-06-25,2025-06-27 23:49:38.843445639,Medium,Resolved,Agent_15,71.83,0,Technical
T300434,2024-06-13,2024-06-18 00:11:50.251017234,Low,Resolved,Agent_6,120.2,0,Billing
T300435,2023-03-14,2023-03-14 16:39:03.624892002,High,Resolved,Agent_16,16.65,1,Logistics
T300436,2025-03-18,2025-03-22 04:33:14.892494273,Low,Closed,Agent_1,100.55,0,Technical
T300437,2025-09-11,2025-09-12 08:51:15.766878616,Medium,Resolved,Agent_11,32.85,1,HR
T300438,2024-10-30,2024-10-30 15:17:46.580675382,High,Resolved,Agent_14,15.3,1,Logistics
T300439,2025-10-31,2025-10-31 11:39:46.168626791,Low,Resolved,Agent_2,11.66,1,Technical
T300440,2024-04-04,2024-04-05 22:05:53.659088464,Low,Resolved,Agent_16,46.1,1,Logistics
T300441,2025-04-27,2025-05-01 22:55:42.975134461,Low,Resolved,Agent_4,118.93,0,Technical
T300442,2025-01-04,2025-01-06 18:34:11.197173510,Low,Resolved,Agent_14,66.57,1,Billing
T300443,2024-03-15,2024-03-15 22:16:33.706306846,Medium,Closed,Agent_16,22.28,1,Other
T300444,2023-07-09,2023-07-09 07:10:02.726747498,Medium,Resolved,Agent_15,7.17,1,Technical
T300445,2025-04-23,2025-04-25 06:29:21.916381850,Low,Escalated,Agent_2,54.49,1,Billing
T300446,2022-11-08,2022-11-08 10:13:49.682911493,Medium,Resolved,Agent_13,10.23,1,Technical
T300447,2023-02-16,2023-02-16 03:14:16.897904986,Low,Closed,Agent_17,3.24,1,Billing
T300448,2025-01-25,2025-01-25 03:16:58.823387297,High,Closed,Agent_20,3.28,1,Technical
T300449,2024-04-06,2024-04-06 05:54:59.321842012,High,Resolved,Agent_10,5.92,1,Billing
T300450,2023-11-21,2023-11-26 16:53:46.698178551,Medium,Resolved,Agent_15,136.9,0,Technical
T300451,2023-05-02,2023-05-02 17:07:52.456268358,High,Resolved,Agent_17,17.13,1,Logistics
T300452,2025-05-10,2025-05-10 03:56:05.334796268,High,Resolved,Agent_8,3.93,1,HR
T300453,2025-08-11,2025-08-12 10:29:27.504880038,Medium,Resolved,Agent_2,34.49,1,Technical
T300454,2025-09-01,2025-09-01 02:39:20.337814155,Critical,Closed,Agent_1,2.66,1,Technical
T300455,2023-05-17,2023-05-17 05:37:03.471854049,Critical,Resolved,Agent_5,5.62,1,Billing
T300456,2022-12-07,2022-12-09 21:26:49.128023804,Low,Escalated,Agent_3,69.45,1,Billing
T300457,2025-04-11,2025-04-12 08:24:25.067919431,Medium,Resolved,Agent_11,32.41,1,Technical
T300458,2023-12-26,2023-12-26 07:14:28.861643709,Low,Resolved,Agent_16,7.24,1,HR
T300459,2025-08-28,2025-08-29 17:54:18.792096836,Medium,Resolved,Agent_9,41.91,1,Billing
T300460,2023-04-14,2023-04-16 13:30:55.594018612,Medium,Resolved,Agent_4,61.52,0,Technical
T300461,2023-02-28,2023-02-28 03:11:23.296308021,High,Resolved,Agent_9,3.19,1,Other
T300462,2024-11-13,2024-11-13 09:35:26.000778310,Medium,Resolved,Agent_14,9.59,1,Logistics
T300463,2023-11-07,2023-11-09 18:48:41.246607214,Medium,Resolved,Agent_10,66.81,0,Billing
T300464,2023-06-21,2023-06-29 05:31:33.325055357,Low,Resolved,Agent_16,197.53,0,Technical
T300465,2023-08-14,2023-08-15 05:00:09.340247177,Low,Resolved,Agent_9,29.0,1,Other
T300466,2024-11-07,2024-11-07 01:00:00.000000000,Medium,Resolved,Agent_3,1.0,1,Technical
T300467,2024-01-26,2024-01-27 08:25:02.189138654,High,Open,Agent_1,32.42,0,Technical
T300468,2024-08-18,2024-08-18 01:00:00.000000000,Medium,Resolved,Agent_20,1.0,1,Technical
T300469,2025-09-28,2025-09-28 04:48:34.136490865,High,Resolved,Agent_11,4.81,1,Technical
T300470,2025-06-22,2025-06-22 01:07:39.502447957,High,Resolved,Agent_20,1.13,1,Technical
T300471,2023-11-07,2023-11-08 10:24:43.132226546,Low,Resolved,Agent_20,34.41,1,Logistics
T300472,2024-05-02,2024-05-02 01:50:17.703926724,Low,Resolved,Agent_1,1.84,1,Technical
T300473,2025-07-30,2025-07-30 06:07:48.319061338,Medium,Open,Agent_5,6.13,1,Logistics
T300474,2024-02-19,2024-02-20 05:28:27.395120739,Low,Resolved,Agent_9,29.47,1,Technical
T300475,2023-05-30,2023-05-30 03:41:56.756242602,Low,Resolved,Agent_3,3.7,1,Technical
T300476,2023-12-10,2023-12-11 07:25:39.234887175,Low,Resolved,Agent_12,31.43,1,Logistics
T300477,2024-06-26,2024-06-26 14:47:09.296800414,Low,Resolved,Agent_18,14.79,1,Other
T300478,2024-07-04,2024-07-04 07:27:06.479424351,Medium,Resolved,Agent_2,7.45,1,HR
T300479,2024-06-03,2024-06-08 12:43:41.379832521,Low,Resolved,Agent_10,132.73,0,Billing
T300480,2022-11-25,2022-11-27 08:15:08.248086869,Low,Resolved,Agent_7,56.25,1,Technical
T300481,2024-07-19,2024-07-24 07:17:21.448154241,Low,Resolved,Agent_18,127.29,0,Logistics
T300482,2023-10-07,2023-10-07 20:34:29.911354580,Medium,Resolved,Agent_16,20.57,1,Technical
T300483,2023-05-31,2023-06-02 09:02:53.693680158,Medium,Resolved,Agent_13,57.05,0,Logistics
T300484,2025-05-02,2025-05-02 10:53:59.316911615,Critical,Resolved,Agent_1,10.9,0,Other
T300485,2024-06-10,2024-06-22 06:40:35.823539330,Low,Closed,Agent_7,294.68,0,Technical
T300486,2023-08-23,2023-08-24 09:34:11.745960009,Low,Resolved,Agent_11,33.57,1,Logistics
T300487,2025-08-06,2025-08-07 04:35:14.715888126,Medium,Resolved,Agent_6,28.59,1,Billing
T300488,2024-01-01,2024-01-01 08:24:25.973613761,Low,Closed,Agent_5,8.41,1,HR
T300489,2025-06-23,2025-06-25 19:19:10.326537950,Medium,Resolved,Agent_10,67.32,0,Logistics
T300490,2025-05-01,2025-05-01 06:06:17.584052751,High,Closed,Agent_3,6.1,1,Technical
T300491,2022-12-25,2022-12-29 23:15:22.947454192,Low,Resolved,Agent_15,119.26,0,HR
T300492,2024-12-04,2024-12-04 05:05:43.174760853,Low,Open,Agent_12,5.1,1,Logistics
T300493,2025-03-30,2025-03-31 10:45:29.878966804,Low,Resolved,Agent_5,34.76,1,Technical
T300494,2025-02-14,2025-02-14 01:00:00.000000000,Low,Resolved,Agent_14,1.0,1,Other
T300495,2024-05-15,2024-05-16 01:49:06.645661923,Low,Resolved,Agent_12,25.82,1,Billing
T300496,2024-10-25,2024-10-25 04:10:07.389983008,Low,Resolved,Agent_11,4.17,1,Other
T300497,2022-11-04,2022-11-04 14:18:44.343822183,Medium,Resolved,Agent_13,14.31,1,Billing
T300498,2023-10-30,2023-10-31 14:57:01.787011889,Low,Open,Agent_10,38.95,1,Technical
T300499,2024-11-22,2024-11-25 19:47:39.197242147,Low,Resolved,Agent_10,91.79,0,Technical
T300500,2025-08-19,2025-08-19 08:24:14.782709595,Medium,Resolved,Agent_14,8.4,1,Technical
T300501,2023-12-31,2023-12-31 20:04:40.113614253,Medium,Resolved,Agent_20,20.08,1,Logistics
T300502,2023-12-04,2023-12-04 01:39:01.560093081,Medium,Closed,Agent_16,1.65,1,Billing
T300503,2025-06-11,2025-06-13 10:44:38.528898074,Medium,Resolved,Agent_12,58.74,0,Other
T300504,2023-08-31,2023-08-31 14:25:25.431880350,Medium,Closed,Agent_18,14.42,1,Technical
T300505,2025-02-17,2025-02-17 06:59:14.618797970,Medium,Resolved,Agent_4,6.99,1,Technical
T300506,2023-02-12,2023-02-12 14:55:56.971040685,Medium,Open,Agent_10,14.93,1,HR
T300507,2023-10-30,2023-10-31 07:31:39.672844292,Low,Closed,Agent_1,31.53,1,Logistics
T300508,2024-05-20,2024-05-20 08:09:32.395195160,Critical,Resolved,Agent_18,8.16,0,Logistics
T300509,2025-01-08,2025-01-15 08:15:19.019068514,Low,Resolved,Agent_15,176.26,0,Billing
T300510,2024-09-06,2024-09-06 02:28:17.939257114,High,Resolved,Agent_17,2.47,1,Logistics
T300511,2023-11-03,2023-11-03 02:41:22.755081447,Low,Resolved,Agent_1,2.69,1,Technical
T300512,2024-10-25,2024-10-26 01:35:25.119606131,Medium,Closed,Agent_14,25.59,1,Other
T300513,2024-10-15,2024-10-17 03:49:11.767262747,Medium,Closed,Agent_12,51.82,0,Logistics
T300514,2025-02-02,2025-02-03 15:57:36.866043198,Low,Escalated,Agent_11,39.96,1,HR
T300515,2023-01-31,2023-01-31 01:59:51.960817897,Medium,Resolved,Agent_20,2.0,1,Logistics
T300516,2024-07-16,2024-07-16 13:08:49.231561994,Medium,Closed,Agent_19,13.15,1,Technical
T300517,2023-04-18,2023-04-20 03:02:41.839366178,Low,Resolved,Agent_4,51.04,1,Logistics
T300518,2023-11-22,2023-11-22 19:04:59.731113667,Low,Open,Agent_17,19.08,1,Technical
T300519,2023-02-09,2023-02-12 17:27:32.560752924,Low,Resolved,Agent_18,89.46,0,Billing
T300520,2025-08-05,2025-08-05 12:12:57.074275538,Low,Resolved,Agent_4,12.22,1,Technical
T300521,2023-05-12,2023-05-12 21:45:36.259754384,Low,Resolved,Agent_1,21.76,1,Technical
T300522,2025-03-19,2025-03-19 14:53:33.381513725,Critical,Resolved,Agent_6,14.89,0,Logistics
T300523,2024-10-19,2024-10-19 20:27:15.234698412,Medium,Resolved,Agent_7,20.45,1,Technical
T300524,2025-06-20,2025-06-20 01:00:00.000000000,Medium,Escalated,Agent_1,1.0,1,Logistics
T300525,2025-07-02,2025-07-02 06:42:49.719229229,Medium,Closed,Agent_6,6.71,1,HR
T300526,2023-06-16,2023-06-16 08:23:52.394637383,Critical,Resolved,Agent_3,8.4,0,Technical
T300527,2023-10-27,2023-10-27 01:16:58.220571772,Medium,Resolved,Agent_16,1.28,1,Technical
T300528,2022-12-13,2022-12-17 23:16:38.759672470,Medium,Open,Agent_2,119.28,0,Billing
T300529,2023-04-30,2023-05-04 13:31:45.586210441,Low,Resolved,Agent_2,109.53,0,Billing
T300530,2024-03-25,2024-03-25 06:04:51.998184999,Medium,Resolved,Agent_11,6.08,1,Billing
T300531,2024-02-05,2024-02-07 06:12:24.289836576,Medium,Resolved,Agent_20,54.21,0,Technical
T300532,2023-08-13,2023-08-15 09:42:23.526424174,Low,Resolved,Agent_11,57.71,1,Logistics
T300533,2025-09-26,2025-09-26 13:17:45.212986406,Medium,Resolved,Agent_8,13.3,1,Billing
T300534,2025-05-21,2025-05-21 10:28:42.611578292,Low,Resolved,Agent_19,10.48,1,Billing
T300535,2023-07-15,2023-07-15 10:43:24.880146297,Low,Resolved,Agent_15,10.72,1,Other
T300536,2024-04-05,2024-04-06 19:16:33.945273221,Low,Closed,Agent_20,43.28,1,Other
T300537,2024-11-19,2024-11-19 12:54:39.679697288,Medium,Closed,Agent_14,12.91,1,Logistics
T300538,2025-09-15,2025-09-15 21:42:18.137747790,Medium,Resolved,Agent_18,21.71,1,Billing
T300539,2024-08-18,2024-08-18 19:14:28.446981571,Low,Resolved,Agent_20,19.24,1,HR
T300540,2023-09-16,2023-09-16 06:16:30.277358656,Medium,Resolved,Agent_5,6.28,1,Technical
T300541,2024-11-03,2024-11-04 19:28:14.813633221,Medium,Escalated,Agent_2,43.47,1,Billing
T300542,2023-12-16,2023-12-21 01:15:40.000987681,Low,Resolved,Agent_2,121.26,0,Technical
T300543,2024-02-02,2024-02-02 14:39:35.374536079,High,Resolved,Agent_2,14.66,1,Billing
T300544,2023-10-05,2023-10-05 08:27:35.430902634,Low,Resolved,Agent_2,8.46,1,Other
T300545,2023-06-16,2023-06-16 04:38:56.169250536,Low,Open,Agent_9,4.65,1,HR
T300546,2023-11-01,2023-11-02 13:10:40.306561391,Low,Resolved,Agent_12,37.18,1,Technical
T300547,2024-01-08,2024-01-08 19:10:58.713193115,Medium,Closed,Agent_20,19.18,1,Technical
T300548,2025-03-07,2025-03-09 00:56:17.700684722,Low,Resolved,Agent_18,48.94,1,Technical
T300549,2024-01-23,2024-01-25 08:47:30.775609279,Medium,Escalated,Agent_3,56.79,0,HR
T300550,2024-03-21,2024-03-21 12:29:18.386305753,High,Resolved,Agent_19,12.49,1,Technical
T300551,2023-01-01,2023-01-05 22:58:36.499729866,Low,Resolved,Agent_16,118.98,0,Billing
T300552,2023-05-06,2023-05-06 01:30:09.516187871,High,Closed,Agent_11,1.5,1,Technical
T300553,2025-04-10,2025-04-11 05:38:48.450068735,Medium,Open,Agent_15,29.65,1,Technical
T300554,2025-02-28,2025-03-05 05:55:16.481181864,Low,Resolved,Agent_11,125.92,0,Other
T300555,2024-06-30,2024-06-30 14:54:48.577331632,Medium,Resolved,Agent_10,14.91,1,Other
T300556,2023-07-12,2023-07-18 20:30:09.899143644,Low,Closed,Agent_19,164.5,0,Technical
T300557,2024-06-01,2024-06-01 19:17:54.961763144,Medium,Resolved,Agent_5,19.3,1,Billing
T300558,2023-09-10,2023-09-11 10:22:15.629761950,High,Escalated,Agent_14,34.37,0,Technical
T300559,2025-08-02,2025-08-02 08:16:56.309820078,Critical,Resolved,Agent_9,8.28,0,Logistics
T300560,2024-01-05,2024-01-06 05:22:41.955245684,Low,Resolved,Agent_6,29.38,1,Technical
T300561,2023-06-10,2023-06-10 01:40:29.536085476,Low,Escalated,Agent_1,1.67,1,Technical
T300562,2023-09-14,2023-09-14 12:51:14.439997841,High,Resolved,Agent_12,12.85,1,Billing
T300563,2024-11-29,2024-11-29 07:02:30.038300509,Medium,Resolved,Agent_14,7.04,1,Technical
T300564,2024-12-05,2024-12-05 08:10:27.672595057,Medium,Resolved,Agent_4,8.17,1,Logistics
T300565,2024-10-27,2024-10-27 01:00:00.000000000,Medium,Resolved,Agent_15,1.0,1,Technical
T300566,2023-01-11,2023-01-11 19:34:32.971774652,Medium,Closed,Agent_17,19.58,1,Technical
T300567,2025-07-17,2025-07-17 08:11:45.336051763,Medium,Closed,Agent_20,8.2,1,Logistics
T300568,2024-01-30,2024-02-01 00:28:13.406069777,High,Resolved,Agent_12,48.47,0,Logistics
T300569,2024-07-02,2024-07-04 18:21:07.129453300,Low,Resolved,Agent_1,66.35,1,Billing
T300570,2024-06-19,2024-06-19 10:37:00.652564911,Medium,Closed,Agent_13,10.62,1,Technical
T300571,2025-02-14,2025-02-14 08:22:14.216543151,Medium,Resolved,Agent_10,8.37,1,HR
T300572,2025-05-27,2025-05-27 15:03:43.443582125,High,Closed,Agent_4,15.06,1,Technical
T300573,2025-04-08,2025-04-08 03:31:10.917689867,High,Closed,Agent_6,3.52,1,Logistics
T300574,2024-12-24,2024-12-25 04:31:20.843523354,Low,Resolved,Agent_9,28.52,1,Technical
T300575,2024-04-01,2024-04-01 04:11:43.776066800,Medium,Resolved,Agent_18,4.2,1,Billing
T300576,2025-02-20,2025-02-20 01:45:32.577762505,Critical,Closed,Agent_2,1.76,1,Billing
T300577,2022-12-08,2022-12-08 04:58:16.554324797,Low,Resolved,Agent_6,4.97,1,Technical
T300578,2023-09-15,2023-09-15 06:41:07.912959952,High,Resolved,Agent_11,6.69,1,Technical
T300579,2024-08-01,2024-08-03 14:44:37.752942892,Medium,Closed,Agent_13,62.74,0,HR
T300580,2023-03-20,2023-03-20 05:06:11.544590234,Low,Resolved,Agent_6,5.1,1,Technical
T300581,2025-05-06,2025-05-06 06:54:02.727270562,High,Resolved,Agent_12,6.9,1,Logistics
T300582,2024-01-01,2024-01-01 04:15:04.957316611,High,Resolved,Agent_19,4.25,1,Logistics
T300583,2025-03-04,2025-03-04 21:38:40.535977124,Low,Resolved,Agent_18,21.64,1,Technical
T300584,2023-06-03,2023-06-04 11:25:39.967361579,Medium,Resolved,Agent_19,35.43,1,Logistics
T300585,2024-08-06,2024-08-07 03:24:29.824034713,Low,Resolved,Agent_12,27.41,1,Logistics
T300586,2024-04-24,2024-04-26 02:26:43.546133262,Low,Resolved,Agent_20,50.45,1,Technical
T300587,2025-03-25,2025-04-01 03:57:58.031426079,Low,Resolved,Agent_13,171.97,0,Billing
T300588,2023-11-24,2023-11-25 21:59:56.551266646,Low,Open,Agent_20,46.0,1,Other
T300589,2023-04-01,2023-04-01 02:28:09.843632356,Critical,Closed,Agent_4,2.47,1,Logistics
T300590,2024-11-16,2024-11-16 12:09:58.412484264,Medium,Closed,Agent_6,12.17,1,Logistics
T300591,2023-03-13,2023-03-14 04:34:13.032918888,Medium,Resolved,Agent_13,28.57,1,Logistics
T300592,2024-11-11,2024-11-13 08:53:33.372508167,Low,Resolved,Agent_10,56.89,1,Logistics
T300593,2025-09-24,2025-09-24 11:01:00.074613689,Medium,Resolved,Agent_3,11.02,1,Technical
T300594,2024-06-14,2024-06-16 13:52:27.797982130,Low,Resolved,Agent_9,61.87,1,Other
T300595,2025-03-16,2025-03-16 19:11:41.699601579,Medium,Resolved,Agent_15,19.19,1,Logistics
T300596,2024-11-23,2024-11-30 20:47:48.363070156,Low,Resolved,Agent_5,188.8,0,HR
T300597,2023-10-10,2023-10-14 18:34:26.199426382,Low,Resolved,Agent_9,114.57,0,Technical
T300598,2024-02-27,2024-02-27 20:50:14.074386859,High,Resolved,Agent_15,20.84,1,Other
T300599,2023-11-23,2023-11-23 01:40:37.238151183,Low,Resolved,Agent_13,1.68,1,Logistics
T300600,2024-04-28,2024-04-28 11:29:22.876306739,Medium,Resolved,Agent_3,11.49,1,Logistics
T300601,2025-03-08,2025-03-09 16:52:45.708167910,Low,Resolved,Agent_19,40.88,1,Billing
T300602,2025-05-06,2025-05-07 11:23:32.689987906,Low,Resolved,Agent_2,35.39,1,Logistics
T300603,2024-09-29,2024-10-01 21:13:12.263391093,Low,Resolved,Agent_18,69.22,1,Technical
T300604,2025-08-31,2025-09-01 04:46:25.715159360,High,Resolved,Agent_14,28.77,0,Logistics
T300605,2024-06-03,2024-06-03 18:33:56.209346056,High,Open,Agent_13,18.57,1,Technical
T300606,2023-03-11,2023-03-11 11:56:18.679544208,Low,Resolved,Agent_8,11.94,1,Billing
T300607,2023-11-01,2023-11-01 15:57:16.800378675,Medium,Open,Agent_10,15.95,1,Technical
T300608,2023-12-26,2023-12-26 12:00:20.268597172,Medium,Closed,Agent_2,12.01,1,Technical
T300609,2023-12-29,2023-12-31 21:45:28.846602032,Low,Resolved,Agent_10,69.76,1,Logistics
T300610,2023-04-11,2023-04-15 12:14:19.990173614,Low,Resolved,Agent_2,108.24,0,Technical
T300611,2023-02-03,2023-02-03 08:06:45.991997292,Medium,Resolved,Agent_4,8.11,1,Technical
T300612,2025-02-12,2025-02-12 16:06:32.481522981,Medium,Open,Agent_9,16.11,1,Logistics
T300613,2023-06-09,2023-06-11 15:11:24.968495560,Low,Closed,Agent_10,63.19,1,Logistics
T300614,2024-02-06,2024-02-06 01:13:47.463601218,Medium,Resolved,Agent_4,1.23,1,Other
T300615,2025-05-19,2025-05-19 19:47:33.684654278,Critical,Resolved,Agent_3,19.79,0,Technical
T300616,2024-09-11,2024-09-14 05:14:39.729155427,Low,Resolved,Agent_7,77.24,0,Logistics
T300617,2024-08-18,2024-08-19 13:33:46.533036182,Low,Resolved,Agent_16,37.56,1,Billing
T300618,2023-08-13,2023-08-13 18:05:46.133144263,High,Closed,Agent_5,18.1,1,HR
T300619,2025-01-28,2025-01-31 14:53:00.794425705,Low,Resolved,Agent_13,86.88,0,Logistics
T300620,2024-01-30,2024-01-30 16:20:29.172480056,Medium,Resolved,Agent_10,16.34,1,Logistics
T300621,2025-05-07,2025-05-07 13:55:07.378112347,Medium,Resolved,Agent_2,13.92,1,Billing
T300622,2023-08-02,2023-08-05 15:16:47.456982202,Low,Resolved,Agent_16,87.28,0,Other
T300623,2022-12-07,2022-12-10 22:15:39.923000385,Low,Resolved,Agent_20,94.26,0,Other
T300624,2024-01-17,2024-01-17 03:10:01.696454540,Medium,Resolved,Agent_1,3.17,1,Technical
T300625,2025-03-24,2025-03-28 18:26:38.698924635,Low,Resolved,Agent_6,114.44,0,Technical
T300626,2025-09-25,2025-09-25 03:53:19.440920006,High,Resolved,Agent_19,3.89,1,HR
T300627,2023-01-07,2023-01-08 02:24:09.988459695,Medium,Resolved,Agent_1,26.4,1,Technical
T300628,2023-10-26,2023-10-28 11:18:14.299011287,Low,Resolved,Agent_5,59.3,1,Technical
T300629,2024-10-17,2024-10-17 15:44:59.186499672,Low,Escalated,Agent_12,15.75,1,Logistics
T300630,2025-06-05,2025-06-05 04:21:06.853025829,High,Escalated,Agent_17,4.35,1,Logistics
T300631,2024-02-25,2024-02-26 05:24:17.169440937,Medium,Resolved,Agent_19,29.4,1,Technical
T300632,2023-08-16,2023-08-16 04:37:08.889293035,Medium,Resolved,Agent_8,4.62,1,Technical
T300633,2023-01-29,2023-02-01 21:49:56.918767042,Low,Closed,Agent_10,93.83,0,Technical
T300634,2023-05-31,2023-05-31 06:03:08.381095879,Medium,Resolved,Agent_3,6.05,1,HR
T300635,2024-05-28,2024-05-28 05:11:27.815749179,High,Resolved,Agent_9,5.19,1,HR
T300636,2025-10-31,2025-10-31 07:26:36.416277074,Medium,Resolved,Agent_7,7.44,1,Logistics
T300637,2025-02-25,2025-02-25 13:30:31.477662921,Low,Resolved,Agent_6,13.51,1,Technical
T300638,2023-08-17,2023-08-18 22:16:57.361345412,High,Closed,Agent_15,46.28,0,Logistics
T300639,2023-11-02,2023-11-02 14:01:19.123074767,Low,Closed,Agent_13,14.02,1,Technical
T300640,2022-11-27,2022-11-27 20:43:28.989415361,Medium,Closed,Agent_14,20.72,1,Logistics
T300641,2023-12-25,2023-12-25 16:24:57.103403149,High,Resolved,Agent_5,16.42,1,Technical
T300642,2025-04-18,2025-04-18 01:00:00.000000000,High,Open,Agent_2,1.0,1,Technical
T300643,2025-01-13,2025-01-15 03:12:10.078212518,Medium,Resolved,Agent_7,51.2,0,Technical
T300644,2024-07-04,2024-07-04 01:59:27.904015118,High,Closed,Agent_1,1.99,1,HR
T300645,2024-02-15,2024-02-15 21:17:07.431765907,Medium,Resolved,Agent_16,21.29,1,Other
T300646,2023-11-04,2023-11-06 01:11:23.683524453,Low,Escalated,Agent_7,49.19,1,Technical
T300647,2023-12-15,2023-12-16 23:40:04.147075268,Low,Closed,Agent_15,47.67,1,Technical
T300648,2025-09-14,2025-09-16 15:27:52.510442096,Low,Resolved,Agent_6,63.46,1,Technical
T300649,2023-04-10,2023-04-12 16:15:01.231209308,Medium,Open,Agent_20,64.25,0,Technical
T300650,2024-09-08,2024-09-13 05:33:23.886385846,Low,Open,Agent_19,125.56,0,Other
T300651,2022-11-13,2022-11-13 10:21:18.783407356,High,Resolved,Agent_9,10.36,1,Technical
T300652,2023-01-27,2023-01-27 22:10:17.442607716,Low,Closed,Agent_6,22.17,1,HR
T300653,2024-01-13,2024-01-13 09:18:32.626182257,Medium,Resolved,Agent_17,9.31,1,Logistics
T300654,2023-12-26,2023-12-27 02:07:52.466134824,High,Closed,Agent_5,26.13,0,Billing
T300655,2025-08-27,2025-08-28 22:02:12.343323763,Medium,Resolved,Agent_15,46.04,1,Logistics
T300656,2024-03-14,2024-03-14 16:50:05.106384900,Low,Resolved,Agent_7,16.83,1,Logistics
T300657,2023-07-04,2023-07-04 01:00:00.000000000,Critical,Closed,Agent_14,1.0,1,Logistics
T300658,2023-10-12,2023-10-15 22:45:59.784562499,Low,Resolved,Agent_20,94.77,0,Billing
T300659,2024-02-23,2024-02-24 20:59:40.053546574,Low,Resolved,Agent_18,44.99,1,Technical
T300660,2025-04-16,2025-04-16 18:01:47.683586163,Low,Closed,Agent_17,18.03,1,Logistics
T300661,2024-04-03,2024-04-03 22:38:18.842589529,Medium,Closed,Agent_18,22.64,1,Technical
T300662,2024-01-04,2024-01-04 01:00:00.000000000,High,Resolved,Agent_2,1.0,1,Other
T300663,2023-04-19,2023-04-19 10:07:21.771286202,Low,Open,Agent_18,10.12,1,Technical
T300664,2023-02-27,2023-02-27 04:44:06.535429905,Critical,Resolved,Agent_14,4.74,1,Billing
T300665,2024-11-27,2024-11-28 13:11:12.037055672,Low,Resolved,Agent_4,37.19,1,Logistics
T300666,2023-01-02,2023-01-02 13:35:45.570304793,Low,Resolved,Agent_7,13.6,1,Technical
T300667,2023-02-17,2023-02-21 00:32:08.122582738,Medium,Resolved,Agent_7,96.54,0,Technical
T300668,2024-11-15,2024-11-15 06:22:52.512651212,High,Resolved,Agent_1,6.38,1,Billing
T300669,2024-10-17,2024-10-19 11:10:35.790600512,Low,Resolved,Agent_8,59.18,1,Billing
T300670,2023-12-22,2023-12-22 14:21:10.984901381,Low,Closed,Agent_20,14.35,1,Billing
T300671,2025-04-10,2025-04-10 13:15:33.990147055,Medium,Closed,Agent_10,13.26,1,Technical
T300672,2024-10-10,2024-10-11 18:42:00.675403994,Medium,Open,Agent_9,42.7,1,Logistics
T300673,2024-07-10,2024-07-13 18:36:54.063920823,Low,Open,Agent_7,90.62,0,Technical
T300674,2023-07-10,2023-07-10 06:58:32.286018720,Low,Resolved,Agent_3,6.98,1,Logistics
T300675,2024-11-07,2024-11-07 21:01:25.262493786,Low,Resolved,Agent_12,21.02,1,HR
T300676,2024-03-18,2024-03-18 05:27:00.521852587,Medium,Closed,Agent_3,5.45,1,Logistics
T300677,2023-04-03,2023-04-07 10:03:59.312529266,Low,Resolved,Agent_5,106.07,0,Logistics
T300678,2023-06-12,2023-06-14 19:17:21.466542551,Low,Resolved,Agent_7,67.29,1,Technical
T300679,2024-06-20,2024-06-21 15:46:10.700337266,Low,Open,Agent_12,39.77,1,Billing
T300680,2025-02-23,2025-02-25 02:24:10.770026804,Low,Open,Agent_17,50.4,1,Technical
T300681,2024-09-14,2024-09-16 10:55:30.098428075,Medium,Open,Agent_14,58.93,0,Logistics
T300682,2023-04-09,2023-04-09 17:20:43.902864868,Low,Resolved,Agent_3,17.35,1,Logistics
T300683,2025-10-10,2025-10-10 01:00:00.000000000,Low,Open,Agent_1,1.0,1,Other
T300684,2023-04-21,2023-04-21 01:16:55.291862086,Low,Resolved,Agent_18,1.28,1,Logistics
T300685,2025-07-08,2025-07-08 01:08:50.983795598,Medium,Resolved,Agent_14,1.15,1,Technical
T300686,2023-09-28,2023-09-28 03:18:01.512978516,Medium,Resolved,Agent_13,3.3,1,Logistics
T300687,2023-01-05,2023-01-06 16:36:29.714451284,Low,Resolved,Agent_12,40.61,1,Billing
T300688,2023-07-29,2023-08-05 22:27:29.501806589,Low,Resolved,Agent_5,190.46,0,HR
T300689,2025-10-20,2025-10-20 13:04:12.116214495,Medium,Resolved,Agent_3,13.07,1,Technical
T300690,2024-09-19,2024-09-21 11:49:10.623972984,Low,Resolved,Agent_14,59.82,1,Billing
T300691,2024-07-21,2024-07-24 03:24:40.749371840,Low,Resolved,Agent_7,75.41,0,Billing
T300692,2025-07-29,2025-07-29 19:23:50.535040623,High,Resolved,Agent_7,19.4,1,Other
T300693,2023-07-17,2023-07-17 14:03:26.384369299,Medium,Open,Agent_17,14.06,1,Logistics
T300694,2023-09-27,2023-09-27 19:09:40.696053978,Medium,Resolved,Agent_6,19.16,1,Billing
T300695,2024-12-22,2024-12-22 04:47:00.361723151,High,Resolved,Agent_15,4.78,1,Technical
T300696,2023-07-25,2023-07-25 06:59:09.025133340,Critical,Closed,Agent_19,6.99,0,Technical
T300697,2025-01-02,2025-01-02 11:35:02.815271828,Medium,Resolved,Agent_15,11.58,1,Billing
T300698,2025-08-27,2025-08-27 17:53:06.366855505,Low,Resolved,Agent_7,17.89,1,Billing
T300699,2025-03-09,2025-03-09 23:41:15.930307344,Medium,Resolved,Agent_5,23.69,1,Logistics
T300700,2024-01-13,2024-01-13 10:01:05.038910671,Medium,Resolved,Agent_15,10.02,1,Logistics
T300701,2024-05-04,2024-05-05 01:09:49.992525556,Low,Closed,Agent_20,25.16,1,Other
T300702,2022-11-04,2022-11-06 11:33:46.055657011,Low,Resolved,Agent_13,59.56,1,Billing
T300703,2024-09-08,2024-09-11 20:08:27.025988741,Low,Closed,Agent_7,92.14,0,HR
T300704,2023-09-03,2023-09-04 03:23:15.964201120,Low,Resolved,Agent_13,27.39,1,Technical
T300705,2024-02-05,2024-02-06 11:27:03.697228105,Low,Closed,Agent_13,35.45,1,Technical
T300706,2023-02-25,2023-02-26 08:55:34.585825216,Medium,Resolved,Agent_13,32.93,1,Billing
T300707,2024-05-16,2024-05-16 03:03:28.466814157,High,Resolved,Agent_8,3.06,1,Other
T300708,2025-06-29,2025-06-30 01:44:07.280268023,Low,Resolved,Agent_5,25.74,1,Other
T300709,2025-09-04,2025-09-07 08:05:04.576894987,Low,Resolved,Agent_4,80.08,0,HR
T300710,2023-05-20,2023-05-21 02:59:11.783817005,High,Closed,Agent_17,26.99,0,Billing
T300711,2023-03-04,2023-03-06 01:41:51.707218984,Low,Resolved,Agent_20,49.7,1,HR
T300712,2023-04-05,2023-04-05 23:59:38.930105426,Low,Resolved,Agent_14,23.99,1,Logistics
T300713,2023-12-14,2023-12-15 20:41:52.792029079,Low,Resolved,Agent_11,44.7,1,Billing
T300714,2024-02-09,2024-02-09 09:27:28.464923762,Low,Resolved,Agent_10,9.46,1,Technical
T300715,2024-11-23,2024-11-23 01:00:00.000000000,Medium,Closed,Agent_1,1.0,1,Logistics
T300716,2024-12-11,2024-12-11 01:00:00.000000000,High,Escalated,Agent_7,1.0,1,HR
T300717,2025-02-14,2025-02-14 02:44:51.284465259,Medium,Resolved,Agent_6,2.75,1,HR
T300718,2025-07-31,2025-07-31 01:32:04.061229227,Critical,Closed,Agent_7,1.53,1,Technical
T300719,2024-11-19,2024-11-20 05:43:50.076242176,Low,Resolved,Agent_15,29.73,1,Technical
T300720,2023-11-29,2023-11-29 03:10:20.662951554,High,Escalated,Agent_6,3.17,1,Logistics
T300721,2022-12-20,2022-12-21 18:13:06.830529070,Low,Resolved,Agent_18,42.22,1,Logistics
T300722,2024-10-25,2024-11-06 18:05:50.116077446,Low,Escalated,Agent_2,306.1,0,Billing
T300723,2023-03-24,2023-03-25 09:05:48.359681938,Low,Resolved,Agent_9,33.1,1,Logistics
T300724,2023-04-15,2023-04-15 16:58:09.066606335,High,Closed,Agent_6,16.97,1,Technical
T300725,2025-10-26,2025-10-26 08:18:03.903925276,Medium,Resolved,Agent_17,8.3,1,Technical
T300726,2025-09-09,2025-09-15 14:05:32.744499039,Low,Resolved,Agent_11,158.09,0,Billing
T300727,2024-07-15,2024-07-15 13:45:05.486505183,Low,Resolved,Agent_4,13.75,1,Technical
T300728,2023-01-08,2023-01-08 10:53:41.431705513,High,Resolved,Agent_7,10.89,1,Billing
T300729,2024-01-28,2024-01-30 01:07:48.858431347,High,Closed,Agent_15,49.13,0,Other
T300730,2022-11-25,2022-11-26 15:38:13.050190557,Medium,Resolved,Agent_17,39.64,1,Logistics
T300731,2023-09-06,2023-09-15 15:57:33.533298664,Low,Closed,Agent_12,231.96,0,Other
T300732,2022-11-12,2022-11-12 22:55:31.575915149,Low,Resolved,Agent_13,22.93,1,Technical
T300733,2024-05-30,2024-05-30 03:52:44.047078997,Low,Resolved,Agent_13,3.88,1,Logistics
T300734,2024-09-24,2024-09-24 13:23:38.180139853,Low,Resolved,Agent_8,13.39,1,Other
T300735,2023-06-22,2023-06-28 07:43:27.919653769,Low,Closed,Agent_7,151.72,0,Technical
T300736,2025-02-12,2025-02-12 22:13:18.343366088,Low,Closed,Agent_4,22.22,1,Billing
T300737,2025-05-05,2025-05-05 03:11:54.763214419,Medium,Closed,Agent_3,3.2,1,Logistics
T300738,2024-06-13,2024-06-13 10:47:25.423881927,High,Resolved,Agent_17,10.79,1,Technical
T300739,2025-02-26,2025-02-26 08:19:40.574284631,High,Escalated,Agent_16,8.33,1,Technical
T300740,2024-07-05,2024-07-05 01:32:53.277343581,Medium,Closed,Agent_19,1.55,1,Other
T300741,2023-04-01,2023-04-02 04:57:14.189583203,Low,Closed,Agent_2,28.95,1,Logistics
T300742,2023-06-04,2023-06-06 00:05:51.770285596,Low,Resolved,Agent_14,48.1,1,Technical
T300743,2024-08-20,2024-08-20 03:10:42.026860360,High,Closed,Agent_16,3.18,1,Billing
T300744,2023-09-06,2023-09-06 06:22:43.812391007,Low,Resolved,Agent_17,6.38,1,Billing
T300745,2023-03-29,2023-04-02 00:02:48.667139218,Low,Resolved,Agent_4,96.05,0,Technical
T300746,2023-10-03,2023-10-04 23:08:13.901672727,Low,Resolved,Agent_8,47.14,1,Technical
T300747,2024-03-21,2024-03-21 08:05:55.275044164,Low,Resolved,Agent_9,8.1,1,Technical
T300748,2025-06-28,2025-06-29 23:36:30.752474308,Low,Resolved,Agent_16,47.61,1,Billing
T300749,2025-08-02,2025-08-04 15:47:29.744264450,Low,Closed,Agent_16,63.79,1,Other
T300750,2024-01-08,2024-01-08 21:50:35.216333774,Medium,Resolved,Agent_17,21.84,1,Technical
T300751,2023-05-23,2023-05-23 05:55:36.587267610,Low,Resolved,Agent_3,5.93,1,Billing
T300752,2024-02-07,2024-02-07 06:23:43.822059587,Low,Resolved,Agent_17,6.4,1,Logistics
T300753,2025-07-01,2025-07-01 02:13:02.608205229,Low,Resolved,Agent_18,2.22,1,Billing
T300754,2023-09-23,2023-09-23 12:47:44.739094163,Low,Resolved,Agent_18,12.8,1,Logistics
T300755,2023-03-29,2023-03-29 02:57:07.572999561,Low,Resolved,Agent_6,2.95,1,Logistics
T300756,2022-12-05,2022-12-08 06:32:34.934734376,Low,Resolved,Agent_6,78.54,0,Other
T300757,2022-11-01,2022-11-01 01:00:00.000000000,Low,Resolved,Agent_1,1.0,1,Technical
T300758,2024-02-11,2024-02-11 10:26:20.752938676,High,Resolved,Agent_16,10.44,1,Billing
T300759,2024-06-26,2024-06-29 07:40:22.907961186,Low,Open,Agent_17,79.67,0,Billing
T300760,2024-02-09,2024-02-13 12:07:10.433227943,Low,Resolved,Agent_4,108.12,0,Billing
T300761,2024-01-25,2024-01-25 06:19:13.851807456,High,Resolved,Agent_16,6.32,1,HR
T300762,2024-06-25,2024-06-25 23:16:49.671838687,Medium,Resolved,Agent_20,23.28,1,Logistics
T300763,2023-01-09,2023-01-09 18:06:58.008497664,Critical,Resolved,Agent_2,18.12,0,Other
T300764,2023-07-15,2023-07-17 05:27:02.256819518,Low,Resolved,Agent_12,53.45,1,Technical
T300765,2025-03-16,2025-03-20 15:03:04.701201153,Low,Closed,Agent_16,111.05,0,HR
T300766,2025-08-17,2025-08-19 07:20:27.612551861,Low,Escalated,Agent_6,55.34,1,Billing
T300767,2023-01-31,2023-01-31 01:00:00.000000000,High,Closed,Agent_16,1.0,1,Other
T300768,2024-06-16,2024-06-16 10:31:27.241886065,Low,Resolved,Agent_7,10.52,1,Billing
T300769,2023-11-07,2023-11-12 15:24:21.266386998,Low,Resolved,Agent_14,135.41,0,Logistics
T300770,2025-04-11,2025-04-12 20:37:51.568883737,Medium,Resolved,Agent_3,44.63,1,Technical
T300771,2023-02-07,2023-02-07 13:11:10.834502787,Medium,Resolved,Agent_1,13.19,1,Billing
T300772,2024-03-24,2024-03-24 01:03:14.998140248,Critical,Resolved,Agent_17,1.05,1,Logistics
T300773,2025-07-13,2025-07-13 01:01:33.394656677,Critical,Resolved,Agent_20,1.03,1,HR
T300774,2025-06-26,2025-06-28 08:27:29.687705702,Medium,Resolved,Agent_4,56.46,0,Logistics
T300775,2025-06-19,2025-06-19 08:43:30.057379453,Low,Resolved,Agent_7,8.73,1,Technical
T300776,2023-07-04,2023-07-04 11:43:01.899565367,Medium,Resolved,Agent_7,11.72,1,Technical
T300777,2025-01-09,2025-01-13 14:54:42.155196406,Low,Resolved,Agent_4,110.91,0,Billing
T300778,2023-08-06,2023-08-06 01:37:55.982123155,Low,Resolved,Agent_7,1.63,1,HR
T300779,2024-12-13,2024-12-14 23:49:13.272584467,Low,Closed,Agent_8,47.82,1,Billing
T300780,2025-03-02,2025-03-02 20:43:17.695367367,Low,Resolved,Agent_9,20.72,1,Other
T300781,2024-01-05,2024-01-05 05:28:27.192374036,Low,Resolved,Agent_15,5.47,1,Logistics
T300782,2024-01-16,2024-01-16 05:01:45.729907940,Critical,Resolved,Agent_4,5.03,1,Technical
T300783,2023-07-23,2023-07-23 07:57:38.729927181,High,Resolved,Agent_18,7.96,1,HR
T300784,2024-03-29,2024-03-29 02:30:26.530201113,Medium,Closed,Agent_12,2.51,1,Logistics
T300785,2024-01-19,2024-01-19 14:55:23.146977874,Low,Resolved,Agent_6,14.92,1,Technical
T300786,2023-06-11,2023-06-11 16:10:52.803785987,High,Resolved,Agent_4,16.18,1,Technical
T300787,2024-12-01,2024-12-03 19:40:43.414124458,Low,Open,Agent_4,67.68,1,Billing
T300788,2023-05-11,2023-05-11 21:54:43.456828772,Medium,Resolved,Agent_18,21.91,1,Technical
T300789,2024-05-11,2024-05-11 01:24:17.914702065,High,Closed,Agent_1,1.4,1,Billing
T300790,2025-01-15,2025-01-18 20:03:41.318799298,Low,Resolved,Agent_6,92.06,0,Logistics
T300791,2023-07-27,2023-07-27 02:16:30.404921576,High,Resolved,Agent_9,2.28,1,Billing
T300792,2025-09-30,2025-10-02 13:15:48.559830407,Low,Closed,Agent_17,61.26,1,HR
T300793,2024-08-12,2024-08-12 01:00:00.000000000,High,Resolved,Agent_11,1.0,1,Logistics
T300794,2022-12-11,2022-12-11 19:21:15.104932798,Low,Escalated,Agent_9,19.35,1,HR
T300795,2024-01-07,2024-01-08 07:14:14.894576988,Low,Closed,Agent_11,31.24,1,Billing
T300796,2025-01-11,2025-01-11 01:00:00.000000000,Medium,Closed,Agent_4,1.0,1,Logistics
T300797,2025-05-19,2025-05-19 09:02:01.506890349,Low,Closed,Agent_13,9.03,1,HR
T300798,2023-09-19,2023-09-19 18:26:05.774390404,Low,Resolved,Agent_19,18.43,1,Billing
T300799,2025-04-18,2025-04-22 01:06:12.236395937,Medium,Resolved,Agent_3,97.1,0,Other
T300800,2025-03-13,2025-03-14 12:16:55.030399737,Medium,Resolved,Agent_1,36.28,1,Technical
T300801,2025-03-30,2025-03-30 11:01:17.988534788,Critical,Resolved,Agent_17,11.02,0,Technical
T300802,2023-10-06,2023-10-08 04:51:21.521828955,Low,Resolved,Agent_17,52.86,1,Technical
T300803,2023-12-25,2023-12-25 16:36:06.086469225,Low,Resolved,Agent_7,16.6,1,Billing
T300804,2024-05-21,2024-05-21 14:49:54.007029570,High,Closed,Agent_14,14.83,1,HR
T300805,2024-11-12,2024-11-14 05:45:47.002496341,Low,Resolved,Agent_5,53.76,1,Technical
T300806,2023-07-18,2023-07-19 21:11:28.326507071,Low,Resolved,Agent_14,45.19,1,Technical
T300807,2024-11-01,2024-11-01 08:30:09.788729616,Medium,Resolved,Agent_11,8.5,1,Logistics
T300808,2024-09-10,2024-09-10 07:19:51.596096668,Medium,Resolved,Agent_3,7.33,1,Logistics
T300809,2024-09-13,2024-09-13 09:50:17.423123019,Medium,Resolved,Agent_6,9.84,1,Technical
T300810,2025-08-07,2025-08-07 17:58:41.153820152,Low,Resolved,Agent_7,17.98,1,Logistics
T300811,2025-04-14,2025-04-14 01:00:00.000000000,Critical,Resolved,Agent_19,1.0,1,Billing
T300812,2025-05-20,2025-05-21 14:54:05.170690011,Medium,Resolved,Agent_9,38.9,1,Logistics
T300813,2024-02-24,2024-02-24 11:03:38.036174917,Medium,Closed,Agent_2,11.06,1,Other
T300814,2023-08-18,2023-08-18 14:42:58.056120162,High,Escalated,Agent_12,14.72,1,Billing
T300815,2025-01-09,2025-01-09 15:45:47.373485297,Low,Resolved,Agent_7,15.76,1,Billing
T300816,2024-08-08,2024-08-08 22:06:44.144418671,Medium,Open,Agent_10,22.11,1,Technical
T300817,2023-02-13,2023-02-13 01:00:00.000000000,High,Closed,Agent_20,1.0,1,Billing
T300818,2023-05-09,2023-05-09 05:22:49.569186677,Low,Resolved,Agent_15,5.38,1,Billing
T300819,2023-11-12,2023-11-12 10:52:52.890623021,Medium,Closed,Agent_19,10.88,1,Billing
T300820,2024-09-13,2024-09-13 01:52:40.406925878,Critical,Escalated,Agent_6,1.88,1,Technical
T300821,2025-09-07,2025-09-07 10:27:53.191819310,Medium,Closed,Agent_20,10.46,1,Technical
T300822,2023-07-17,2023-07-22 08:07:17.273356315,Low,Escalated,Agent_13,128.12,0,Technical
T300823,2025-02-04,2025-02-04 01:50:33.265230445,Medium,Open,Agent_20,1.84,1,Technical
T300824,2023-11-07,2023-11-07 14:54:36.522978333,Medium,Open,Agent_12,14.91,1,Logistics
T300825,2025-07-14,2025-07-14 05:18:11.523088892,Medium,Resolved,Agent_18,5.3,1,Other
T300826,2025-02-09,2025-02-09 10:33:19.224251057,Medium,Closed,Agent_16,10.56,1,Technical
T300827,2025-06-26,2025-06-28 06:15:00.453912364,Low,Resolved,Agent_11,54.25,1,Technical
T300828,2024-06-15,2024-06-22 05:15:50.360179925,Low,Resolved,Agent_11,173.26,0,Technical
T300829,2022-12-30,2022-12-31 04:28:38.017935090,Medium,Open,Agent_1,28.48,1,Logistics
T300830,2023-02-13,2023-02-15 03:52:31.119058414,Medium,Resolved,Agent_1,51.88,0,Other
T300831,2025-03-26,2025-03-26 03:49:23.435310586,Medium,Resolved,Agent_7,3.82,1,Logistics
T300832,2025-10-05,2025-10-05 02:24:06.457154614,High,Resolved,Agent_7,2.4,1,Technical
T300833,2024-08-05,2024-08-09 04:29:49.703670914,Low,Escalated,Agent_4,100.5,0,HR
T300834,2023-07-25,2023-07-26 20:53:35.635045166,Low,Resolved,Agent_14,44.89,1,Logistics
T300835,2025-06-13,2025-06-14 13:41:56.369988068,Medium,Resolved,Agent_5,37.7,1,Billing
T300836,2023-08-07,2023-08-07 03:01:32.211165888,High,Closed,Agent_12,3.03,1,Logistics
T300837,2024-04-08,2024-04-08 05:08:36.542624590,High,Resolved,Agent_4,5.14,1,Technical
T300838,2025-03-13,2025-03-13 02:01:41.381322591,Medium,Resolved,Agent_3,2.03,1,Technical
T300839,2022-11-26,2022-11-28 06:13:30.970886973,Medium,Resolved,Agent_18,54.23,0,Technical
T300840,2024-05-05,2024-05-08 03:09:36.830629506,Medium,Closed,Agent_5,75.16,0,Billing
T300841,2025-01-06,2025-01-07 22:45:20.990303979,Medium,Resolved,Agent_6,46.76,1,Logistics
T300842,2025-10-23,2025-10-24 03:35:24.744649342,Low,Closed,Agent_14,27.59,1,HR
T300843,2023-02-19,2023-02-19 20:01:38.412403605,Low,Resolved,Agent_6,20.03,1,Technical
T300844,2023-12-27,2023-12-28 05:48:31.223269799,Low,Resolved,Agent_20,29.81,1,Technical
T300845,2025-04-23,2025-04-24 00:21:40.752299030,Medium,Open,Agent_12,24.36,1,Technical
T300846,2024-10-26,2024-10-27 03:06:31.717465912,Low,Resolved,Agent_12,27.11,1,HR
T300847,2023-08-21,2023-08-21 13:08:26.131304572,Medium,Resolved,Agent_8,13.14,1,Billing
T300848,2025-01-12,2025-01-13 03:04:09.445894854,Low,Escalated,Agent_20,27.07,1,HR
T300849,2023-11-19,2023-11-21 17:30:43.488061095,Low,Resolved,Agent_2,65.51,1,Other
T300850,2023-08-10,2023-08-13 02:10:59.249017844,Low,Closed,Agent_5,74.18,0,Technical
T300851,2024-12-03,2024-12-07 02:07:47.199349937,Low,Resolved,Agent_18,98.13,0,Billing
T300852,2025-06-24,2025-06-24 13:21:43.237087072,Low,Resolved,Agent_3,13.36,1,Technical
T300853,2023-05-13,2023-05-13 08:13:35.719013319,Low,Resolved,Agent_16,8.23,1,Billing
T300854,2025-02-19,2025-02-19 02:32:23.611645974,Critical,Resolved,Agent_5,2.54,1,Technical
T300855,2024-07-11,2024-07-11 03:16:22.797705949,Critical,Resolved,Agent_9,3.27,1,HR
T300856,2025-08-16,2025-08-16 14:31:21.408645366,High,Closed,Agent_6,14.52,1,Billing
T300857,2023-05-25,2023-05-27 20:05:22.006587058,Low,Resolved,Agent_19,68.09,1,Technical
T300858,2024-07-31,2024-08-04 03:28:27.840146664,Medium,Resolved,Agent_16,99.47,0,Technical
T300859,2023-01-03,2023-01-03 22:48:29.924542092,Low,Resolved,Agent_7,22.81,1,HR
T300860,2025-09-06,2025-09-07 00:43:17.906703800,Low,Resolved,Agent_4,24.72,1,Technical
T300861,2023-06-16,2023-06-16 09:22:21.823373764,High,Open,Agent_16,9.37,1,Logistics
T300862,2024-10-02,2024-10-03 17:11:59.763790450,Medium,Closed,Agent_20,41.2,1,Technical
T300863,2023-11-30,2023-12-02 03:54:53.658934340,Low,Resolved,Agent_17,51.91,1,Logistics
T300864,2024-11-02,2024-11-02 20:24:15.032225741,Medium,Resolved,Agent_19,20.4,1,HR
T300865,2023-08-25,2023-08-27 02:08:04.528172704,Low,Resolved,Agent_17,50.13,1,Billing
T300866,2025-08-17,2025-08-18 05:58:26.991204248,Low,Open,Agent_13,29.97,1,Technical
T300867,2024-11-30,2024-12-01 10:09:22.808027642,Medium,Closed,Agent_2,34.16,1,Logistics
T300868,2024-10-02,2024-10-02 03:45:27.005219688,Low,Closed,Agent_2,3.76,1,HR
T300869,2024-04-07,2024-04-07 17:04:21.502605124,Medium,Resolved,Agent_4,17.07,1,Billing
T300870,2024-05-06,2024-05-09 06:51:29.516198390,Low,Escalated,Agent_16,78.86,0,Technical
T300871,2023-03-06,2023-03-06 17:17:36.404200419,Low,Resolved,Agent_4,17.29,1,Billing
T300872,2023-06-14,2023-06-14 22:14:59.838652903,High,Resolved,Agent_20,22.25,1,HR
T300873,2024-10-22,2024-10-25 01:18:00.311681374,Low,Escalated,Agent_12,73.3,0,HR
T300874,2023-09-29,2023-09-29 20:51:29.811758035,Medium,Resolved,Agent_20,20.86,1,Technical
T300875,2023-09-26,2023-09-26 13:56:47.205041930,Low,Resolved,Agent_14,13.95,1,Billing
T300876,2025-04-28,2025-05-01 22:44:35.303617755,Low,Resolved,Agent_1,94.74,0,Billing
T300877,2023-04-20,2023-04-20 01:27:37.806518940,Low,Resolved,Agent_17,1.46,1,Logistics
T300878,2025-05-04,2025-05-04 21:32:45.325968333,Medium,Resolved,Agent_18,21.55,1,Other
T300879,2022-11-01,2022-11-04 01:14:27.535431946,Low,Resolved,Agent_12,73.24,0,HR
T300880,2025-03-25,2025-03-26 07:53:23.302609835,Low,Resolved,Agent_10,31.89,1,Logistics
T300881,2025-03-10,2025-03-10 01:18:08.886305483,High,Closed,Agent_15,1.3,1,Technical
T300882,2023-06-29,2023-06-30 19:05:44.723906789,Medium,Resolved,Agent_17,43.1,1,Other
T300883,2024-06-06,2024-06-08 09:32:55.454399045,Medium,Resolved,Agent_11,57.55,0,HR
T300884,2024-06-23,2024-06-24 15:46:10.159537835,Low,Resolved,Agent_20,39.77,1,Technical
T300885,2022-11-20,2022-11-20 09:16:59.292074431,Critical,Closed,Agent_7,9.28,0,Logistics
T300886,2024-02-16,2024-02-17 21:17:06.951792342,Low,Resolved,Agent_20,45.29,1,Technical
T300887,2023-03-21,2023-03-22 16:52:42.377883044,Low,Resolved,Agent_19,40.88,1,Logistics
T300888,2024-09-17,2024-09-17 06:43:37.888222975,Low,Closed,Agent_11,6.73,1,Other
T300889,2022-12-20,2022-12-20 03:26:40.718937024,Critical,Resolved,Agent_1,3.44,1,Technical
T300890,2023-11-26,2023-11-28 06:30:44.093587711,Low,Open,Agent_18,54.51,1,Logistics
T300891,2025-10-14,2025-10-14 14:32:40.250998864,Medium,Resolved,Agent_15,14.54,1,Technical
T300892,2025-10-10,2025-10-10 23:04:52.476891353,Medium,Closed,Agent_13,23.08,1,Other
T300893,2024-03-04,2024-03-05 03:01:25.299338241,High,Resolved,Agent_16,27.02,0,Billing
T300894,2023-07-28,2023-07-28 10:56:43.235154636,Medium,Escalated,Agent_19,10.95,1,Logistics
T300895,2023-10-28,2023-10-31 12:37:42.649021257,Low,Resolved,Agent_6,84.63,0,Billing
T300896,2023-03-25,2023-03-25 01:00:00.000000000,Critical,Resolved,Agent_16,1.0,1,Technical
T300897,2024-06-11,2024-06-14 19:55:16.817737723,Low,Open,Agent_18,91.92,0,Technical
T300898,2023-11-10,2023-11-10 01:21:13.279381823,High,Resolved,Agent_1,1.35,1,Technical
T300899,2025-08-21,2025-08-21 18:36:48.978437779,Low,Resolved,Agent_18,18.61,1,Other
T300900,2024-04-21,2024-04-21 08:38:41.484647634,High,Resolved,Agent_9,8.64,1,Billing
T300901,2025-09-23,2025-09-25 02:23:46.613500173,Low,Resolved,Agent_13,50.4,1,Billing
T300902,2023-09-14,2023-09-20 02:52:46.760669626,Low,Resolved,Agent_16,146.88,0,Technical
T300903,2024-06-07,2024-06-07 17:36:17.699604794,Low,Resolved,Agent_19,17.6,1,Technical
T300904,2024-05-16,2024-05-16 04:16:55.909974323,Low,Resolved,Agent_1,4.28,1,Billing
T300905,2024-05-06,2024-05-06 14:44:12.380212687,Medium,Resolved,Agent_8,14.74,1,Other
T300906,2023-09-07,2023-09-07 10:09:52.956915985,Medium,Escalated,Agent_10,10.16,1,Technical
T300907,2025-05-12,2025-05-12 10:59:56.626462267,High,Closed,Agent_7,11.0,1,HR
T300908,2023-02-02,2023-02-07 02:56:03.191155939,Low,Resolved,Agent_3,122.93,0,Logistics
T300909,2023-05-08,2023-05-10 01:29:20.791351893,Low,Escalated,Agent_13,49.49,1,Logistics
T300910,2024-08-08,2024-08-08 10:21:12.257927945,High,Closed,Agent_20,10.35,1,Other
T300911,2023-05-23,2023-05-23 06:46:45.848156152,Medium,Resolved,Agent_11,6.78,1,Other
T300912,2022-12-24,2022-12-24 07:22:53.529723884,Medium,Resolved,Agent_20,7.38,1,Billing
T300913,2025-06-29,2025-06-29 13:44:52.995823242,Medium,Escalated,Agent_5,13.75,1,Other
T300914,2023-02-02,2023-02-06 10:30:59.343307663,Low,Resolved,Agent_13,106.52,0,Technical
T300915,2023-09-10,2023-09-11 17:34:51.816306525,Low,Resolved,Agent_12,41.58,1,Technical
T300916,2023-10-26,2023-10-27 08:45:35.931229214,Low,Resolved,Agent_16,32.76,1,Logistics
T300917,2023-04-17,2023-04-17 18:46:11.908173972,Medium,Resolved,Agent_17,18.77,1,Technical
T300918,2025-07-09,2025-07-10 19:04:01.045994785,Medium,Resolved,Agent_14,43.07,1,Technical
T300919,2023-12-03,2023-12-05 06:22:40.906720603,Low,Resolved,Agent_10,54.38,1,HR
T300920,2024-04-20,2024-04-21 07:28:39.418193444,High,Resolved,Agent_13,31.48,0,Billing
T300921,2023-11-29,2023-11-29 10:27:35.458925755,High,Resolved,Agent_12,10.46,1,Billing
T300922,2022-12-18,2022-12-18 05:14:11.753061824,Medium,Resolved,Agent_4,5.24,1,Other
T300923,2024-10-01,2024-10-01 01:00:00.000000000,Low,Closed,Agent_19,1.0,1,Technical
T300924,2022-12-23,2022-12-23 18:18:30.621478813,Low,Escalated,Agent_12,18.31,1,Technical
T300925,2023-06-29,2023-06-29 01:33:17.883058662,Medium,Resolved,Agent_1,1.55,1,Other
T300926,2025-04-23,2025-04-24 01:05:17.471114041,Low,Closed,Agent_10,25.09,1,Other
T300927,2025-09-16,2025-09-16 04:59:41.541146803,Medium,Resolved,Agent_2,4.99,1,Billing
T300928,2025-10-18,2025-10-19 00:54:51.513131307,Low,Closed,Agent_5,24.91,1,Technical
T300929,2025-06-18,2025-06-18 12:13:40.681213601,Medium,Resolved,Agent_17,12.23,1,Other
T300930,2025-10-16,2025-10-16 15:31:12.391445025,Low,Closed,Agent_4,15.52,1,Billing
T300931,2024-01-24,2024-01-26 02:46:46.891776856,Low,Resolved,Agent_7,50.78,1,Technical
T300932,2024-01-07,2024-01-07 13:38:09.142351594,Medium,Resolved,Agent_15,13.64,1,Technical
T300933,2025-02-24,2025-02-26 05:44:26.889691878,Medium,Resolved,Agent_1,53.74,0,Logistics
T300934,2025-06-23,2025-06-23 01:53:56.852165918,Medium,Closed,Agent_14,1.9,1,Billing
T300935,2025-03-15,2025-03-16 01:22:37.671770667,Low,Resolved,Agent_15,25.38,1,Technical
T300936,2023-05-01,2023-05-01 17:57:02.208249921,High,Resolved,Agent_2,17.95,1,Billing
T300937,2023-05-02,2023-05-03 08:44:57.472629796,Low,Resolved,Agent_20,32.75,1,Technical
T300938,2023-04-05,2023-04-06 16:36:19.641094772,High,Closed,Agent_2,40.61,0,Billing
T300939,2023-02-05,2023-02-05 02:18:21.196848195,High,Resolved,Agent_16,2.31,1,Technical
T300940,2025-05-25,2025-05-25 18:13:55.096465271,Low,Resolved,Agent_2,18.23,1,HR
T300941,2024-12-28,2024-12-28 02:57:48.024471202,Medium,Closed,Agent_16,2.96,1,Other
T300942,2023-06-26,2023-06-26 13:35:59.611900715,Low,Closed,Agent_17,13.6,1,Logistics
T300943,2022-11-13,2022-11-14 02:47:33.997156456,Medium,Resolved,Agent_18,26.79,1,Technical
T300944,2025-03-07,2025-03-07 08:00:30.564186213,High,Closed,Agent_19,8.01,1,Technical
T300945,2023-05-01,2023-05-01 04:14:37.024060286,Medium,Escalated,Agent_16,4.24,1,Technical
T300946,2024-12-02,2024-12-03 06:54:04.555814329,Low,Resolved,Agent_4,30.9,1,Technical
T300947,2025-01-01,2025-01-04 18:14:14.447656956,Low,Open,Agent_17,90.24,0,Logistics
T300948,2023-04-26,2023-04-27 03:48:58.908997386,Low,Closed,Agent_1,27.82,1,Technical
T300949,2025-03-21,2025-03-21 01:00:00.000000000,Medium,Resolved,Agent_13,1.0,1,Other
T300950,2025-05-20,2025-05-20 01:00:00.000000000,Critical,Resolved,Agent_7,1.0,1,Logistics
T300951,2024-06-05,2024-06-05 13:50:06.797945988,Medium,Resolved,Agent_9,13.84,1,Other
T300952,2025-04-05,2025-04-05 21:35:20.649073964,Medium,Escalated,Agent_14,21.59,1,Technical
T300953,2025-03-30,2025-04-03 08:27:34.854664843,Low,Closed,Agent_1,104.46,0,Technical
T300954,2023-01-08,2023-01-12 00:21:57.406944091,Medium,Closed,Agent_8,96.37,0,Technical
T300955,2023-09-04,2023-09-11 20:41:18.107049334,Low,Resolved,Agent_10,188.69,0,Logistics
T300956,2025-07-18,2025-07-18 09:47:40.080129581,High,Resolved,Agent_4,9.79,1,Other
T300957,2024-09-21,2024-09-21 01:44:47.221076654,Low,Resolved,Agent_13,1.75,1,Billing
T300958,2022-12-23,2022-12-23 05:45:48.081225036,Medium,Resolved,Agent_18,5.76,1,Technical
T300959,2023-06-04,2023-06-04 13:40:26.179011186,Medium,Closed,Agent_9,13.67,1,Technical
T300960,2024-10-14,2024-10-16 02:49:17.775455409,Medium,Resolved,Agent_8,50.82,0,Other
T300961,2022-12-08,2022-12-08 01:02:46.122933621,Low,Resolved,Agent_6,1.05,1,Billing
T300962,2025-08-05,2025-08-05 17:05:17.033634113,Medium,Resolved,Agent_19,17.09,1,HR
T300963,2022-12-01,2022-12-02 01:26:04.370768742,Medium,Closed,Agent_16,25.43,1,Technical
T300964,2023-11-28,2023-11-28 04:04:48.009459466,High,Resolved,Agent_1,4.08,1,HR
T300965,2025-01-08,2025-01-08 09:06:13.874739170,Medium,Resolved,Agent_15,9.1,1,Technical
T300966,2023-12-30,2023-12-30 23:36:09.388579994,Low,Resolved,Agent_6,23.6,1,Technical
T300967,2025-08-25,2025-08-25 15:24:32.973968073,Low,Resolved,Agent_10,15.41,1,Logistics
T300968,2024-09-21,2024-09-21 13:47:43.617392499,Medium,Resolved,Agent_5,13.8,1,HR
T300969,2025-10-13,2025-10-13 01:01:57.050283305,Critical,Resolved,Agent_8,1.03,1,Technical
T300970,2024-12-19,2024-12-19 05:20:07.477632801,Medium,Resolved,Agent_1,5.34,1,Logistics
T300971,2023-05-19,2023-05-19 01:48:59.316020025,Low,Resolved,Agent_13,1.82,1,Billing
T300972,2024-12-15,2024-12-15 06:21:30.101085339,High,Resolved,Agent_16,6.36,1,Other
T300973,2023-06-14,2023-06-16 10:58:45.888670590,Low,Closed,Agent_17,58.98,1,Billing
T300974,2024-02-14,2024-02-15 09:51:55.221256857,Low,Resolved,Agent_7,33.87,1,Technical
T300975,2022-11-18,2022-11-19 12:18:29.914409296,Low,Resolved,Agent_15,36.31,1,Technical
T300976,2024-07-21,2024-07-21 14:20:44.689837372,Medium,Resolved,Agent_14,14.35,1,Billing
T300977,2022-11-10,2022-11-10 10:32:57.441271369,High,Resolved,Agent_17,10.55,1,Technical
T300978,2025-09-28,2025-09-28 12:31:31.215729409,Low,Resolved,Agent_7,12.53,1,Technical
T300979,2022-12-11,2022-12-11 05:34:55.146154373,Medium,Resolved,Agent_14,5.58,1,Technical
T300980,2024-07-12,2024-07-14 20:19:14.817181839,Medium,Resolved,Agent_8,68.32,0,Billing
T300981,2022-12-14,2022-12-15 04:43:54.909011980,Low,Resolved,Agent_13,28.73,1,Technical
T300982,2023-05-16,2023-05-19 12:15:47.019706938,Low,Resolved,Agent_1,84.26,0,HR
T300983,2023-08-26,2023-08-30 23:22:14.530305153,Low,Resolved,Agent_4,119.37,0,HR
T300984,2023-05-28,2023-05-29 21:48:07.340361479,Low,Closed,Agent_11,45.8,1,Technical
T300985,2024-02-02,2024-02-02 08:31:07.898270897,Medium,Resolved,Agent_9,8.52,1,Technical
T300986,2025-03-28,2025-03-30 06:39:48.010902261,Low,Resolved,Agent_19,54.66,1,Billing
T300987,2024-12-28,2024-12-29 03:03:31.425408693,Low,Closed,Agent_4,27.06,1,HR
T300988,2024-03-29,2024-04-05 05:29:35.900049240,Low,Closed,Agent_1,173.49,0,Other
T300989,2023-11-18,2023-11-19 16:01:15.608093805,Medium,Escalated,Agent_19,40.02,1,Technical
T300990,2024-05-01,2024-05-04 08:58:51.095319872,Low,Resolved,Agent_19,80.98,0,Logistics
T300991,2024-03-21,2024-03-21 10:39:39.125710100,High,Resolved,Agent_19,10.66,1,Technical
T300992,2023-09-26,2023-09-26 01:00:00.000000000,Medium,Open,Agent_11,1.0,1,Billing
T300993,2025-08-03,2025-08-04 18:47:07.417330005,Medium,Escalated,Agent_6,42.79,1,Technical
T300994,2024-03-02,2024-03-02 01:14:00.840761715,Low,Resolved,Agent_7,1.23,1,Technical
T300995,2025-01-22,2025-01-22 06:15:53.265526278,Low,Closed,Agent_1,6.26,1,Logistics
T300996,2024-02-25,2024-02-28 15:33:58.671149147,Low,Resolved,Agent_15,87.57,0,Logistics
T300997,2024-02-15,2024-02-15 02:57:46.842255997,High,Closed,Agent_4,2.96,1,Other
T300998,2025-08-16,2025-08-19 16:18:10.615785112,Low,Resolved,Agent_13,88.3,0,Technical
T300999,2025-08-19,2025-08-19 12:56:34.979594030,Low,Resolved,Agent_12,12.94,1,Technical
T301000,2024-01-08,2024-01-10 22:41:32.992597660,Low,Resolved,Agent_1,70.69,1,Technical
T301001,2022-11-16,2022-11-16 18:45:01.845291061,Medium,Resolved,Agent_8,18.75,1,Technical
T301002,2025-07-10,2025-07-12 05:21:38.109933946,Low,Closed,Agent_11,53.36,1,Logistics
T301003,2024-07-12,2024-07-15 15:23:30.262074474,Low,Resolved,Agent_10,87.39,0,HR
T301004,2024-09-19,2024-09-27 06:34:23.931837084,Low,Resolved,Agent_2,198.57,0,Billing
T301005,2023-01-04,2023-01-04 02:09:00.366637703,Medium,Resolved,Agent_17,2.15,1,Other
T301006,2024-05-28,2024-05-30 07:30:25.949847615,Low,Resolved,Agent_13,55.51,1,Logistics
T301007,2025-01-28,2025-01-31 04:30:00.859185592,Medium,Resolved,Agent_9,76.5,0,Logistics
T301008,2023-01-12,2023-01-12 22:28:03.961823245,Low,Resolved,Agent_16,22.47,1,Other
T301009,2023-05-23,2023-05-23 19:29:31.064738078,Low,Resolved,Agent_17,19.49,1,Technical
T301010,2023-07-12,2023-07-13 03:20:40.909314691,Medium,Resolved,Agent_10,27.34,1,Billing
T301011,2024-07-05,2024-07-05 12:20:16.743844629,Medium,Resolved,Agent_17,12.34,1,Logistics
T301012,2023-05-14,2023-05-14 02:53:47.812860706,High,Escalated,Agent_20,2.9,1,HR
T301013,2023-07-09,2023-07-09 02:06:47.582416650,High,Resolved,Agent_10,2.11,1,Billing
T301014,2024-05-03,2024-05-03 10:16:14.619448231,Low,Resolved,Agent_14,10.27,1,Billing
T301015,2025-06-12,2025-06-13 05:14:33.834018119,Medium,Closed,Agent_15,29.24,1,Billing
T301016,2023-09-06,2023-09-08 12:13:45.040588896,Medium,Resolved,Agent_9,60.23,0,Technical
T301017,2024-08-14,2024-08-17 06:43:06.423861221,Low,Resolved,Agent_2,78.72,0,Other
T301018,2024-01-15,2024-01-16 04:32:22.145170094,Low,Closed,Agent_14,28.54,1,Billing
T301019,2023-08-02,2023-08-03 12:05:54.366302422,Low,Resolved,Agent_7,36.1,1,HR
T301020,2024-04-22,2024-04-22 05:48:29.675645067,Critical,Resolved,Agent_4,5.81,1,HR
T301021,2024-11-12,2024-11-12 20:49:01.071084841,Medium,Resolved,Agent_13,20.82,1,HR
T301022,2022-11-13,2022-11-19 21:55:52.819936615,Low,Resolved,Agent_4,165.93,0,Billing
T301023,2024-07-02,2024-07-04 04:15:49.392045269,Medium,Resolved,Agent_4,52.26,0,Logistics
T301024,2023-05-11,2023-05-11 01:04:06.225689312,Medium,Resolved,Agent_9,1.07,1,Other
T301025,2024-09-28,2024-09-29 19:21:18.326457697,Medium,Resolved,Agent_11,43.36,1,Billing
T301026,2022-11-19,2022-11-19 02:54:23.656567822,Medium,Closed,Agent_1,2.91,1,Billing
T301027,2023-10-05,2023-10-06 04:07:28.629390263,Medium,Resolved,Agent_13,28.12,1,HR
T301028,2024-12-10,2024-12-10 02:01:05.856780744,Critical,Resolved,Agent_9,2.02,1,Logistics
T301029,2024-06-01,2024-06-02 11:37:40.427414658,Medium,Resolved,Agent_18,35.63,1,Logistics
T301030,2022-11-26,2022-11-26 01:00:00.000000000,Medium,Resolved,Agent_7,1.0,1,Other
T301031,2025-08-26,2025-08-26 11:33:39.461734338,Medium,Closed,Agent_14,11.56,1,Logistics
T301032,2025-09-16,2025-09-16 01:00:00.000000000,Medium,Closed,Agent_17,1.0,1,Technical
T301033,2023-02-13,2023-02-14 12:49:38.588566587,High,Resolved,Agent_18,36.83,0,Technical
T301034,2024-12-23,2024-12-23 01:00:00.000000000,Low,Resolved,Agent_1,1.0,1,Billing
T301035,2023-08-30,2023-08-30 04:03:01.022251577,Medium,Closed,Agent_9,4.05,1,Technical
T301036,2025-09-01,2025-09-02 13:11:51.210870633,Low,Escalated,Agent_10,37.2,1,Technical
T301037,2025-09-07,2025-09-09 01:51:59.380248171,Low,Resolved,Agent_16,49.87,1,Technical
T301038,2024-08-03,2024-08-03 15:40:02.101634398,High,Resolved,Agent_11,15.67,1,Other
T301039,2023-04-23,2023-04-23 13:36:39.233709090,Low,Resolved,Agent_4,13.61,1,Billing
T301040,2024-01-23,2024-01-23 08:35:39.614673070,Medium,Open,Agent_19,8.59,1,Technical
T301041,2022-12-24,2022-12-24 03:17:30.152845343,High,Resolved,Agent_8,3.29,1,Logistics
T301042,2023-01-17,2023-01-17 13:25:51.208304653,Low,Closed,Agent_3,13.43,1,Logistics
T301043,2024-01-13,2024-01-16 01:04:15.294666983,Low,Resolved,Agent_4,73.07,0,Logistics
T301044,2024-12-21,2024-12-26 21:54:41.198362632,Low,Resolved,Agent_8,141.91,0,Technical
T301045,2023-04-21,2023-04-21 10:52:12.838229107,High,Closed,Agent_12,10.87,1,Other
T301046,2024-05-03,2024-05-03 08:13:20.507740295,Low,Resolved,Agent_5,8.22,1,Technical
T301047,2023-10-27,2023-10-27 03:14:53.681447854,Low,Resolved,Agent_3,3.25,1,Logistics
T301048,2023-06-24,2023-06-24 13:07:15.566228487,Low,Resolved,Agent_5,13.12,1,Other
T301049,2024-01-07,2024-01-07 04:41:54.079548770,Medium,Resolved,Agent_4,4.7,1,Billing
T301050,2025-09-05,2025-09-05 20:44:08.366086896,Medium,Closed,Agent_11,20.74,1,Other
T301051,2024-11-07,2024-11-09 09:27:38.656702766,Low,Resolved,Agent_16,57.46,1,Logistics
T301052,2025-02-27,2025-02-27 01:00:00.000000000,High,Resolved,Agent_18,1.0,1,Logistics
T301053,2024-07-19,2024-07-20 03:47:55.530402305,Low,Resolved,Agent_6,27.8,1,Technical
T301054,2023-07-05,2023-07-06 22:49:18.635633245,Low,Closed,Agent_16,46.82,1,Other
T301055,2024-05-02,2024-05-02 10:17:07.165564385,Low,Resolved,Agent_1,10.29,1,Billing
T301056,2025-06-22,2025-06-24 07:29:46.251206183,Medium,Closed,Agent_19,55.5,0,Technical
T301057,2023-04-16,2023-04-16 19:06:41.628663167,Medium,Closed,Agent_20,19.11,1,Logistics
T301058,2023-10-19,2023-10-19 05:05:05.029007487,High,Resolved,Agent_16,5.08,1,HR
T301059,2024-10-03,2024-10-03 01:00:00.000000000,Medium,Resolved,Agent_10,1.0,1,Technical
T301060,2023-10-19,2023-10-19 07:56:48.914415491,High,Resolved,Agent_14,7.95,1,Billing
T301061,2024-05-27,2024-05-27 19:39:02.912881574,Low,Resolved,Agent_18,19.65,1,HR
T301062,2025-09-28,2025-09-29 17:53:54.852804138,High,Resolved,Agent_13,41.9,0,Technical
T301063,2023-09-19,2023-09-19 22:50:57.930664802,Low,Resolved,Agent_13,22.85,1,Billing
T301064,2025-06-15,2025-06-20 01:50:35.744160825,Low,Resolved,Agent_15,121.84,0,Billing
T301065,2022-11-29,2022-12-01 07:36:34.936710912,Low,Closed,Agent_4,55.61,1,Logistics
T301066,2024-11-08,2024-11-08 03:41:18.150798574,Low,Resolved,Agent_18,3.69,1,Technical
T301067,2024-04-26,2024-04-27 08:23:12.452401098,High,Resolved,Agent_15,32.39,0,HR
T301068,2024-05-21,2024-05-21 08:51:15.025664740,Low,Closed,Agent_6,8.85,1,Billing
T301069,2025-03-18,2025-03-19 04:31:26.387535910,Low,Resolved,Agent_10,28.52,1,HR
T301070,2024-09-28,2024-10-03 03:04:19.561141394,Low,Resolved,Agent_15,123.07,0,HR
T301071,2023-05-18,2023-05-18 21:09:31.521386807,High,Resolved,Agent_1,21.16,1,Technical
T301072,2024-09-13,2024-09-13 16:02:48.265276665,Medium,Escalated,Agent_5,16.05,1,Billing
T301073,2023-05-01,2023-05-01 11:07:40.545883824,Low,Resolved,Agent_9,11.13,1,Other
T301074,2023-03-10,2023-03-10 08:32:31.615866931,High,Resolved,Agent_14,8.54,1,Billing
T301075,2023-03-11,2023-03-11 09:31:09.027323191,High,Resolved,Agent_11,9.52,1,Technical
T301076,2024-08-15,2024-08-20 18:55:03.582157965,Medium,Resolved,Agent_6,138.92,0,Technical
T301077,2025-08-25,2025-08-26 17:41:55.599411182,Medium,Closed,Agent_16,41.7,1,HR
T301078,2025-02-26,2025-03-01 22:49:37.579918076,Low,Resolved,Agent_9,94.83,0,Technical
T301079,2023-04-16,2023-04-20 06:46:19.993639059,Medium,Closed,Agent_3,102.77,0,Technical
T301080,2023-11-20,2023-11-20 08:53:27.247460043,High,Resolved,Agent_8,8.89,1,HR
T301081,2024-11-11,2024-11-11 10:33:36.979093049,High,Resolved,Agent_17,10.56,1,Other
T301082,2023-05-06,2023-05-06 14:32:34.098885314,Medium,Resolved,Agent_9,14.54,1,Technical
T301083,2024-05-11,2024-05-11 03:13:01.957498055,Medium,Resolved,Agent_17,3.22,1,Technical
T301084,2023-02-23,2023-02-23 17:52:46.366305806,Medium,Resolved,Agent_5,17.88,1,HR
T301085,2025-08-15,2025-08-15 10:29:03.133895450,High,Resolved,Agent_11,10.48,1,HR
T301086,2025-03-07,2025-03-07 13:00:03.569313598,Low,Resolved,Agent_6,13.0,1,Technical
T301087,2025-07-01,2025-07-02 12:38:57.000136049,Medium,Escalated,Agent_14,36.65,1,Technical
T301088,2023-06-27,2023-06-27 06:22:52.022064780,Low,Closed,Agent_3,6.38,1,Billing
T301089,2023-09-05,2023-09-05 08:21:57.039618971,High,Resolved,Agent_17,8.37,1,Logistics
T301090,2022-11-16,2022-11-18 04:10:02.725873877,Low,Resolved,Agent_4,52.17,1,HR
T301091,2023-01-01,2023-01-01 01:00:00.000000000,High,Resolved,Agent_8,1.0,1,Billing
T301092,2024-10-06,2024-10-09 06:14:08.904998512,Low,Resolved,Agent_6,78.24,0,Technical
T301093,2023-08-19,2023-08-19 17:24:21.977554696,Low,Resolved,Agent_11,17.41,1,Technical
T301094,2024-11-16,2024-11-18 12:43:04.961767132,Low,Resolved,Agent_1,60.72,1,HR
T301095,2024-12-31,2024-12-31 01:00:00.000000000,Critical,Resolved,Agent_15,1.0,1,Logistics
T301096,2023-06-29,2023-06-29 23:14:27.180849809,Medium,Escalated,Agent_16,23.24,1,Technical
T301097,2025-05-13,2025-05-14 15:06:14.018257128,Low,Resolved,Agent_2,39.1,1,Technical
T301098,2025-06-10,2025-06-10 07:48:03.798131142,Low,Resolved,Agent_13,7.8,1,Logistics
T301099,2024-04-10,2024-04-11 23:02:49.782593818,Low,Resolved,Agent_12,47.05,1,Technical
T301100,2024-11-11,2024-11-13 08:25:20.123294750,Low,Resolved,Agent_14,56.42,1,Technical
T301101,2023-04-25,2023-04-25 16:33:49.508435229,Medium,Resolved,Agent_1,16.56,1,Logistics
T301102,2025-01-12,2025-01-13 17:28:39.528584219,Low,Closed,Agent_11,41.48,1,Technical
T301103,2024-11-27,2024-11-29 04:25:05.139915076,Medium,Resolved,Agent_4,52.42,0,Logistics
T301104,2025-10-12,2025-10-14 09:25:28.476305547,Low,Closed,Agent_13,57.42,1,HR
T301105,2023-10-01,2023-10-02 04:22:03.862907761,High,Resolved,Agent_20,28.37,0,HR
T301106,2025-04-17,2025-04-18 14:34:44.560461472,Low,Resolved,Agent_6,38.58,1,Billing
T301107,2024-08-20,2024-08-20 04:36:45.544375011,Medium,Resolved,Agent_5,4.61,1,Technical
T301108,2023-08-20,2023-08-20 06:47:09.482887153,Medium,Resolved,Agent_4,6.79,1,Technical
T301109,2024-01-17,2024-01-17 09:18:57.565118718,Low,Resolved,Agent_13,9.32,1,Technical
T301110,2024-06-22,2024-06-22 19:36:01.509255226,Low,Closed,Agent_18,19.6,1,Logistics
T301111,2024-12-05,2024-12-06 07:09:41.670899148,Low,Resolved,Agent_13,31.16,1,Technical
T301112,2025-01-11,2025-01-11 07:05:41.755361582,Medium,Resolved,Agent_8,7.09,1,Logistics
T301113,2025-04-30,2025-05-01 06:59:13.942588461,Low,Resolved,Agent_19,30.99,1,Billing
T301114,2023-01-10,2023-01-10 10:52:29.559101520,Medium,Closed,Agent_15,10.87,1,Technical
T301115,2025-05-19,2025-05-19 19:27:03.888408225,Medium,Resolved,Agent_1,19.45,1,Billing
T301116,2025-08-28,2025-08-28 13:25:42.087065377,Medium,Resolved,Agent_11,13.43,1,Logistics
T301117,2025-06-13,2025-06-13 13:39:49.696002595,Medium,Closed,Agent_16,13.66,1,Other
T301118,2024-12-19,2024-12-20 08:22:44.538833634,Low,Closed,Agent_10,32.38,1,Technical
T301119,2025-08-16,2025-08-20 09:54:00.419841101,Medium,Resolved,Agent_7,105.9,0,Logistics
T301120,2025-03-27,2025-03-27 19:30:57.604956515,Medium,Resolved,Agent_8,19.52,1,Billing
T301121,2023-10-02,2023-10-03 06:50:20.351359618,Medium,Resolved,Agent_20,30.84,1,Technical
T301122,2024-07-19,2024-07-19 12:56:20.988315975,Medium,Resolved,Agent_16,12.94,1,Technical
T301123,2023-12-24,2023-12-24 09:27:47.627360317,Medium,Closed,Agent_10,9.46,1,Billing
T301124,2023-06-25,2023-06-27 11:36:43.222974608,Medium,Resolved,Agent_4,59.61,0,Logistics
T301125,2024-03-20,2024-03-21 08:32:55.100246615,Medium,Resolved,Agent_12,32.55,1,Technical
T301126,2025-07-08,2025-07-08 10:28:46.668998333,High,Resolved,Agent_16,10.48,1,Logistics
T301127,2023-12-04,2023-12-04 09:50:34.616759952,Medium,Resolved,Agent_18,9.84,1,Technical
T301128,2024-07-03,2024-07-03 07:09:26.013029729,Medium,Escalated,Agent_16,7.16,1,Other
T301129,2025-06-12,2025-06-12 06:58:14.718788420,Medium,Resolved,Agent_13,6.97,1,Technical
T301130,2022-11-02,2022-11-02 16:48:55.022327235,Medium,Resolved,Agent_16,16.82,1,Billing
T301131,2022-11-16,2022-11-20 03:44:39.488799534,Low,Closed,Agent_15,99.74,0,Other
T301132,2023-08-06,2023-08-08 03:05:48.513242664,Medium,Resolved,Agent_8,51.1,0,Technical
T301133,2023-11-05,2023-11-07 17:35:19.785921518,Low,Resolved,Agent_15,65.59,1,Logistics
T301134,2025-06-20,2025-06-20 18:46:01.265323278,Medium,Resolved,Agent_7,18.77,1,Technical
T301135,2025-04-05,2025-04-05 12:51:09.180673992,Low,Resolved,Agent_20,12.85,1,Logistics
T301136,2023-11-13,2023-11-13 15:38:28.780859206,Medium,Closed,Agent_19,15.64,1,Technical
T301137,2025-10-14,2025-10-16 08:57:13.118416163,Low,Resolved,Agent_14,56.95,1,Logistics
T301138,2023-05-27,2023-05-27 10:50:48.882720212,High,Resolved,Agent_6,10.85,1,Billing
T301139,2023-03-12,2023-03-13 10:38:15.395837786,Low,Resolved,Agent_13,34.64,1,HR
T301140,2023-04-27,2023-04-27 06:42:28.209035883,High,Closed,Agent_12,6.71,1,Technical
T301141,2024-11-23,2024-11-24 09:30:49.172754499,Medium,Escalated,Agent_7,33.51,1,Technical
T301142,2024-01-11,2024-01-11 22:09:35.257475734,High,Resolved,Agent_20,22.16,1,Technical
T301143,2025-06-20,2025-06-22 13:36:14.523328339,Low,Resolved,Agent_3,61.6,1,Other
T301144,2024-09-09,2024-09-11 18:42:24.723974905,Medium,Resolved,Agent_3,66.71,0,HR
T301145,2024-04-08,2024-04-09 12:19:30.967118713,Medium,Escalated,Agent_3,36.33,1,Technical
T301146,2023-01-10,2023-01-11 04:44:56.371805112,Low,Resolved,Agent_15,28.75,1,Logistics
T301147,2022-12-24,2022-12-24 23:01:04.240476326,Medium,Resolved,Agent_16,23.02,1,Technical
T301148,2022-11-13,2022-11-14 09:41:31.767126322,Low,Resolved,Agent_13,33.69,1,HR
T301149,2023-01-19,2023-01-19 18:58:08.006223208,Medium,Escalated,Agent_16,18.97,1,Billing
T301150,2024-02-19,2024-02-23 12:30:11.395514800,Low,Closed,Agent_2,108.5,0,Technical
T301151,2025-10-19,2025-10-19 17:10:45.491258689,Low,Resolved,Agent_6,17.18,1,Technical
T301152,2025-10-06,2025-10-06 01:00:00.000000000,Low,Resolved,Agent_17,1.0,1,Logistics
T301153,2024-10-14,2024-10-14 14:16:29.268930310,High,Resolved,Agent_6,14.27,1,Billing
T301154,2025-09-25,2025-09-25 04:47:33.034671906,Medium,Closed,Agent_18,4.79,1,Technical
T301155,2023-08-13,2023-08-13 02:00:36.461413494,High,Open,Agent_12,2.01,1,Logistics
T301156,2025-06-01,2025-06-03 10:40:34.393142155,High,Closed,Agent_19,58.68,0,Billing
T301157,2023-06-16,2023-06-16 14:53:40.361210027,Low,Resolved,Agent_12,14.89,1,Technical
T301158,2023-04-20,2023-04-20 10:56:14.964234189,Low,Resolved,Agent_17,10.94,1,Logistics
T301159,2024-04-07,2024-04-07 02:32:35.621833203,High,Resolved,Agent_2,2.54,1,HR
T301160,2023-08-25,2023-08-26 01:31:05.624349058,Low,Resolved,Agent_14,25.52,1,Logistics
T301161,2024-01-31,2024-01-31 06:19:11.128517066,High,Resolved,Agent_13,6.32,1,Technical
T301162,2024-02-21,2024-02-22 00:01:29.044098544,Medium,Resolved,Agent_6,24.02,1,Billing
T301163,2023-07-30,2023-07-30 05:15:06.341811336,Low,Open,Agent_17,5.25,1,HR
T301164,2024-02-04,2024-02-06 00:26:08.609298200,Low,Closed,Agent_9,48.44,1,Billing
T301165,2024-01-08,2024-01-09 05:00:51.411048744,Low,Closed,Agent_8,29.01,1,Technical
T301166,2024-07-19,2024-07-19 05:35:10.224823832,Medium,Resolved,Agent_14,5.59,1,Billing
T301167,2025-01-04,2025-01-07 00:17:29.611527607,Low,Resolved,Agent_2,72.29,0,Logistics
T301168,2024-07-13,2024-07-14 06:50:36.730562220,Low,Resolved,Agent_10,30.84,1,Technical
T301169,2023-12-01,2023-12-03 12:36:04.286296805,Low,Resolved,Agent_3,60.6,1,Other
T301170,2025-03-09,2025-03-14 01:34:40.591693901,Low,Closed,Agent_17,121.58,0,Billing
T301171,2025-05-18,2025-05-18 10:27:53.407688691,Medium,Resolved,Agent_7,10.46,1,HR
T301172,2023-11-22,2023-11-23 03:22:55.752477970,High,Closed,Agent_12,27.38,0,Technical
T301173,2024-04-17,2024-04-17 02:40:58.245473518,High,Open,Agent_7,2.68,1,Technical
T301174,2023-06-02,2023-06-02 03:00:51.685057852,High,Closed,Agent_3,3.01,1,Logistics
T301175,2023-12-02,2023-12-03 02:09:13.917161337,Medium,Resolved,Agent_6,26.15,1,Logistics
T301176,2022-12-14,2022-12-14 02:35:56.159406844,Medium,Resolved,Agent_3,2.6,1,Technical
T301177,2024-06-14,2024-06-14 07:16:43.647444589,High,Closed,Agent_4,7.28,1,Technical
T301178,2023-11-01,2023-11-01 11:32:53.108493736,Low,Closed,Agent_16,11.55,1,Other
T301179,2023-04-23,2023-04-24 16:36:22.501758369,Low,Closed,Agent_15,40.61,1,Technical
T301180,2023-07-31,2023-08-03 06:55:08.398538822,Low,Resolved,Agent_1,78.92,0,Other
T301181,2024-03-04,2024-03-04 01:00:00.000000000,High,Resolved,Agent_2,1.0,1,Logistics
T301182,2024-06-24,2024-06-25 01:35:47.110239209,Low,Resolved,Agent_1,25.6,1,Logistics
T301183,2025-10-30,2025-10-31 07:29:01.904017993,Medium,Resolved,Agent_18,31.48,1,Billing
T301184,2024-07-04,2024-07-04 05:01:38.074114949,High,Resolved,Agent_4,5.03,1,Technical
T301185,2023-09-23,2023-09-23 02:02:41.403314563,Low,Resolved,Agent_6,2.04,1,Technical
T301186,2023-10-13,2023-10-13 10:44:22.722065777,High,Resolved,Agent_11,10.74,1,Technical
T301187,2023-04-15,2023-04-15 06:08:41.915589317,Low,Resolved,Agent_12,6.14,1,Billing
T301188,2025-03-29,2025-03-29 11:05:08.852186322,Medium,Resolved,Agent_8,11.09,1,Technical
T301189,2024-11-21,2024-11-25 15:50:20.812639452,Medium,Resolved,Agent_14,111.84,0,Billing
T301190,2023-10-10,2023-10-11 00:21:41.357663244,Low,Resolved,Agent_10,24.36,1,Technical
T301191,2022-12-31,2023-01-03 16:49:43.458520538,Low,Resolved,Agent_4,88.83,0,Billing
T301192,2023-10-30,2023-11-02 22:18:25.304792518,Low,Resolved,Agent_15,94.31,0,Logistics
T301193,2025-05-13,2025-05-13 07:19:06.672143546,Medium,Resolved,Agent_16,7.32,1,Logistics
T301194,2025-08-20,2025-08-21 19:26:44.019521148,Low,Resolved,Agent_14,43.45,1,Other
T301195,2022-12-04,2022-12-06 22:42:27.797557335,Medium,Resolved,Agent_15,70.71,0,Technical
T301196,2023-12-10,2023-12-10 22:22:26.310693961,Medium,Resolved,Agent_17,22.37,1,Logistics
T301197,2025-04-15,2025-04-18 08:32:39.724899634,Low,Resolved,Agent_12,80.54,0,Technical
T301198,2023-03-18,2023-03-18 14:54:09.526358866,Medium,Resolved,Agent_13,14.9,1,Logistics
T301199,2022-11-28,2022-11-30 12:59:13.876620993,Low,Resolved,Agent_14,60.99,1,Technical
T301200,2023-02-14,2023-02-14 01:00:00.000000000,Critical,Closed,Agent_11,1.0,1,Logistics
T301201,2023-04-06,2023-04-09 02:20:13.355064785,Low,Resolved,Agent_11,74.34,0,Billing
T301202,2023-05-15,2023-05-16 02:44:34.027983337,Medium,Resolved,Agent_6,26.74,1,Billing
T301203,2025-08-05,2025-08-05 02:40:00.981384777,Critical,Resolved,Agent_1,2.67,1,Billing
T301204,2023-05-21,2023-05-21 06:28:28.297582049,High,Resolved,Agent_20,6.47,1,Technical
T301205,2023-02-17,2023-02-17 09:29:25.707039288,Medium,Resolved,Agent_8,9.49,1,Technical
T301206,2024-04-26,2024-04-27 11:39:39.976188587,Low,Resolved,Agent_8,35.66,1,Logistics
T301207,2022-12-11,2022-12-11 02:45:40.049640529,Medium,Resolved,Agent_18,2.76,1,Logistics
T301208,2025-10-23,2025-10-24 20:43:50.724054308,Medium,Resolved,Agent_13,44.73,1,Technical
T301209,2025-04-08,2025-04-09 07:12:32.923365265,Low,Resolved,Agent_14,31.21,1,Logistics
T301210,2024-09-12,2024-09-12 01:03:26.668452527,Medium,Resolved,Agent_15,1.06,1,Billing
T301211,2025-01-20,2025-01-20 09:39:40.799395031,High,Resolved,Agent_4,9.66,1,Billing
T301212,2023-12-20,2023-12-25 08:00:01.459791934,Low,Resolved,Agent_19,128.0,0,Logistics
T301213,2023-11-07,2023-11-07 02:11:47.666120964,Medium,Resolved,Agent_13,2.2,1,Logistics
T301214,2025-01-12,2025-01-12 06:18:37.650276443,Low,Resolved,Agent_9,6.31,1,Logistics
T301215,2023-10-30,2023-10-30 23:30:18.325089828,Low,Open,Agent_16,23.51,1,Technical
T301216,2024-02-14,2024-02-15 07:55:45.171803479,Medium,Resolved,Agent_9,31.93,1,Other
T301217,2024-03-14,2024-03-15 20:32:23.340566631,Low,Resolved,Agent_2,44.54,1,HR
T301218,2025-08-02,2025-08-02 07:20:56.308095604,High,Resolved,Agent_10,7.35,1,Technical
T301219,2023-12-28,2023-12-30 11:06:51.287189194,High,Resolved,Agent_7,59.11,0,Other
T301220,2024-06-01,2024-06-01 04:55:58.741823004,Medium,Resolved,Agent_9,4.93,1,Technical
T301221,2023-12-08,2023-12-08 10:20:51.496957062,Critical,Closed,Agent_8,10.35,0,Technical
T301222,2024-03-08,2024-03-08 06:20:44.691576666,Low,Closed,Agent_20,6.35,1,Other
T301223,2024-03-06,2024-03-06 02:22:32.382506172,High,Resolved,Agent_19,2.38,1,Technical
T301224,2025-05-13,2025-05-13 16:48:32.458534388,Low,Resolved,Agent_1,16.81,1,Technical
T301225,2025-06-03,2025-06-05 01:32:37.435365377,Medium,Resolved,Agent_1,49.54,0,Billing
T301226,2024-04-14,2024-04-15 04:11:35.301659132,Low,Resolved,Agent_20,28.19,1,Technical
T301227,2025-05-29,2025-05-30 00:11:01.109442854,Low,Resolved,Agent_8,24.18,1,Billing
T301228,2023-02-21,2023-02-21 16:11:40.014559612,Medium,Resolved,Agent_4,16.19,1,Technical
T301229,2023-10-10,2023-10-11 23:50:30.593680038,Low,Resolved,Agent_4,47.84,1,Technical
T301230,2023-10-24,2023-10-24 13:13:06.512720685,Medium,Closed,Agent_15,13.22,1,Billing
T301231,2023-03-06,2023-03-12 13:38:40.081303474,Low,Closed,Agent_2,157.64,0,Technical
T301232,2023-01-21,2023-01-21 03:29:24.384913625,Medium,Resolved,Agent_17,3.49,1,Logistics
T301233,2023-07-10,2023-07-10 15:29:42.170505991,Medium,Resolved,Agent_8,15.5,1,Logistics
T301234,2023-11-17,2023-11-18 01:46:13.551079366,Low,Closed,Agent_16,25.77,1,HR
T301235,2024-10-17,2024-10-19 08:38:15.877739090,Low,Resolved,Agent_6,56.64,1,Technical
T301236,2024-01-26,2024-02-01 14:21:23.250996499,Low,Resolved,Agent_1,158.36,0,Technical
T301237,2024-06-17,2024-06-17 08:09:58.240703347,Medium,Closed,Agent_5,8.17,1,Logistics
T301238,2022-11-24,2022-11-27 02:36:03.589789141,Medium,Resolved,Agent_19,74.6,0,Billing
T301239,2023-10-19,2023-10-19 21:06:07.891208787,High,Escalated,Agent_18,21.1,1,Logistics
T301240,2023-01-12,2023-01-13 15:55:04.774184464,Medium,Resolved,Agent_3,39.92,1,Technical
T301241,2024-09-25,2024-09-25 03:38:32.694255031,Low,Resolved,Agent_2,3.64,1,Technical
T301242,2024-03-29,2024-03-29 16:56:20.742353137,Critical,Resolved,Agent_2,16.94,0,Technical
T301243,2024-12-10,2024-12-10 21:54:39.003365945,High,Resolved,Agent_1,21.91,1,Billing
T301244,2025-09-19,2025-09-21 07:23:07.025377851,Low,Resolved,Agent_3,55.39,1,Technical
T301245,2024-08-19,2024-08-19 01:38:29.952018004,High,Resolved,Agent_19,1.64,1,Technical
T301246,2025-05-27,2025-05-27 13:04:29.978484210,Medium,Resolved,Agent_4,13.07,1,Other
T301247,2025-02-11,2025-02-14 16:01:56.769275291,Low,Closed,Agent_3,88.03,0,Other
T301248,2025-09-16,2025-09-16 13:48:36.281697379,Medium,Closed,Agent_8,13.81,1,Logistics
T301249,2024-07-14,2024-07-15 03:31:42.249746575,Low,Resolved,Agent_12,27.53,1,Other
T301250,2022-11-19,2022-11-19 07:33:25.899775998,Medium,Closed,Agent_4,7.56,1,Logistics
T301251,2024-04-11,2024-04-11 02:31:19.753144179,Low,Closed,Agent_14,2.52,1,Technical
T301252,2025-01-02,2025-01-03 10:32:09.424707090,Low,Closed,Agent_10,34.54,1,Logistics
T301253,2024-04-25,2024-04-26 11:44:35.506659952,Medium,Resolved,Agent_17,35.74,1,Technical
T301254,2024-07-09,2024-07-09 07:34:46.440646723,Low,Open,Agent_18,7.58,1,Logistics
T301255,2025-10-01,2025-10-03 05:48:47.804662361,Medium,Resolved,Agent_7,53.81,0,Billing
T301256,2023-04-14,2023-04-14 04:51:42.898374480,Critical,Resolved,Agent_13,4.86,1,HR
T301257,2025-01-17,2025-01-18 16:08:58.937720326,Medium,Closed,Agent_13,40.15,1,Technical
T301258,2025-03-13,2025-03-13 06:35:54.222729955,Critical,Resolved,Agent_2,6.6,0,Billing
T301259,2025-10-13,2025-10-13 03:28:44.795508946,Medium,Open,Agent_8,3.48,1,HR
T301260,2023-11-07,2023-11-11 17:47:50.888311820,Low,Resolved,Agent_20,113.8,0,HR
T301261,2023-10-31,2023-10-31 15:11:47.589542150,High,Resolved,Agent_11,15.2,1,HR
T301262,2025-09-26,2025-09-26 01:44:20.085572669,Low,Open,Agent_2,1.74,1,Logistics
T301263,2023-02-27,2023-02-27 10:24:40.575033746,High,Open,Agent_12,10.41,1,Logistics
T301264,2023-12-14,2023-12-14 15:42:00.219037032,Medium,Resolved,Agent_5,15.7,1,Technical
T301265,2023-10-29,2023-10-29 23:31:15.832936348,High,Resolved,Agent_16,23.52,1,Billing
T301266,2025-06-15,2025-06-15 06:17:17.329132893,Low,Closed,Agent_1,6.29,1,Technical
T301267,2023-09-19,2023-09-19 10:43:26.064037890,High,Closed,Agent_12,10.72,1,Technical
T301268,2024-11-27,2024-11-27 08:54:54.975046541,Medium,Resolved,Agent_5,8.92,1,Technical
T301269,2025-06-01,2025-06-01 13:31:44.985892022,Low,Resolved,Agent_1,13.53,1,Technical
T301270,2024-01-22,2024-01-22 01:00:00.000000000,High,Resolved,Agent_3,1.0,1,Technical
T301271,2024-10-04,2024-10-04 04:50:44.549920802,High,Closed,Agent_4,4.85,1,Billing
T301272,2024-10-09,2024-10-09 12:06:14.962155385,Medium,Resolved,Agent_9,12.1,1,Logistics
T301273,2025-07-06,2025-07-06 14:15:06.126053114,Medium,Resolved,Agent_17,14.25,1,Billing
T301274,2023-10-08,2023-10-10 15:41:41.401586115,Low,Closed,Agent_12,63.69,1,Billing
T301275,2024-02-18,2024-02-18 12:24:06.955800730,Medium,Closed,Agent_19,12.4,1,Technical
T301276,2023-08-18,2023-08-18 02:36:23.516719080,High,Open,Agent_3,2.61,1,Billing
T301277,2023-04-21,2023-04-21 12:11:08.803148486,Medium,Resolved,Agent_20,12.19,1,Other
T301278,2023-08-28,2023-08-28 03:27:39.409905637,Low,Resolved,Agent_10,3.46,1,Logistics
T301279,2023-03-29,2023-04-05 03:45:13.881642325,Low,Resolved,Agent_20,171.75,0,Technical
T301280,2024-08-21,2024-08-21 01:38:40.886090814,Medium,Resolved,Agent_8,1.64,1,Billing
T301281,2024-09-28,2024-09-28 05:24:44.056727074,Medium,Resolved,Agent_3,5.41,1,Technical
T301282,2025-06-24,2025-06-24 13:24:29.226031451,Medium,Closed,Agent_11,13.41,1,Logistics
T301283,2023-12-22,2023-12-27 10:02:19.087513998,Low,Escalated,Agent_15,130.04,0,Other
T301284,2023-07-15,2023-07-15 09:27:06.407167150,Low,Resolved,Agent_20,9.45,1,Technical
T301285,2024-03-29,2024-03-29 12:15:03.442473563,Medium,Resolved,Agent_12,12.25,1,Logistics
T301286,2024-09-09,2024-09-18 01:52:37.695518228,Low,Closed,Agent_3,217.88,0,Billing
T301287,2025-04-30,2025-05-01 20:13:41.884827123,Low,Resolved,Agent_7,44.23,1,Logistics
T301288,2023-05-24,2023-05-24 11:26:28.181356794,High,Resolved,Agent_1,11.44,1,Technical
T301289,2024-09-20,2024-09-23 15:42:41.486305795,Medium,Resolved,Agent_10,87.71,0,Billing
T301290,2023-10-10,2023-10-10 16:55:48.162528565,Medium,Closed,Agent_17,16.93,1,Technical
T301291,2024-02-08,2024-02-08 01:00:00.000000000,Low,Resolved,Agent_6,1.0,1,Technical
T301292,2022-11-29,2022-11-29 01:00:00.000000000,Medium,Resolved,Agent_19,1.0,1,Logistics
T301293,2023-02-13,2023-02-15 06:54:10.890383534,Low,Closed,Agent_12,54.9,1,Other
T301294,2023-09-30,2023-09-30 02:51:05.923280979,High,Escalated,Agent_2,2.85,1,Technical
T301295,2025-10-28,2025-10-29 07:14:54.366466016,Low,Resolved,Agent_12,31.25,1,Technical
T301296,2023-02-15,2023-02-15 19:14:14.940697822,Medium,Closed,Agent_19,19.24,1,Billing
T301297,2023-02-10,2023-02-11 02:24:57.432826891,Medium,Resolved,Agent_9,26.42,1,Technical
T301298,2024-05-05,2024-05-05 04:11:53.497906639,Low,Resolved,Agent_6,4.2,1,Technical
T301299,2023-03-17,2023-03-17 08:33:49.645049052,Critical,Resolved,Agent_17,8.56,0,Technical
T301300,2024-03-04,2024-03-09 01:20:09.203686904,Low,Escalated,Agent_2,121.34,0,Logistics
T301301,2023-01-06,2023-01-06 14:10:40.330331138,Low,Resolved,Agent_7,14.18,1,Logistics
T301302,2023-08-05,2023-08-05 22:58:48.956835737,Low,Resolved,Agent_6,22.98,1,Billing
T301303,2023-05-31,2023-05-31 16:20:32.687097638,High,Resolved,Agent_14,16.34,1,Logistics
T301304,2024-07-20,2024-07-20 13:42:32.563767073,Low,Resolved,Agent_17,13.71,1,Other
T301305,2024-08-09,2024-08-09 18:45:14.706992042,Medium,Resolved,Agent_18,18.75,1,Billing
T301306,2023-10-31,2023-11-02 03:46:31.291951157,Low,Closed,Agent_6,51.78,1,Technical
T301307,2024-09-08,2024-09-10 02:44:29.596436396,Medium,Resolved,Agent_12,50.74,0,Logistics
T301308,2025-03-12,2025-03-12 10:10:05.829579541,Medium,Resolved,Agent_6,10.17,1,Logistics
T301309,2023-11-30,2023-12-01 08:34:13.559530023,Low,Resolved,Agent_14,32.57,1,Technical
T301310,2024-05-08,2024-05-08 09:47:44.291507504,Low,Resolved,Agent_13,9.8,1,HR
T301311,2025-01-11,2025-01-11 17:38:42.418427952,Low,Closed,Agent_9,17.65,1,Technical
T301312,2023-12-29,2023-12-29 01:11:49.202309139,High,Closed,Agent_18,1.2,1,Technical
T301313,2023-12-21,2023-12-21 02:38:32.427611502,High,Resolved,Agent_10,2.64,1,Logistics
T301314,2025-06-02,2025-06-02 20:23:55.007853266,Low,Closed,Agent_10,20.4,1,Other
T301315,2023-10-12,2023-10-12 06:37:31.568622205,High,Resolved,Agent_14,6.63,1,HR
T301316,2024-09-27,2024-09-28 05:27:07.029943692,Medium,Closed,Agent_9,29.45,1,Other
T301317,2024-05-30,2024-05-31 05:26:21.331177846,Low,Closed,Agent_9,29.44,1,Technical
T301318,2025-01-24,2025-01-24 01:12:25.305875071,Medium,Resolved,Agent_9,1.21,1,Billing
T301319,2023-04-29,2023-04-30 09:49:44.607440387,Medium,Resolved,Agent_3,33.83,1,Technical
T301320,2023-06-02,2023-06-03 12:31:39.255484828,Low,Closed,Agent_9,36.53,1,Billing
T301321,2024-01-12,2024-01-17 14:34:22.077543411,Low,Resolved,Agent_13,134.57,0,Logistics
T301322,2023-04-02,2023-04-02 12:06:07.884838475,High,Open,Agent_10,12.1,1,Technical
T301323,2025-03-21,2025-03-21 09:09:39.887088009,High,Resolved,Agent_3,9.16,1,Technical
T301324,2025-05-29,2025-05-29 16:44:23.598952504,Low,Resolved,Agent_20,16.74,1,Logistics
T301325,2024-06-28,2024-06-28 06:28:29.880273805,Medium,Closed,Agent_4,6.47,1,Technical
T301326,2024-11-21,2024-11-21 12:32:51.412419193,Low,Resolved,Agent_14,12.55,1,Technical
T301327,2025-06-11,2025-06-12 01:05:34.315273016,Low,Closed,Agent_13,25.09,1,HR
T301328,2024-12-27,2024-12-27 09:01:23.506320114,Low,Resolved,Agent_20,9.02,1,Logistics
T301329,2023-04-01,2023-04-02 20:37:18.775108204,Medium,Resolved,Agent_7,44.62,1,Logistics
T301330,2025-04-12,2025-04-15 06:31:00.803530098,Low,Closed,Agent_7,78.52,0,Logistics
T301331,2025-04-27,2025-04-29 14:38:36.859118422,Low,Resolved,Agent_6,62.64,1,Technical
T301332,2024-01-30,2024-01-30 02:23:56.401968766,Low,Open,Agent_8,2.4,1,Technical
T301333,2023-09-30,2023-09-30 03:34:54.702110678,Low,Resolved,Agent_6,3.58,1,Billing
T301334,2024-02-06,2024-02-08 00:33:53.934135348,Low,Open,Agent_4,48.56,1,HR
T301335,2025-09-15,2025-09-17 18:20:40.006285963,Low,Resolved,Agent_5,66.34,1,Technical
T301336,2025-01-14,2025-01-14 01:00:00.000000000,High,Resolved,Agent_18,1.0,1,Logistics
T301337,2024-01-13,2024-01-13 16:28:24.111915759,Low,Closed,Agent_2,16.47,1,Technical
T301338,2023-02-05,2023-02-05 03:30:58.492432777,Medium,Closed,Agent_14,3.52,1,Logistics
T301339,2023-11-29,2023-11-29 12:37:31.093880168,Low,Resolved,Agent_14,12.63,1,Billing
T301340,2023-07-25,2023-07-26 11:04:06.580181364,Low,Resolved,Agent_5,35.07,1,Logistics
T301341,2025-02-07,2025-02-07 05:33:10.459062841,Low,Resolved,Agent_11,5.55,1,HR
T301342,2025-09-30,2025-09-30 03:08:01.652924579,High,Closed,Agent_20,3.13,1,Logistics
T301343,2023-03-01,2023-03-02 15:56:43.932514774,Low,Resolved,Agent_3,39.95,1,Logistics
T301344,2023-12-30,2023-12-30 08:30:50.325800155,High,Open,Agent_16,8.51,1,Technical
T301345,2022-11-04,2022-11-05 22:46:38.108863503,Medium,Open,Agent_20,46.78,1,Technical
T301346,2024-08-04,2024-08-04 01:00:00.000000000,Critical,Resolved,Agent_8,1.0,1,Billing
T301347,2025-08-19,2025-08-19 05:32:32.028739059,High,Resolved,Agent_20,5.54,1,Technical
T301348,2025-01-27,2025-01-28 06:58:52.298049863,High,Resolved,Agent_15,30.98,0,Logistics
T301349,2023-05-02,2023-05-05 04:15:18.171840194,Low,Closed,Agent_14,76.26,0,Other
T301350,2024-03-13,2024-03-14 19:39:57.160247825,Low,Resolved,Agent_14,43.67,1,Technical
T301351,2023-01-11,2023-01-13 22:20:04.744153443,Low,Resolved,Agent_8,70.33,1,Logistics
T301352,2023-01-09,2023-01-09 14:16:39.126024146,Medium,Closed,Agent_1,14.28,1,Logistics
T301353,2024-06-03,2024-06-05 09:58:28.721564338,Medium,Closed,Agent_16,57.97,0,Other
T301354,2023-03-03,2023-03-04 19:56:26.683879707,Low,Resolved,Agent_12,43.94,1,Logistics
T301355,2023-11-27,2023-11-28 04:32:55.404390251,Medium,Closed,Agent_14,28.55,1,Logistics
T301356,2025-05-03,2025-05-05 02:39:52.612429397,Low,Resolved,Agent_9,50.66,1,Billing
T301357,2023-11-03,2023-11-04 02:48:35.304593734,Medium,Closed,Agent_14,26.81,1,Technical
T301358,2024-02-01,2024-02-02 00:35:26.175027236,Medium,Closed,Agent_13,24.59,1,Technical
T301359,2023-05-02,2023-05-02 01:00:00.000000000,High,Closed,Agent_19,1.0,1,HR
T301360,2025-10-31,2025-10-31 22:13:22.966059893,Medium,Open,Agent_16,22.22,1,Technical
T301361,2024-03-26,2024-03-26 09:10:41.526393529,Critical,Resolved,Agent_19,9.18,0,Technical
T301362,2025-08-28,2025-08-28 01:00:00.000000000,Critical,Open,Agent_17,1.0,1,Other
T301363,2025-10-31,2025-11-02 05:20:34.929072877,Medium,Resolved,Agent_5,53.34,0,HR
T301364,2024-10-24,2024-10-30 01:59:20.011154508,Low,Resolved,Agent_3,145.99,0,Logistics
T301365,2022-12-16,2022-12-16 06:35:05.419195904,Low,Resolved,Agent_1,6.58,1,Billing
T301366,2024-06-15,2024-06-15 09:11:23.862331255,High,Resolved,Agent_7,9.19,1,Billing
T301367,2025-05-28,2025-05-28 02:48:46.447569384,Medium,Closed,Agent_7,2.81,1,Billing
T301368,2024-12-12,2024-12-12 15:58:08.900586636,Low,Resolved,Agent_17,15.97,1,Logistics
T301369,2024-02-25,2024-02-26 22:37:58.572862629,Low,Open,Agent_7,46.63,1,Technical
T301370,2024-08-16,2024-08-16 17:18:59.051640789,Low,Closed,Agent_13,17.32,1,Billing
T301371,2023-06-25,2023-06-25 21:50:23.488191726,Low,Resolved,Agent_13,21.84,1,Logistics
T301372,2025-07-18,2025-07-20 17:48:20.541069564,Low,Resolved,Agent_10,65.81,1,Billing
T301373,2024-09-17,2024-09-17 20:32:06.128126994,Medium,Resolved,Agent_20,20.54,1,Technical
T301374,2023-01-03,2023-01-04 11:02:07.424487898,Low,Resolved,Agent_2,35.04,1,Logistics
T301375,2023-08-06,2023-08-06 04:42:06.576695617,High,Resolved,Agent_6,4.7,1,Logistics
T301376,2022-12-20,2022-12-21 05:13:47.094651322,Medium,Resolved,Agent_7,29.23,1,Other
T301377,2023-06-03,2023-06-03 06:37:08.673543912,High,Resolved,Agent_13,6.62,1,Technical
T301378,2022-12-06,2022-12-10 13:57:28.969915057,Low,Closed,Agent_8,109.96,0,Technical
T301379,2024-01-05,2024-01-05 22:05:13.533703275,Medium,Resolved,Agent_13,22.09,1,Technical
T301380,2024-03-19,2024-03-20 13:05:51.459338548,Low,Resolved,Agent_11,37.1,1,Technical
T301381,2023-07-07,2023-07-07 19:30:10.129826349,High,Resolved,Agent_10,19.5,1,HR
T301382,2024-11-03,2024-11-04 07:53:36.165790762,Low,Resolved,Agent_4,31.89,1,Other
T301383,2025-01-13,2025-01-13 03:55:48.696582264,High,Open,Agent_10,3.93,1,Other
T301384,2024-02-11,2024-02-11 02:01:20.645618194,High,Resolved,Agent_17,2.02,1,Technical
T301385,2024-11-30,2024-12-01 15:36:21.079944551,Low,Resolved,Agent_8,39.61,1,Logistics
T301386,2024-03-24,2024-03-25 02:33:01.879977110,Low,Resolved,Agent_20,26.55,1,Technical
T301387,2024-10-26,2024-10-26 12:09:18.302285394,Medium,Resolved,Agent_5,12.16,1,Technical
T301388,2025-01-18,2025-01-18 10:19:00.881700795,Medium,Resolved,Agent_20,10.32,1,Billing
T301389,2023-04-15,2023-04-16 02:43:31.592665209,Medium,Resolved,Agent_15,26.73,1,Billing
T301390,2025-10-15,2025-10-16 11:07:48.967884888,Low,Resolved,Agent_10,35.13,1,Technical
T301391,2025-02-23,2025-02-23 18:29:34.985745639,Medium,Resolved,Agent_19,18.49,1,Billing
T301392,2025-08-08,2025-08-08 17:40:50.826133186,Low,Closed,Agent_18,17.68,1,HR
T301393,2024-04-29,2024-04-30 21:38:55.239409507,Low,Resolved,Agent_12,45.65,1,Logistics
T301394,2023-01-02,2023-01-03 00:48:06.275946983,Low,Resolved,Agent_2,24.8,1,Logistics
T301395,2024-10-02,2024-10-02 17:36:32.431296943,High,Resolved,Agent_7,17.61,1,Billing
T301396,2024-05-08,2024-05-08 18:05:47.696326182,Medium,Resolved,Agent_11,18.1,1,Logistics
T301397,2024-06-29,2024-06-29 08:12:04.563111432,Medium,Open,Agent_15,8.2,1,Logistics
T301398,2023-03-28,2023-03-28 07:40:22.340929885,Low,Closed,Agent_12,7.67,1,Technical
T301399,2023-09-04,2023-09-04 14:26:42.409951280,High,Closed,Agent_10,14.45,1,Logistics
T301400,2023-02-06,2023-02-06 22:15:43.271945405,Low,Resolved,Agent_13,22.26,1,HR
T301401,2025-10-01,2025-10-01 03:15:08.171240626,Low,Resolved,Agent_2,3.25,1,Logistics
T301402,2023-09-12,2023-09-12 14:47:05.597521877,Critical,Resolved,Agent_15,14.78,0,Technical
T301403,2024-11-23,2024-11-23 23:27:46.673545367,Low,Resolved,Agent_8,23.46,1,Technical
T301404,2024-06-12,2024-06-13 08:53:05.076765976,Medium,Resolved,Agent_6,32.88,1,Technical
T301405,2025-09-21,2025-09-22 05:28:50.173275000,Low,Closed,Agent_4,29.48,1,Other
T301406,2025-05-22,2025-05-26 10:21:18.065480198,Low,Resolved,Agent_8,106.36,0,HR
T301407,2024-09-09,2024-09-09 01:24:58.156105461,Low,Closed,Agent_20,1.42,1,Billing
T301408,2025-09-19,2025-09-19 03:36:13.125054212,High,Closed,Agent_5,3.6,1,Logistics
T301409,2024-09-11,2024-09-12 13:52:47.663852924,Low,Resolved,Agent_20,37.88,1,Billing
T301410,2025-03-20,2025-03-20 18:44:25.008628795,Low,Resolved,Agent_8,18.74,1,Technical
T301411,2023-11-28,2023-11-28 16:17:22.620809953,High,Resolved,Agent_14,16.29,1,HR
T301412,2025-09-21,2025-09-21 13:59:35.226182156,High,Closed,Agent_17,13.99,1,Technical
T301413,2024-09-26,2024-09-26 01:14:27.864762526,Low,Resolved,Agent_20,1.24,1,Technical
T301414,2025-06-29,2025-06-30 20:02:36.796842845,Low,Resolved,Agent_2,44.04,1,Technical
T301415,2025-05-07,2025-05-08 19:22:21.765183967,Medium,Resolved,Agent_19,43.37,1,Technical
T301416,2025-02-26,2025-02-26 09:06:06.758810266,Medium,Resolved,Agent_4,9.1,1,HR
T301417,2025-06-05,2025-06-05 07:12:13.436143415,Low,Resolved,Agent_14,7.2,1,HR
T301418,2025-07-09,2025-07-10 08:10:23.117136848,Medium,Closed,Agent_7,32.17,1,HR
T301419,2023-12-12,2023-12-14 07:21:53.470316780,Medium,Resolved,Agent_16,55.36,0,Technical
T301420,2023-08-01,2023-08-03 03:20:52.045615418,Low,Resolved,Agent_10,51.35,1,Logistics
T301421,2024-11-10,2024-11-11 20:54:21.846463372,Medium,Closed,Agent_11,44.91,1,Billing
T301422,2024-05-02,2024-05-08 14:51:06.666646636,Medium,Resolved,Agent_5,158.85,0,Technical
T301423,2022-12-31,2022-12-31 16:36:21.897379503,Medium,Escalated,Agent_12,16.61,1,Technical
T301424,2024-03-27,2024-03-29 17:42:27.611379656,Medium,Resolved,Agent_15,65.71,0,Technical
T301425,2025-10-19,2025-10-19 20:15:46.959339632,Low,Closed,Agent_10,20.26,1,Billing
T301426,2025-04-20,2025-04-21 08:51:24.874579864,Medium,Closed,Agent_2,32.86,1,Billing
T301427,2023-11-15,2023-11-16 03:48:29.738473931,High,Closed,Agent_18,27.81,0,Logistics
T301428,2023-10-13,2023-10-13 17:39:32.627988650,Medium,Resolved,Agent_11,17.66,1,Technical
T301429,2023-12-04,2023-12-04 23:38:02.383526767,Medium,Resolved,Agent_5,23.63,1,Billing
T301430,2022-11-07,2022-11-10 12:33:20.690523401,Medium,Resolved,Agent_6,84.56,0,Technical
T301431,2025-05-17,2025-05-17 13:53:03.541995085,Low,Closed,Agent_13,13.88,1,Technical
T301432,2025-06-12,2025-06-12 21:07:15.838639548,Low,Resolved,Agent_17,21.12,1,Technical
T301433,2025-09-09,2025-09-09 17:45:19.754438217,High,Resolved,Agent_16,17.76,1,Other
T301434,2023-09-23,2023-09-23 10:00:27.652815442,Medium,Closed,Agent_1,10.01,1,Technical
T301435,2024-08-15,2024-08-15 08:20:11.006055552,High,Resolved,Agent_13,8.34,1,Other
T301436,2023-03-23,2023-03-23 02:29:06.756724609,Low,Closed,Agent_10,2.49,1,Billing
T301437,2023-11-29,2023-11-30 16:00:32.706033963,Low,Resolved,Agent_13,40.01,1,Billing
T301438,2024-02-26,2024-02-26 11:49:37.924986870,High,Resolved,Agent_20,11.83,1,Logistics
T301439,2025-07-14,2025-07-14 04:08:18.228812283,Low,Resolved,Agent_18,4.14,1,Logistics
T301440,2024-03-05,2024-03-05 03:21:18.050627102,High,Closed,Agent_18,3.36,1,Technical
T301441,2025-06-08,2025-06-09 03:15:02.950001967,Low,Open,Agent_4,27.25,1,Technical
T301442,2023-12-17,2023-12-17 09:07:07.353747493,Critical,Resolved,Agent_3,9.12,0,Logistics
T301443,2023-10-20,2023-10-20 01:00:00.000000000,High,Escalated,Agent_16,1.0,1,Other
T301444,2024-01-06,2024-01-06 09:39:35.462593851,Medium,Resolved,Agent_7,9.66,1,Other
T301445,2022-11-03,2022-11-03 01:00:00.000000000,Medium,Resolved,Agent_7,1.0,1,Logistics
T301446,2025-06-13,2025-06-13 17:40:46.075746532,Medium,Resolved,Agent_2,17.68,1,Logistics
T301447,2023-03-11,2023-03-11 08:17:18.308792159,High,Closed,Agent_16,8.29,1,HR
T301448,2025-08-20,2025-08-21 09:47:32.549865801,Medium,Resolved,Agent_5,33.79,1,Logistics
T301449,2023-04-09,2023-04-09 01:00:00.000000000,Critical,Open,Agent_8,1.0,1,Other
T301450,2022-11-17,2022-11-19 20:14:41.985131268,Low,Resolved,Agent_8,68.24,1,HR
T301451,2023-10-22,2023-10-24 05:14:37.773154327,Medium,Resolved,Agent_11,53.24,0,Logistics
T301452,2025-09-21,2025-09-21 18:19:48.123777470,Low,Resolved,Agent_20,18.33,1,Technical
T301453,2025-04-07,2025-04-07 19:29:16.930524891,Low,Escalated,Agent_10,19.49,1,Technical
T301454,2024-02-26,2024-02-26 01:00:00.000000000,Low,Resolved,Agent_1,1.0,1,HR
T301455,2024-07-02,2024-07-03 02:54:25.419781504,Low,Resolved,Agent_6,26.91,1,Technical
T301456,2024-12-12,2024-12-13 21:34:10.604298087,Low,Resolved,Agent_7,45.57,1,Billing
T301457,2025-03-06,2025-03-06 06:16:59.591576604,Low,Closed,Agent_17,6.28,1,Technical
T301458,2025-01-04,2025-01-04 06:25:22.923299648,Critical,Resolved,Agent_16,6.42,0,Other
T301459,2025-06-19,2025-06-19 10:55:37.965297799,Medium,Resolved,Agent_14,10.93,1,Logistics
T301460,2025-01-10,2025-01-12 05:39:13.879488359,Low,Resolved,Agent_3,53.65,1,Billing
T301461,2023-10-08,2023-10-08 03:28:11.115100472,High,Resolved,Agent_9,3.47,1,Billing
T301462,2023-12-11,2023-12-12 11:45:43.299555811,Medium,Resolved,Agent_10,35.76,1,Logistics
T301463,2024-05-13,2024-05-14 14:12:22.189418455,Low,Resolved,Agent_3,38.21,1,Technical
T301464,2024-05-30,2024-05-30 18:17:03.281799113,Medium,Resolved,Agent_12,18.28,1,Billing
T301465,2023-06-09,2023-06-10 08:08:51.180432079,Low,Resolved,Agent_4,32.15,1,Other
T301466,2023-03-27,2023-03-30 16:33:36.194495441,Low,Closed,Agent_12,88.56,0,Logistics
T301467,2025-07-28,2025-07-29 14:47:03.707888699,Low,Resolved,Agent_13,38.78,1,Logistics
T301468,2024-03-05,2024-03-05 08:20:45.844203779,Low,Resolved,Agent_7,8.35,1,HR
T301469,2023-10-19,2023-10-19 23:35:29.570695931,Medium,Resolved,Agent_19,23.59,1,Technical
T301470,2025-08-07,2025-08-07 17:19:17.034614863,Medium,Resolved,Agent_18,17.32,1,Technical
T301471,2023-01-20,2023-01-20 01:42:51.019965623,Medium,Resolved,Agent_18,1.71,1,Technical
T301472,2025-03-19,2025-03-19 20:52:54.707918934,Medium,Resolved,Agent_9,20.88,1,Other
T301473,2024-10-05,2024-10-05 03:58:12.812377725,Low,Resolved,Agent_7,3.97,1,Billing
T301474,2024-01-08,2024-01-10 13:56:16.443687777,Low,Resolved,Agent_7,61.94,1,Logistics
T301475,2024-11-09,2024-11-11 03:03:05.862757782,Low,Closed,Agent_13,51.05,1,Technical
T301476,2024-03-24,2024-03-24 16:18:50.415379698,Medium,Resolved,Agent_6,16.31,1,HR
T301477,2024-06-16,2024-06-16 16:34:38.352077782,High,Resolved,Agent_7,16.58,1,HR
T301478,2025-05-01,2025-05-01 15:49:03.818500512,Low,Closed,Agent_13,15.82,1,Billing
T301479,2024-02-23,2024-02-23 03:32:53.378735470,Critical,Resolved,Agent_20,3.55,1,Technical
T301480,2024-11-24,2024-11-24 01:00:00.000000000,Low,Resolved,Agent_6,1.0,1,Billing
T301481,2024-10-27,2024-10-29 05:22:16.115554016,High,Resolved,Agent_17,53.37,0,Technical
T301482,2023-10-12,2023-10-12 01:00:00.000000000,High,Resolved,Agent_20,1.0,1,Other
T301483,2025-06-12,2025-06-12 05:17:43.833801177,Low,Resolved,Agent_18,5.3,1,Billing
T301484,2023-02-13,2023-02-14 08:46:57.272080509,Low,Resolved,Agent_20,32.78,1,Technical
T301485,2024-12-27,2024-12-27 22:37:46.544784879,Low,Resolved,Agent_8,22.63,1,HR
T301486,2025-01-03,2025-01-04 12:28:53.580366193,Low,Resolved,Agent_18,36.48,1,Other
T301487,2023-11-28,2023-11-29 19:14:42.346590751,Medium,Closed,Agent_15,43.25,1,Logistics
T301488,2023-05-15,2023-05-15 04:08:42.373993848,Medium,Resolved,Agent_1,4.15,1,HR
T301489,2023-12-27,2023-12-28 00:29:18.330682517,Medium,Escalated,Agent_1,24.49,1,Technical
T301490,2025-03-30,2025-03-30 01:00:00.000000000,Medium,Escalated,Agent_7,1.0,1,Technical
T301491,2023-06-06,2023-06-09 02:55:16.629538220,Low,Open,Agent_16,74.92,0,Billing
T301492,2023-04-02,2023-04-02 20:17:22.908865433,High,Resolved,Agent_20,20.29,1,Technical
T301493,2022-12-07,2022-12-07 22:53:51.259401403,Low,Resolved,Agent_14,22.9,1,Technical
T301494,2024-09-20,2024-09-20 02:17:03.276678588,High,Resolved,Agent_12,2.28,1,Technical
T301495,2024-10-12,2024-10-15 07:59:02.075474001,Low,Resolved,Agent_5,79.98,0,Billing
T301496,2023-09-06,2023-09-10 19:09:40.984004338,Low,Resolved,Agent_7,115.16,0,Technical
T301497,2023-07-08,2023-07-08 03:45:29.060122431,Low,Resolved,Agent_12,3.76,1,Technical
T301498,2025-05-30,2025-05-31 17:37:04.617587718,Low,Resolved,Agent_19,41.62,1,Other
T301499,2024-11-09,2024-11-14 13:35:21.985263650,Low,Closed,Agent_5,133.59,0,Other
T301500,2024-07-17,2024-07-18 00:46:11.959925320,Medium,Resolved,Agent_7,24.77,1,Billing
T301501,2023-01-31,2023-02-03 10:23:44.835955808,Low,Resolved,Agent_7,82.4,0,Billing
T301502,2024-05-28,2024-05-28 12:32:03.878080714,Low,Open,Agent_13,12.53,1,HR
T301503,2024-02-27,2024-02-27 05:10:55.271551464,Low,Resolved,Agent_20,5.18,1,Billing
T301504,2025-02-11,2025-02-11 11:19:32.690480871,Medium,Resolved,Agent_17,11.33,1,Other
T301505,2023-08-29,2023-08-29 12:03:54.050375717,Medium,Resolved,Agent_5,12.07,1,Technical
T301506,2024-03-02,2024-03-02 09:15:23.001320113,Critical,Open,Agent_14,9.26,0,Technical
T301507,2024-02-27,2024-02-28 01:01:33.054373463,Low,Resolved,Agent_11,25.03,1,Logistics
T301508,2024-08-09,2024-08-09 03:14:22.967168293,High,Resolved,Agent_20,3.24,1,Technical
T301509,2024-05-04,2024-05-08 08:22:41.938884920,Low,Closed,Agent_19,104.38,0,Billing
T301510,2024-02-06,2024-02-09 01:15:38.810388499,Low,Resolved,Agent_4,73.26,0,HR
T301511,2023-08-30,2023-08-31 02:24:44.842844690,Medium,Escalated,Agent_17,26.41,1,Other
T301512,2023-12-23,2023-12-23 11:08:22.407439635,Low,Closed,Agent_17,11.14,1,Logistics
T301513,2023-01-07,2023-01-07 11:00:01.742190625,Low,Resolved,Agent_3,11.0,1,HR
T301514,2022-12-27,2022-12-28 08:26:53.730153393,Low,Escalated,Agent_14,32.45,1,Other
T301515,2023-05-20,2023-05-20 18:10:03.392732576,Medium,Resolved,Agent_6,18.17,1,Technical
T301516,2024-06-21,2024-06-21 14:12:01.560422317,Low,Open,Agent_10,14.2,1,Technical
T301517,2025-02-07,2025-02-07 06:19:12.701401950,Low,Resolved,Agent_17,6.32,1,Technical
T301518,2025-09-28,2025-09-28 02:42:28.198327540,Critical,Resolved,Agent_2,2.71,1,Billing
T301519,2023-03-15,2023-03-16 02:54:16.442965742,Low,Closed,Agent_12,26.9,1,Logistics
T301520,2025-03-12,2025-03-12 02:35:26.437101990,Low,Resolved,Agent_16,2.59,1,Billing
T301521,2024-12-13,2024-12-13 19:57:28.653433142,Medium,Closed,Agent_16,19.96,1,Billing
T301522,2025-06-07,2025-06-07 01:00:00.000000000,Low,Resolved,Agent_3,1.0,1,Technical
T301523,2024-06-17,2024-06-17 07:52:01.890332277,Low,Closed,Agent_18,7.87,1,Billing
T301524,2023-06-01,2023-06-01 01:00:00.000000000,Critical,Resolved,Agent_7,1.0,1,Billing
T301525,2024-12-26,2024-12-28 07:50:22.651145139,Low,Resolved,Agent_10,55.84,1,Billing
T301526,2024-03-16,2024-03-16 15:58:03.769323247,Medium,Resolved,Agent_8,15.97,1,HR
T301527,2023-04-20,2023-04-23 14:47:21.455151816,Low,Resolved,Agent_18,86.79,0,Logistics
T301528,2023-12-25,2023-12-25 14:46:06.909542020,Low,Closed,Agent_17,14.77,1,HR
T301529,2025-02-01,2025-02-01 11:20:58.501275827,Low,Closed,Agent_3,11.35,1,HR
T301530,2022-11-21,2022-11-22 14:58:35.255171286,Medium,Resolved,Agent_8,38.98,1,Other
T301531,2023-08-17,2023-08-17 14:05:47.395309300,Medium,Resolved,Agent_20,14.1,1,Billing
T301532,2024-07-14,2024-07-14 15:23:06.372969694,Low,Resolved,Agent_5,15.39,1,Other
T301533,2023-02-15,2023-02-15 13:00:05.585771639,Medium,Closed,Agent_20,13.0,1,Technical
T301534,2024-09-19,2024-09-19 13:17:33.594426717,Medium,Resolved,Agent_12,13.29,1,Billing
T301535,2025-06-02,2025-06-02 20:22:23.547560969,Medium,Resolved,Agent_6,20.37,1,Logistics
T301536,2023-08-13,2023-08-13 01:50:34.489820591,Low,Resolved,Agent_10,1.84,1,Technical
T301537,2024-07-13,2024-07-13 13:40:39.565485674,Low,Resolved,Agent_10,13.68,1,Billing
T301538,2024-12-22,2024-12-22 07:32:54.318834835,High,Resolved,Agent_1,7.55,1,Billing
T301539,2024-10-28,2024-10-28 18:45:23.862187958,Medium,Resolved,Agent_9,18.76,1,Technical
T301540,2025-02-05,2025-02-05 08:17:52.465046852,Low,Resolved,Agent_18,8.3,1,HR
T301541,2023-03-12,2023-03-12 05:09:53.556027087,Medium,Resolved,Agent_3,5.16,1,Technical
T301542,2023-10-05,2023-10-07 14:25:25.437732085,Low,Resolved,Agent_1,62.42,1,Logistics
T301543,2023-06-09,2023-06-12 01:54:22.244350471,Low,Closed,Agent_10,73.91,0,Billing
T301544,2024-12-21,2024-12-21 03:44:58.376085131,Low,Closed,Agent_3,3.75,1,Technical
T301545,2025-02-26,2025-03-02 14:43:01.275704930,Medium,Closed,Agent_18,110.72,0,Billing
T301546,2023-01-16,2023-01-16 13:37:21.886903838,Medium,Resolved,Agent_7,13.62,1,HR
T301547,2024-06-27,2024-06-28 18:18:06.547179042,Low,Resolved,Agent_7,42.3,1,Other
T301548,2024-06-14,2024-06-14 10:48:23.438138561,High,Resolved,Agent_10,10.81,1,Technical
T301549,2022-12-20,2022-12-20 10:11:32.455808860,Medium,Closed,Agent_13,10.19,1,Other
T301550,2024-11-17,2024-11-17 18:53:16.607240070,Medium,Resolved,Agent_4,18.89,1,Logistics
T301551,2023-09-28,2023-09-29 18:01:49.510536220,Low,Resolved,Agent_12,42.03,1,Billing
T301552,2024-09-08,2024-09-08 08:34:54.475855430,Critical,Resolved,Agent_3,8.58,0,Technical
T301553,2025-07-23,2025-07-24 02:01:05.847758457,Medium,Resolved,Agent_16,26.02,1,HR
T301554,2025-06-15,2025-06-15 14:12:12.692943212,Medium,Resolved,Agent_11,14.2,1,Technical
T301555,2023-09-17,2023-09-17 02:32:54.172864375,High,Resolved,Agent_3,2.55,1,Technical
T301556,2024-04-12,2024-04-12 01:00:00.000000000,Medium,Resolved,Agent_8,1.0,1,Technical
T301557,2025-03-17,2025-03-19 02:38:46.992883909,Low,Resolved,Agent_7,50.65,1,Technical
T301558,2024-11-10,2024-11-10 03:53:49.685218859,Critical,Closed,Agent_14,3.9,1,Billing
T301559,2024-10-16,2024-10-22 17:38:26.388558556,Low,Closed,Agent_2,161.64,0,Logistics
T301560,2024-01-07,2024-01-07 04:58:03.437150429,Low,Open,Agent_10,4.97,1,Logistics
T301561,2025-07-29,2025-07-29 01:00:00.000000000,High,Resolved,Agent_3,1.0,1,Logistics
T301562,2023-11-15,2023-11-15 04:48:00.974139541,Medium,Open,Agent_11,4.8,1,Logistics
T301563,2023-07-15,2023-07-15 22:42:04.402738779,Low,Closed,Agent_19,22.7,1,Technical
T301564,2023-12-02,2023-12-02 09:14:38.453008980,Low,Resolved,Agent_8,9.24,1,Billing
T301565,2024-12-28,2024-12-29 05:55:12.116810916,Low,Closed,Agent_20,29.92,1,HR
T301566,2023-07-15,2023-07-15 19:55:24.615265281,Low,Resolved,Agent_5,19.92,1,Technical
T301567,2025-06-30,2025-07-15 04:10:27.351242059,Low,Resolved,Agent_9,364.17,0,Logistics
T301568,2023-04-08,2023-04-14 19:18:36.172905019,Low,Closed,Agent_13,163.31,0,Billing
T301569,2025-02-06,2025-02-06 10:53:31.809187142,Medium,Closed,Agent_11,10.89,1,Billing
T301570,2025-07-10,2025-07-13 03:23:36.175885425,Low,Closed,Agent_2,75.39,0,Billing
T301571,2023-05-22,2023-05-22 13:16:37.720315060,Low,Resolved,Agent_12,13.28,1,Logistics
T301572,2024-09-18,2024-09-18 02:51:18.330841894,Low,Resolved,Agent_3,2.86,1,Logistics
T301573,2023-01-21,2023-01-21 01:00:00.000000000,Critical,Resolved,Agent_15,1.0,1,Logistics
T301574,2025-09-14,2025-09-14 01:00:00.000000000,Medium,Resolved,Agent_1,1.0,1,Other
T301575,2025-05-18,2025-05-20 15:54:53.659545270,Low,Closed,Agent_11,63.91,1,Billing
T301576,2022-11-18,2022-11-18 20:06:23.987352654,Low,Resolved,Agent_10,20.11,1,Billing
T301577,2025-06-18,2025-06-19 17:40:19.231044064,Medium,Resolved,Agent_3,41.67,1,Billing
T301578,2025-04-05,2025-04-09 03:22:03.004052368,Low,Resolved,Agent_14,99.37,0,Technical
T301579,2022-11-21,2022-11-21 04:22:29.455733915,High,Resolved,Agent_16,4.37,1,HR
T301580,2025-07-24,2025-07-24 08:11:27.010879259,Medium,Resolved,Agent_9,8.19,1,HR
T301581,2024-07-30,2024-07-30 17:40:01.693772277,Low,Resolved,Agent_14,17.67,1,Technical
T301582,2025-05-25,2025-05-25 15:29:06.320746300,Medium,Resolved,Agent_1,15.49,1,Logistics
T301583,2024-11-05,2024-11-05 01:00:00.000000000,Low,Resolved,Agent_1,1.0,1,HR
T301584,2024-07-25,2024-07-25 01:00:00.000000000,Low,Closed,Agent_4,1.0,1,Logistics
T301585,2024-08-01,2024-08-03 15:49:53.465061236,Low,Resolved,Agent_1,63.83,1,Technical
T301586,2024-01-20,2024-01-20 19:48:58.136990811,High,Open,Agent_19,19.82,1,Logistics
T301587,2023-08-14,2023-08-14 10:57:32.991136116,Low,Resolved,Agent_12,10.96,1,Logistics
T301588,2025-03-17,2025-03-17 21:37:34.985524387,Medium,Escalated,Agent_20,21.63,1,Logistics
T301589,2024-08-26,2024-08-26 02:55:12.988086750,High,Resolved,Agent_4,2.92,1,Technical
T301590,2023-05-19,2023-05-20 07:48:05.321901028,Medium,Resolved,Agent_9,31.8,1,Technical
T301591,2024-12-24,2024-12-25 02:11:23.018811239,Low,Closed,Agent_7,26.19,1,Technical
T301592,2023-03-28,2023-03-29 17:31:31.117815139,Medium,Resolved,Agent_14,41.53,1,Billing
T301593,2023-11-02,2023-11-07 22:24:47.382459365,Low,Resolved,Agent_3,142.41,0,Technical
T301594,2023-06-09,2023-06-09 19:27:24.233155808,Medium,Open,Agent_15,19.46,1,Billing
T301595,2023-06-16,2023-06-20 14:50:44.042003916,Low,Escalated,Agent_11,110.85,0,Technical
T301596,2023-09-02,2023-09-02 01:39:00.058463833,Low,Resolved,Agent_10,1.65,1,Billing
T301597,2023-04-28,2023-04-28 14:54:30.163013254,Medium,Resolved,Agent_20,14.91,1,Other
T301598,2025-06-25,2025-06-25 16:48:14.089809759,Medium,Closed,Agent_15,16.8,1,Technical
T301599,2023-12-22,2023-12-23 01:48:05.775290895,Low,Resolved,Agent_17,25.8,1,Technical
T301600,2024-07-02,2024-07-02 04:32:14.188140675,High,Resolved,Agent_19,4.54,1,Billing
T301601,2024-07-20,2024-07-20 15:24:11.566041120,High,Resolved,Agent_11,15.4,1,Billing
T301602,2023-03-03,2023-03-03 19:18:27.592008724,Medium,Resolved,Agent_20,19.31,1,Logistics
T301603,2023-08-12,2023-08-12 01:00:00.000000000,Critical,Resolved,Agent_16,1.0,1,Billing
T301604,2024-10-07,2024-10-08 12:07:15.664156048,High,Open,Agent_4,36.12,0,Logistics
T301605,2022-11-03,2022-11-04 02:13:10.090384835,High,Closed,Agent_7,26.22,0,Billing
T301606,2024-11-29,2024-11-29 20:56:03.803926272,Low,Closed,Agent_11,20.93,1,Technical
T301607,2023-07-20,2023-07-20 13:33:57.440345558,Low,Resolved,Agent_20,13.57,1,Logistics
T301608,2023-09-28,2023-09-29 23:31:34.650077556,Low,Resolved,Agent_17,47.53,1,Other
T301609,2025-06-22,2025-06-22 01:00:00.000000000,High,Resolved,Agent_19,1.0,1,Technical
T301610,2023-07-19,2023-07-19 08:13:19.185293449,High,Closed,Agent_10,8.22,1,HR
T301611,2025-08-23,2025-08-24 02:47:58.561501266,Medium,Resolved,Agent_15,26.8,1,HR
T301612,2024-12-11,2024-12-11 12:31:43.415011412,Medium,Resolved,Agent_6,12.53,1,Technical
T301613,2024-01-21,2024-01-28 04:07:43.863986745,Low,Resolved,Agent_13,172.13,0,HR
T301614,2024-12-12,2024-12-14 12:54:29.384725301,Low,Resolved,Agent_3,60.91,1,Logistics
T301615,2024-02-22,2024-02-24 17:15:31.318373967,Medium,Resolved,Agent_8,65.26,0,Billing
T301616,2024-05-22,2024-05-22 14:18:31.350521922,Critical,Resolved,Agent_7,14.31,0,Other
T301617,2025-03-16,2025-03-16 06:46:41.905515111,Low,Resolved,Agent_5,6.78,1,Billing
T301618,2024-06-17,2024-06-18 02:30:30.298043557,Medium,Resolved,Agent_18,26.51,1,Technical
T301619,2024-01-14,2024-01-14 10:53:47.454315852,High,Resolved,Agent_16,10.9,1,Technical
T301620,2023-05-19,2023-05-19 02:42:24.407163288,Low,Open,Agent_9,2.71,1,Logistics
T301621,2024-08-29,2024-08-29 04:35:26.596140057,High,Resolved,Agent_11,4.59,1,Logistics
T301622,2025-05-22,2025-05-22 18:21:19.745298400,Medium,Resolved,Agent_19,18.36,1,Technical
T301623,2023-08-06,2023-08-06 19:03:57.455662662,Medium,Escalated,Agent_14,19.07,1,Technical
T301624,2023-08-21,2023-08-22 16:22:41.618978905,Medium,Closed,Agent_7,40.38,1,Billing
T301625,2023-05-24,2023-05-25 18:31:15.297401786,Low,Resolved,Agent_12,42.52,1,Billing
T301626,2025-03-26,2025-03-26 15:04:45.843041401,Medium,Resolved,Agent_19,15.08,1,HR
T301627,2023-01-24,2023-01-26 18:55:11.338668715,Low,Resolved,Agent_8,66.92,1,Logistics
T301628,2023-08-20,2023-08-21 16:36:36.042033682,Low,Escalated,Agent_5,40.61,1,Technical
T301629,2023-11-25,2023-11-27 03:38:58.762784899,Medium,Resolved,Agent_6,51.65,0,Billing
T301630,2023-12-16,2023-12-20 17:13:19.555799674,Low,Resolved,Agent_11,113.22,0,Technical
T301631,2024-03-23,2024-03-23 22:15:20.521300775,Medium,Resolved,Agent_3,22.26,1,Technical
T301632,2024-07-10,2024-07-10 19:56:28.295072545,Medium,Closed,Agent_11,19.94,1,Logistics
T301633,2025-10-16,2025-10-17 04:59:52.710628826,Medium,Resolved,Agent_12,29.0,1,Billing
T301634,2023-01-31,2023-01-31 15:30:51.119254803,High,Resolved,Agent_1,15.51,1,Technical
T301635,2024-12-23,2024-12-25 14:20:50.208460725,Low,Resolved,Agent_4,62.35,1,Technical
T301636,2024-05-24,2024-05-25 22:32:00.089915789,Low,Resolved,Agent_20,46.53,1,Other
T301637,2024-12-10,2024-12-12 21:04:03.472130848,Low,Resolved,Agent_1,69.07,1,Billing
T301638,2023-05-12,2023-05-12 03:44:05.562789603,Medium,Closed,Agent_6,3.73,1,Billing
T301639,2024-10-07,2024-10-07 20:40:34.446166124,High,Closed,Agent_2,20.68,1,Other
T301640,2024-08-31,2024-08-31 17:50:28.128930082,Low,Resolved,Agent_13,17.84,1,Technical
T301641,2025-04-22,2025-04-24 04:03:06.180504166,Medium,Closed,Agent_16,52.05,0,Logistics
T301642,2025-09-25,2025-09-25 06:47:07.596860734,Low,Resolved,Agent_11,6.79,1,Logistics
T301643,2024-07-16,2024-07-16 01:00:00.000000000,Medium,Resolved,Agent_14,1.0,1,Technical
T301644,2024-11-10,2024-11-10 01:00:00.000000000,Low,Closed,Agent_6,1.0,1,Technical
T301645,2023-05-16,2023-05-16 11:19:27.799490662,Low,Resolved,Agent_16,11.32,1,Technical
T301646,2023-08-17,2023-08-17 05:47:51.472794680,Low,Resolved,Agent_17,5.8,1,Logistics
T301647,2024-12-05,2024-12-06 14:44:51.216142815,Low,Resolved,Agent_10,38.75,1,HR
T301648,2025-10-01,2025-10-01 03:34:11.087585026,Critical,Resolved,Agent_13,3.57,1,Logistics
T301649,2025-08-07,2025-08-08 20:42:49.818250288,Low,Closed,Agent_13,44.71,1,Technical
T301650,2023-01-27,2023-01-27 10:16:20.367901195,Low,Resolved,Agent_2,10.27,1,Technical
T301651,2023-04-25,2023-04-25 08:24:38.221909011,Critical,Resolved,Agent_1,8.41,0,Technical
T301652,2025-05-15,2025-05-15 22:37:38.927407078,Medium,Resolved,Agent_1,22.63,1,Other
T301653,2023-08-05,2023-08-05 11:59:58.909538014,Low,Closed,Agent_7,12.0,1,HR
T301654,2023-12-29,2023-12-29 12:13:00.669472314,Medium,Resolved,Agent_13,12.22,1,Technical
T301655,2022-12-03,2022-12-05 12:47:44.523699710,Low,Resolved,Agent_17,60.8,1,Technical
T301656,2025-09-17,2025-09-17 13:41:13.630948870,High,Closed,Agent_9,13.69,1,Logistics
T301657,2023-05-28,2023-05-29 15:39:46.221575072,Low,Closed,Agent_13,39.66,1,Technical
T301658,2024-06-24,2024-06-24 23:11:04.266668681,Critical,Resolved,Agent_16,23.18,0,Technical
T301659,2023-07-06,2023-07-06 06:47:06.870338336,Low,Resolved,Agent_5,6.79,1,Technical
T301660,2025-02-24,2025-02-24 16:04:45.911823509,Medium,Resolved,Agent_7,16.08,1,Technical
T301661,2024-12-29,2024-12-29 23:28:41.549259875,Medium,Escalated,Agent_1,23.48,1,Billing
T301662,2022-11-18,2022-11-23 02:53:16.470046742,Medium,Closed,Agent_8,122.89,0,Billing
T301663,2023-06-01,2023-06-02 13:32:40.050138849,Low,Closed,Agent_6,37.54,1,Billing
T301664,2024-03-28,2024-03-28 07:00:31.410065607,High,Resolved,Agent_12,7.01,1,Technical
T301665,2025-03-06,2025-03-11 02:37:48.600687442,Low,Closed,Agent_2,122.63,0,Billing
T301666,2025-05-10,2025-05-11 09:53:16.013449097,Low,Resolved,Agent_1,33.89,1,Technical
T301667,2025-01-15,2025-01-17 19:12:53.510687028,Medium,Closed,Agent_15,67.21,0,Billing
T301668,2025-09-06,2025-09-08 18:37:14.780113071,Low,Resolved,Agent_17,66.62,1,Technical
T301669,2024-04-11,2024-04-11 08:49:18.968509110,Low,Closed,Agent_20,8.82,1,Technical
T301670,2023-04-26,2023-04-26 08:47:50.924650474,Low,Resolved,Agent_3,8.8,1,Other
T301671,2023-08-25,2023-08-25 18:22:08.341120637,Low,Resolved,Agent_6,18.37,1,Technical
T301672,2025-10-22,2025-10-22 03:21:47.089285034,Low,Resolved,Agent_16,3.36,1,Billing
T301673,2025-07-25,2025-07-25 04:41:32.662028353,Critical,Resolved,Agent_10,4.69,1,Technical
T301674,2025-01-05,2025-01-06 23:08:33.290301505,Medium,Resolved,Agent_13,47.14,1,HR
T301675,2023-10-29,2023-10-29 03:03:54.720116349,Critical,Resolved,Agent_8,3.07,1,Technical
T301676,2024-07-08,2024-07-08 12:32:25.038974640,High,Resolved,Agent_17,12.54,1,Technical
T301677,2023-07-26,2023-08-02 23:28:24.156978377,Low,Resolved,Agent_7,191.47,0,Other
T301678,2024-03-14,2024-03-14 10:20:11.095679982,Low,Resolved,Agent_5,10.34,1,Technical
T301679,2025-05-02,2025-05-02 21:16:36.963906603,Low,Resolved,Agent_8,21.28,1,Other
T301680,2023-06-05,2023-06-05 01:00:00.000000000,High,Resolved,Agent_1,1.0,1,HR
T301681,2024-08-07,2024-08-07 06:19:54.698006362,Medium,Resolved,Agent_2,6.33,1,Logistics
T301682,2025-08-01,2025-08-04 00:33:05.911793108,Low,Resolved,Agent_4,72.55,0,Technical
T301683,2024-04-29,2024-04-29 06:24:46.746742453,Critical,Escalated,Agent_1,6.41,0,Technical
T301684,2024-10-23,2024-10-24 12:45:29.357875662,Medium,Open,Agent_10,36.76,1,Logistics
T301685,2025-06-25,2025-06-25 13:17:39.607704386,Medium,Resolved,Agent_3,13.29,1,Technical
T301686,2024-09-23,2024-09-25 15:51:36.394743574,Low,Resolved,Agent_2,63.86,1,Technical
T301687,2024-12-23,2024-12-24 19:55:43.805569396,Low,Closed,Agent_7,43.93,1,Billing
T301688,2025-05-10,2025-05-10 09:33:17.533461718,Medium,Open,Agent_2,9.55,1,Technical
T301689,2025-08-17,2025-08-17 12:45:40.192904598,Medium,Closed,Agent_6,12.76,1,Technical
T301690,2022-11-27,2022-11-27 18:42:22.346999395,Medium,Resolved,Agent_8,18.71,1,Technical
T301691,2023-07-20,2023-07-21 13:36:07.043765481,High,Closed,Agent_3,37.6,0,Technical
T301692,2024-08-08,2024-08-13 08:35:15.717667068,Low,Closed,Agent_19,128.59,0,Technical
T301693,2024-09-19,2024-09-27 14:33:46.511368019,Low,Resolved,Agent_9,206.56,0,Logistics
T301694,2024-04-05,2024-04-05 01:00:00.000000000,Medium,Resolved,Agent_1,1.0,1,Technical
T301695,2024-07-16,2024-07-17 06:18:38.365138677,Medium,Closed,Agent_8,30.31,1,Technical
T301696,2023-07-25,2023-07-29 12:01:29.663284608,Low,Closed,Agent_6,108.02,0,Logistics
T301697,2024-12-17,2024-12-17 16:07:55.048305382,High,Resolved,Agent_2,16.13,1,HR
T301698,2024-08-29,2024-08-29 12:55:29.929725156,Medium,Closed,Agent_14,12.92,1,Technical
T301699,2022-12-24,2022-12-25 06:57:55.625173000,Medium,Resolved,Agent_1,30.97,1,Other
T301700,2024-12-13,2024-12-14 04:11:12.779501600,Low,Resolved,Agent_7,28.19,1,Technical
T301701,2023-11-30,2023-12-02 12:07:02.971603079,Low,Resolved,Agent_11,60.12,1,Technical
T301702,2024-03-26,2024-03-26 09:05:39.631093112,Critical,Resolved,Agent_16,9.09,0,Logistics
T301703,2025-01-09,2025-01-10 20:27:56.313219451,Medium,Resolved,Agent_2,44.47,1,Billing
T301704,2023-09-21,2023-09-21 15:37:28.255155912,High,Resolved,Agent_18,15.62,1,HR
T301705,2023-02-04,2023-02-04 08:22:12.141268443,Low,Closed,Agent_19,8.37,1,Technical
T301706,2023-04-23,2023-04-28 12:09:16.917858856,Low,Closed,Agent_10,132.15,0,Logistics
T301707,2023-10-10,2023-10-10 11:31:15.895224404,Low,Resolved,Agent_4,11.52,1,Technical
T301708,2023-05-24,2023-05-24 21:14:23.201653867,Low,Resolved,Agent_3,21.24,1,Billing
T301709,2022-12-25,2022-12-25 13:27:12.014604881,Medium,Closed,Agent_13,13.45,1,Logistics
T301710,2024-10-10,2024-10-12 11:49:08.582048364,Low,Closed,Agent_6,59.82,1,Logistics
T301711,2023-06-14,2023-06-16 09:59:20.206107353,Low,Resolved,Agent_10,57.99,1,Other
T301712,2023-08-29,2023-09-04 12:37:16.803767645,Low,Resolved,Agent_8,156.62,0,Technical
T301713,2023-06-08,2023-06-08 05:00:47.733874116,Medium,Closed,Agent_10,5.01,1,Technical
T301714,2025-07-31,2025-07-31 07:11:23.899169506,High,Resolved,Agent_2,7.19,1,HR
T301715,2024-01-02,2024-01-02 10:56:07.310916880,Low,Resolved,Agent_20,10.94,1,Technical
T301716,2023-03-21,2023-03-23 05:35:24.024960041,Low,Resolved,Agent_15,53.59,1,Billing
T301717,2024-01-29,2024-01-29 05:44:58.524400946,Medium,Resolved,Agent_1,5.75,1,Billing
T301718,2023-03-25,2023-03-27 00:34:46.073768691,Medium,Closed,Agent_11,48.58,0,Other
T301719,2025-06-26,2025-06-30 01:25:31.705899253,Medium,Closed,Agent_1,97.43,0,Technical
T301720,2024-04-09,2024-04-09 18:17:21.374213978,Low,Resolved,Agent_16,18.29,1,Logistics
T301721,2023-04-07,2023-04-07 16:08:07.686646694,High,Open,Agent_12,16.14,1,Technical
T301722,2023-02-13,2023-02-13 09:07:55.176113807,High,Resolved,Agent_12,9.13,1,Technical
T301723,2024-11-11,2024-11-11 10:41:01.943288831,Medium,Resolved,Agent_19,10.68,1,Other
T301724,2025-04-08,2025-04-08 05:05:37.221711758,Medium,Resolved,Agent_13,5.09,1,Technical
T301725,2023-08-16,2023-08-18 12:58:00.439654024,Low,Closed,Agent_8,60.97,1,Technical
T301726,2024-07-24,2024-07-24 08:17:49.887873251,Low,Resolved,Agent_2,8.3,1,Technical
T301727,2025-09-20,2025-09-20 15:48:38.574022686,Low,Open,Agent_19,15.81,1,Technical
T301728,2023-08-06,2023-08-11 01:00:08.858435269,Low,Closed,Agent_14,121.0,0,Logistics
T301729,2025-06-05,2025-06-05 08:31:12.770927000,High,Closed,Agent_1,8.52,1,Technical
T301730,2023-06-13,2023-06-13 23:05:48.262727753,High,Closed,Agent_9,23.1,1,Technical
T301731,2023-01-23,2023-01-23 17:30:31.155260781,High,Closed,Agent_19,17.51,1,Billing
T301732,2023-01-31,2023-01-31 11:19:39.753935838,Medium,Resolved,Agent_14,11.33,1,HR
T301733,2022-11-08,2022-11-08 05:54:08.508465748,Medium,Resolved,Agent_4,5.9,1,Logistics
T301734,2025-10-13,2025-10-13 02:31:34.582391147,Medium,Resolved,Agent_2,2.53,1,Logistics
T301735,2024-02-22,2024-02-23 14:48:58.883112089,High,Resolved,Agent_10,38.82,0,Billing
T301736,2023-02-16,2023-02-16 09:25:20.653977216,Medium,Resolved,Agent_15,9.42,1,Technical
T301737,2023-06-25,2023-06-27 05:40:15.630634028,Low,Closed,Agent_1,53.67,1,Billing
T301738,2025-07-09,2025-07-10 07:27:01.888146599,Medium,Closed,Agent_11,31.45,1,Technical
T301739,2024-04-12,2024-04-12 10:34:19.465804202,Low,Resolved,Agent_16,10.57,1,Technical
T301740,2024-07-21,2024-07-22 04:24:16.673397023,Medium,Closed,Agent_13,28.4,1,Other
T301741,2025-07-19,2025-07-19 01:00:00.000000000,Low,Closed,Agent_8,1.0,1,Other
T301742,2025-10-10,2025-10-10 12:59:57.130749370,Medium,Resolved,Agent_9,13.0,1,Logistics
T301743,2022-12-24,2022-12-24 20:42:27.536160900,Low,Resolved,Agent_15,20.71,1,Technical
T301744,2024-11-18,2024-11-23 09:36:49.534809990,Low,Resolved,Agent_5,129.61,0,Technical
T301745,2024-01-01,2024-01-09 12:59:01.340675530,Low,Escalated,Agent_20,204.98,0,Billing
T301746,2024-03-12,2024-03-12 16:18:01.101527374,Low,Closed,Agent_18,16.3,1,HR
T301747,2023-10-12,2023-10-13 21:11:51.441403466,Low,Resolved,Agent_2,45.2,1,Logistics
T301748,2024-03-25,2024-03-25 16:24:29.629243007,High,Resolved,Agent_5,16.41,1,Logistics
T301749,2024-01-15,2024-01-15 02:32:41.940591367,High,Resolved,Agent_20,2.54,1,HR
T301750,2025-05-10,2025-05-12 07:41:41.292815911,Low,Open,Agent_16,55.69,1,Other
T301751,2024-10-22,2024-10-22 14:18:14.834786665,Low,Resolved,Agent_16,14.3,1,Technical
T301752,2023-06-16,2023-06-16 04:26:20.172684818,Medium,Resolved,Agent_4,4.44,1,Technical
T301753,2025-07-24,2025-07-24 11:24:35.373042075,Critical,Resolved,Agent_20,11.41,0,Other
T301754,2024-07-02,2024-07-02 16:45:17.379449652,Medium,Resolved,Agent_11,16.75,1,Logistics
T301755,2025-02-05,2025-02-05 16:54:45.547782802,Low,Closed,Agent_20,16.91,1,HR
T301756,2024-12-29,2024-12-30 00:53:48.525175834,Low,Resolved,Agent_16,24.9,1,Technical
T301757,2023-12-01,2023-12-01 12:47:33.061504746,Medium,Closed,Agent_12,12.79,1,Technical
T301758,2025-02-05,2025-02-06 11:16:32.924342690,Medium,Resolved,Agent_6,35.28,1,Technical
T301759,2025-06-14,2025-06-18 08:33:17.953443971,Low,Resolved,Agent_16,104.55,0,Technical
T301760,2024-05-18,2024-05-18 15:29:41.596293468,Medium,Closed,Agent_19,15.49,1,HR
T301761,2023-04-05,2023-04-05 18:42:57.466868668,Low,Closed,Agent_11,18.72,1,Technical
T301762,2024-12-31,2024-12-31 15:35:27.745850841,High,Resolved,Agent_12,15.59,1,Other
T301763,2024-03-17,2024-03-19 08:34:18.639639286,Medium,Resolved,Agent_4,56.57,0,Technical
T301764,2024-12-20,2024-12-20 02:54:26.008551101,Medium,Resolved,Agent_13,2.91,1,Billing
T301765,2023-09-30,2023-10-03 04:29:38.009311720,Low,Resolved,Agent_2,76.49,0,Billing
T301766,2024-03-05,2024-03-06 15:05:58.291549216,Low,Closed,Agent_19,39.1,1,Technical
T301767,2023-09-24,2023-09-25 00:15:48.939907979,High,Open,Agent_11,24.26,0,Logistics
T301768,2022-11-01,2022-11-02 10:38:40.578111165,Low,Open,Agent_1,34.64,1,Billing
T301769,2024-07-19,2024-07-20 23:37:56.583971144,Medium,Resolved,Agent_9,47.63,1,Technical
T301770,2023-05-06,2023-05-06 19:24:16.313035383,Medium,Closed,Agent_10,19.4,1,Logistics
T301771,2023-07-27,2023-07-27 01:52:41.496140666,High,Resolved,Agent_3,1.88,1,Billing
T301772,2023-03-03,2023-03-03 01:00:00.000000000,Low,Resolved,Agent_8,1.0,1,Billing
T301773,2024-05-05,2024-05-05 23:13:22.383443820,Medium,Resolved,Agent_16,23.22,1,Technical
T301774,2024-06-10,2024-06-10 21:31:20.174859288,Medium,Resolved,Agent_4,21.52,1,Logistics
T301775,2023-10-02,2023-10-02 11:19:41.791552934,Low,Open,Agent_11,11.33,1,Other
T301776,2023-11-25,2023-11-25 22:48:57.867336710,High,Closed,Agent_8,22.82,1,Logistics
T301777,2023-08-31,2023-09-01 00:16:39.594811989,High,Resolved,Agent_7,24.28,0,Other
T301778,2025-05-02,2025-05-05 06:15:59.380120937,Low,Closed,Agent_20,78.27,0,Technical
T301779,2025-02-26,2025-02-28 18:11:38.251047733,Medium,Escalated,Agent_15,66.19,0,Technical
T301780,2025-06-29,2025-06-30 09:54:54.145615892,Low,Resolved,Agent_8,33.92,1,HR
T301781,2023-06-14,2023-06-15 05:04:50.082337426,Medium,Resolved,Agent_10,29.08,1,HR
T301782,2024-03-27,2024-03-29 08:21:31.553066590,Medium,Closed,Agent_19,56.36,0,Logistics
T301783,2025-08-06,2025-08-06 14:37:20.248567643,Medium,Open,Agent_5,14.62,1,Technical
T301784,2022-11-29,2022-11-30 22:14:45.021467347,Low,Closed,Agent_3,46.25,1,Billing
T301785,2024-06-26,2024-06-26 17:15:26.788033508,Medium,Resolved,Agent_7,17.26,1,Technical
T301786,2025-06-22,2025-06-30 04:17:43.462853538,Low,Resolved,Agent_6,196.3,0,Billing
T301787,2025-07-08,2025-07-08 13:48:51.324239853,Medium,Resolved,Agent_17,13.81,1,Billing
T301788,2024-07-07,2024-07-07 18:18:09.856409170,Low,Escalated,Agent_10,18.3,1,Logistics
T301789,2025-08-03,2025-08-03 23:50:17.345375318,Medium,Closed,Agent_20,23.84,1,Billing
T301790,2025-08-09,2025-08-09 03:57:13.138425850,High,Resolved,Agent_15,3.95,1,Technical
T301791,2024-10-25,2024-10-28 21:32:46.978562951,Low,Closed,Agent_2,93.55,0,Other
T301792,2024-02-15,2024-02-17 05:28:03.829033234,Medium,Escalated,Agent_1,53.47,0,Technical
T301793,2024-09-19,2024-09-19 20:18:53.717737101,Low,Resolved,Agent_12,20.31,1,Billing
T301794,2023-09-11,2023-09-11 10:38:59.403331739,Medium,Closed,Agent_13,10.65,1,Logistics
T301795,2025-04-27,2025-04-27 02:10:28.719413356,Medium,Closed,Agent_12,2.17,1,HR
T301796,2024-05-10,2024-05-10 14:11:13.681514251,Low,Resolved,Agent_12,14.19,1,Technical
T301797,2025-05-30,2025-05-30 03:22:30.395458694,Low,Resolved,Agent_7,3.38,1,HR
T301798,2023-08-06,2023-08-06 16:59:16.108645002,High,Closed,Agent_7,16.99,1,Technical
T301799,2025-02-17,2025-02-17 02:23:09.887951859,High,Resolved,Agent_6,2.39,1,Logistics
T301800,2023-11-02,2023-11-02 01:58:24.313106797,Medium,Resolved,Agent_13,1.97,1,Billing
T301801,2023-09-27,2023-09-27 08:36:59.916279416,Low,Open,Agent_9,8.62,1,Technical
T301802,2023-12-02,2023-12-02 11:22:11.469269566,Medium,Resolved,Agent_16,11.37,1,Technical
T301803,2024-12-27,2024-12-27 13:10:36.656563470,Medium,Resolved,Agent_2,13.18,1,Logistics
T301804,2023-11-20,2023-11-24 13:50:47.959201257,Low,Resolved,Agent_11,109.85,0,Logistics
T301805,2024-05-11,2024-05-11 01:58:04.014126855,Critical,Resolved,Agent_3,1.97,1,HR
T301806,2025-09-19,2025-09-21 12:42:51.383086512,Low,Resolved,Agent_9,60.71,1,Billing
T301807,2023-07-21,2023-07-23 06:04:14.144640434,Medium,Resolved,Agent_12,54.07,0,Logistics
T301808,2023-12-13,2023-12-14 22:37:39.571195604,Medium,Resolved,Agent_2,46.63,1,Billing
T301809,2025-06-01,2025-06-01 05:19:28.338436768,Medium,Escalated,Agent_19,5.32,1,Technical
T301810,2025-07-17,2025-07-17 15:44:58.316171550,Low,Resolved,Agent_6,15.75,1,Technical
T301811,2025-10-02,2025-10-02 02:41:14.374191371,Low,Resolved,Agent_18,2.69,1,Billing
T301812,2025-02-24,2025-02-24 15:50:47.746233700,Medium,Escalated,Agent_13,15.85,1,Billing
T301813,2025-09-25,2025-09-26 00:56:37.849937962,Low,Closed,Agent_14,24.94,1,HR
T301814,2025-10-03,2025-10-03 09:27:27.029391028,High,Open,Agent_8,9.46,1,Technical
T301815,2025-10-20,2025-10-20 03:40:24.887392943,Critical,Closed,Agent_9,3.67,1,Technical
T301816,2025-03-24,2025-03-26 15:53:24.830447719,Low,Closed,Agent_13,63.89,1,Logistics
T301817,2024-03-11,2024-03-13 05:11:31.235899815,Low,Resolved,Agent_17,53.19,1,Technical
T301818,2023-04-07,2023-04-07 13:25:55.600264600,Medium,Resolved,Agent_6,13.43,1,Billing
T301819,2023-07-29,2023-07-29 01:00:00.000000000,Medium,Closed,Agent_20,1.0,1,Technical
T301820,2023-09-09,2023-09-09 05:03:19.942981744,High,Resolved,Agent_10,5.06,1,Billing
T301821,2023-10-11,2023-10-11 18:48:28.414693587,Low,Resolved,Agent_11,18.81,1,Other
T301822,2023-02-25,2023-02-25 02:14:47.509891013,Medium,Resolved,Agent_10,2.25,1,Other
T301823,2025-08-17,2025-08-17 17:24:41.979224468,Low,Resolved,Agent_6,17.41,1,Technical
T301824,2023-04-23,2023-04-27 08:54:41.879613715,Medium,Resolved,Agent_6,104.91,0,Technical
T301825,2024-11-18,2024-11-19 17:19:21.380836974,Medium,Resolved,Agent_15,41.32,1,Technical
T301826,2023-04-04,2023-04-05 14:49:26.092989516,Medium,Resolved,Agent_7,38.82,1,Billing
T301827,2024-06-17,2024-06-20 16:57:56.238975818,Low,Resolved,Agent_12,88.97,0,Technical
T301828,2023-09-06,2023-09-10 00:08:14.013132287,Low,Resolved,Agent_20,96.14,0,Billing
T301829,2023-06-22,2023-06-22 09:26:44.410567516,Medium,Open,Agent_9,9.45,1,Logistics
T301830,2023-04-11,2023-04-11 04:40:04.489414795,High,Resolved,Agent_1,4.67,1,Technical
T301831,2024-09-21,2024-09-21 09:50:36.882225602,Medium,Resolved,Agent_16,9.84,1,Technical
T301832,2023-08-19,2023-08-20 16:57:42.979273945,Medium,Resolved,Agent_18,40.96,1,Billing
T301833,2023-03-07,2023-03-08 14:18:22.385512845,Medium,Resolved,Agent_7,38.31,1,Technical
T301834,2024-09-23,2024-09-23 01:00:00.000000000,Medium,Closed,Agent_18,1.0,1,Billing
T301835,2024-06-24,2024-06-29 23:00:42.701004161,Low,Closed,Agent_8,143.01,0,Other
T301836,2023-11-23,2023-11-23 16:08:26.521621764,Low,Resolved,Agent_15,16.14,1,Technical
T301837,2024-12-19,2024-12-19 23:36:46.740272139,Medium,Resolved,Agent_6,23.61,1,Billing
T301838,2023-07-07,2023-07-09 01:01:40.513801873,Low,Resolved,Agent_12,49.03,1,Technical
T301839,2023-04-30,2023-04-30 02:53:17.679266797,Medium,Resolved,Agent_15,2.89,1,Billing
T301840,2025-10-20,2025-10-21 04:33:27.674947433,Medium,Open,Agent_15,28.56,1,Technical
T301841,2024-09-26,2024-09-27 12:36:28.776046224,Low,Escalated,Agent_10,36.61,1,Billing
T301842,2023-08-08,2023-08-09 21:18:31.580007336,Low,Resolved,Agent_9,45.31,1,Technical
T301843,2023-08-24,2023-08-24 03:33:12.867607627,Critical,Resolved,Agent_14,3.55,1,Technical
T301844,2024-09-21,2024-09-21 19:34:40.465330933,High,Resolved,Agent_14,19.58,1,Logistics
T301845,2024-05-15,2024-05-17 00:23:53.920902452,Low,Resolved,Agent_17,48.4,1,Technical
T301846,2025-09-16,2025-09-16 05:08:39.173700994,Medium,Resolved,Agent_11,5.14,1,HR
T301847,2023-09-07,2023-09-09 19:04:05.735582356,Low,Closed,Agent_6,67.07,1,Other
T301848,2025-03-24,2025-03-25 09:31:03.670438468,Low,Resolved,Agent_12,33.52,1,Other
T301849,2023-11-25,2023-11-25 01:00:00.000000000,Medium,Resolved,Agent_17,1.0,1,Technical
T301850,2022-11-06,2022-11-06 06:01:38.019238488,High,Resolved,Agent_5,6.03,1,Logistics
T301851,2024-10-03,2024-10-04 00:39:28.836895260,Low,Resolved,Agent_6,24.66,1,Technical
T301852,2025-08-07,2025-08-10 05:35:53.896270851,Low,Resolved,Agent_3,77.6,0,Technical
T301853,2024-04-13,2024-04-13 06:23:48.159945890,Medium,Resolved,Agent_1,6.4,1,HR
T301854,2023-04-08,2023-04-08 14:27:32.295691839,Medium,Resolved,Agent_18,14.46,1,Billing
T301855,2025-06-09,2025-06-09 01:00:00.000000000,Critical,Resolved,Agent_14,1.0,1,Technical
T301856,2023-06-18,2023-06-20 03:10:33.700196445,Medium,Resolved,Agent_12,51.18,0,Technical
T301857,2024-09-22,2024-09-23 04:09:36.907117594,Low,Resolved,Agent_12,28.16,1,Billing
T301858,2023-03-13,2023-03-16 21:13:09.863428833,Low,Resolved,Agent_11,93.22,0,HR
T301859,2025-06-06,2025-06-08 06:16:48.560925188,Low,Closed,Agent_19,54.28,1,Technical
T301860,2023-04-08,2023-04-08 18:30:05.155658248,Low,Resolved,Agent_3,18.5,1,Logistics
T301861,2024-04-16,2024-04-18 11:52:05.161562009,Low,Closed,Agent_2,59.87,1,Other
T301862,2024-09-11,2024-09-12 06:22:12.401631350,Low,Closed,Agent_7,30.37,1,Logistics
T301863,2023-08-22,2023-08-22 20:02:04.617726035,Low,Resolved,Agent_12,20.03,1,HR
T301864,2025-05-25,2025-05-25 13:13:43.819334493,High,Resolved,Agent_19,13.23,1,Billing
T301865,2025-01-29,2025-01-31 23:27:28.855932726,Low,Resolved,Agent_13,71.46,1,Technical
T301866,2023-08-08,2023-08-08 14:00:02.165081475,High,Resolved,Agent_19,14.0,1,Technical
T301867,2025-10-23,2025-10-24 05:49:54.671408256,Low,Closed,Agent_4,29.83,1,Logistics
T301868,2023-10-25,2023-10-25 03:36:07.385930059,High,Resolved,Agent_12,3.6,1,Billing
T301869,2025-08-09,2025-08-10 15:54:27.373459648,Medium,Resolved,Agent_4,39.91,1,Logistics
T301870,2025-02-24,2025-02-24 20:25:50.305810167,Low,Open,Agent_13,20.43,1,Billing
T301871,2024-08-09,2024-08-09 22:46:52.199040350,Medium,Resolved,Agent_20,22.78,1,Billing
T301872,2022-11-01,2022-11-01 05:52:58.660748884,Low,Closed,Agent_7,5.88,1,Technical
T301873,2023-09-11,2023-09-13 16:42:39.272087461,Low,Resolved,Agent_6,64.71,1,Logistics
T301874,2024-02-24,2024-02-27 01:20:17.226412273,Medium,Closed,Agent_12,73.34,0,Other
T301875,2024-08-15,2024-08-15 14:19:01.387133422,Medium,Resolved,Agent_12,14.32,1,Logistics
T301876,2025-02-25,2025-02-25 09:32:18.157398216,High,Closed,Agent_16,9.54,1,Technical
T301877,2024-12-28,2024-12-29 03:34:11.888035367,High,Closed,Agent_13,27.57,0,Technical
T301878,2023-09-10,2023-09-11 14:04:07.769131336,Medium,Closed,Agent_17,38.07,1,Billing
T301879,2023-03-19,2023-03-20 15:19:50.867688753,High,Resolved,Agent_8,39.33,0,Logistics
T301880,2024-03-12,2024-03-12 14:50:53.042508622,Low,Closed,Agent_1,14.85,1,Technical
T301881,2023-03-01,2023-03-02 06:28:24.692245983,Low,Resolved,Agent_12,30.47,1,Logistics
T301882,2024-02-08,2024-02-09 05:11:28.357054167,Low,Open,Agent_20,29.19,1,Billing
T301883,2025-07-17,2025-07-18 06:45:21.257912309,Low,Resolved,Agent_7,30.76,1,Technical
T301884,2025-04-28,2025-04-30 10:38:20.586560121,Medium,Resolved,Agent_12,58.64,0,Logistics
T301885,2023-10-30,2023-10-30 02:45:38.641987344,High,Resolved,Agent_19,2.76,1,HR
T301886,2023-04-10,2023-04-14 12:08:06.996923667,Low,Closed,Agent_13,108.14,0,Technical
T301887,2024-08-25,2024-08-26 16:38:11.437901516,Low,Resolved,Agent_10,40.64,1,Technical
T301888,2025-06-24,2025-06-25 12:56:42.123727927,Low,Resolved,Agent_2,36.95,1,Other
T301889,2024-05-03,2024-05-04 01:51:29.179572056,Low,Resolved,Agent_3,25.86,1,Logistics
T301890,2025-10-09,2025-10-10 13:14:10.518664277,Low,Open,Agent_12,37.24,1,HR
T301891,2024-11-16,2024-11-19 06:02:57.280592462,Low,Resolved,Agent_5,78.05,0,Technical
T301892,2023-01-28,2023-01-29 08:31:52.566759029,Low,Resolved,Agent_5,32.53,1,Technical
T301893,2025-04-11,2025-04-11 17:57:16.295707087,High,Resolved,Agent_5,17.95,1,Billing
T301894,2024-10-21,2024-10-22 01:52:09.761791502,Low,Closed,Agent_7,25.87,1,Billing
T301895,2023-11-21,2023-11-21 09:41:43.655153951,Low,Resolved,Agent_8,9.7,1,Technical
T301896,2024-08-15,2024-08-15 03:12:48.246346674,Critical,Resolved,Agent_19,3.21,1,Technical
T301897,2023-10-03,2023-10-04 06:50:22.333886445,Medium,Resolved,Agent_16,30.84,1,Other
T301898,2024-06-12,2024-06-13 21:48:46.175543995,Medium,Resolved,Agent_10,45.81,1,Technical
T301899,2024-01-09,2024-01-09 17:43:16.339689125,High,Escalated,Agent_13,17.72,1,Logistics
T301900,2025-10-03,2025-10-03 22:31:05.812939541,Low,Closed,Agent_2,22.52,1,Other
T301901,2024-03-01,2024-03-02 17:32:34.261924694,Low,Resolved,Agent_4,41.54,1,Technical
T301902,2023-02-17,2023-02-17 21:27:20.673722632,Low,Open,Agent_2,21.46,1,Billing
T301903,2024-09-30,2024-10-01 05:15:28.245567272,Medium,Open,Agent_3,29.26,1,Technical
T301904,2025-10-29,2025-10-30 03:31:41.339212565,Low,Resolved,Agent_10,27.53,1,HR
T301905,2024-04-26,2024-04-28 21:28:44.123031989,Low,Resolved,Agent_11,69.48,1,Logistics
T301906,2025-01-13,2025-01-13 01:00:00.000000000,High,Open,Agent_3,1.0,1,Technical
T301907,2024-09-13,2024-09-13 19:57:21.274855782,Low,Resolved,Agent_5,19.96,1,HR
T301908,2024-07-01,2024-07-05 05:04:00.635452610,Low,Escalated,Agent_20,101.07,0,Technical
T301909,2025-02-16,2025-02-16 09:22:52.825653947,Medium,Escalated,Agent_6,9.38,1,Technical
T301910,2024-05-03,2024-05-04 00:06:09.348086912,Low,Resolved,Agent_13,24.1,1,Technical
T301911,2023-07-22,2023-07-25 03:04:42.953474806,Low,Resolved,Agent_5,75.08,0,Logistics
T301912,2023-08-17,2023-08-17 04:46:15.609375662,Low,Closed,Agent_3,4.77,1,Technical
T301913,2023-03-25,2023-03-25 04:29:08.602438148,High,Resolved,Agent_20,4.49,1,Technical
T301914,2024-04-12,2024-04-13 11:44:34.695274880,Medium,Escalated,Agent_12,35.74,1,Technical
T301915,2023-02-02,2023-02-05 03:31:37.503746799,Medium,Resolved,Agent_3,75.53,0,Billing
T301916,2023-10-04,2023-10-07 01:18:03.605057242,Low,Resolved,Agent_19,73.3,0,Logistics
T301917,2025-07-26,2025-07-26 09:05:00.734745713,Low,Resolved,Agent_15,9.08,1,Technical
T301918,2025-10-20,2025-10-23 14:29:32.851951237,Low,Closed,Agent_10,86.49,0,Technical
T301919,2023-01-17,2023-01-18 07:00:00.169130671,Low,Closed,Agent_6,31.0,1,HR
T301920,2023-02-07,2023-02-07 18:20:04.550934489,High,Resolved,Agent_16,18.33,1,Logistics
T301921,2024-08-07,2024-08-07 13:07:55.998934971,Low,Resolved,Agent_15,13.13,1,Billing
T301922,2025-01-17,2025-01-17 05:00:24.463236671,High,Resolved,Agent_2,5.01,1,Technical
T301923,2025-07-03,2025-07-04 03:49:44.839430510,High,Resolved,Agent_17,27.83,0,Technical
T301924,2023-09-01,2023-09-03 10:00:17.721920359,Medium,Closed,Agent_16,58.0,0,HR
T301925,2025-03-25,2025-03-25 04:01:43.031825246,High,Resolved,Agent_3,4.03,1,Logistics
T301926,2023-10-22,2023-10-22 01:02:49.202385795,High,Closed,Agent_19,1.05,1,Technical
T301927,2024-12-12,2024-12-14 15:29:12.697478372,Medium,Escalated,Agent_4,63.49,0,HR
T301928,2024-12-18,2024-12-18 08:34:26.601270949,Medium,Resolved,Agent_20,8.57,1,Technical
T301929,2022-12-10,2022-12-10 01:00:00.000000000,Critical,Closed,Agent_5,1.0,1,HR
T301930,2024-02-19,2024-02-19 05:08:04.658999809,High,Resolved,Agent_13,5.13,1,Billing
T301931,2024-09-09,2024-09-09 15:54:05.935882354,Low,Open,Agent_20,15.9,1,Billing
T301932,2025-02-15,2025-02-15 04:01:52.977296523,Low,Resolved,Agent_2,4.03,1,Logistics
T301933,2024-04-15,2024-04-19 02:51:21.378296782,Medium,Resolved,Agent_12,98.86,0,Billing
T301934,2023-06-18,2023-06-18 08:20:51.251612200,Medium,Resolved,Agent_17,8.35,1,Logistics
T301935,2025-07-12,2025-07-12 15:15:46.184907205,Low,Closed,Agent_10,15.26,1,Logistics
T301936,2024-12-20,2024-12-20 13:04:14.079319072,Medium,Closed,Agent_9,13.07,1,Logistics
T301937,2023-01-15,2023-01-16 01:43:12.938304791,Low,Resolved,Agent_9,25.72,1,HR
T301938,2023-07-23,2023-07-23 13:39:09.207737486,Medium,Resolved,Agent_17,13.65,1,Technical
T301939,2023-09-11,2023-09-13 08:54:30.370895584,Medium,Resolved,Agent_9,56.91,0,HR
T301940,2024-07-20,2024-07-20 01:29:27.765773461,Medium,Resolved,Agent_14,1.49,1,Technical
T301941,2025-07-19,2025-07-21 20:11:20.631911758,Medium,Resolved,Agent_17,68.19,0,Technical
T301942,2023-01-21,2023-01-23 04:37:33.812795850,Low,Resolved,Agent_17,52.63,1,Technical
T301943,2023-06-18,2023-06-20 09:23:38.616027989,Low,Closed,Agent_2,57.39,1,Other
T301944,2024-08-07,2024-08-07 04:07:23.481561883,Medium,Open,Agent_15,4.12,1,Technical
T301945,2023-08-25,2023-08-25 19:09:37.153162443,Low,Resolved,Agent_11,19.16,1,Logistics
T301946,2023-08-08,2023-08-08 01:17:13.824156886,Medium,Resolved,Agent_5,1.29,1,Technical
T301947,2024-02-11,2024-02-11 06:21:07.019323434,Critical,Closed,Agent_9,6.35,0,Billing
T301948,2024-04-13,2024-04-13 19:56:01.574150707,Low,Resolved,Agent_9,19.93,1,Other
T301949,2023-12-13,2023-12-14 14:27:44.141156573,Low,Resolved,Agent_14,38.46,1,Billing
T301950,2025-07-02,2025-07-03 09:32:03.919229124,Medium,Resolved,Agent_8,33.53,1,Logistics
T301951,2023-06-11,2023-06-11 19:21:12.291378914,Medium,Resolved,Agent_11,19.35,1,Technical
T301952,2024-12-08,2024-12-08 03:33:38.211911101,Low,Resolved,Agent_12,3.56,1,HR
T301953,2025-09-04,2025-09-04 03:03:13.839378562,Low,Resolved,Agent_7,3.05,1,Logistics
T301954,2024-09-24,2024-09-28 00:53:32.871994829,Low,Resolved,Agent_3,96.89,0,Billing
T301955,2024-04-29,2024-04-29 07:17:46.809800754,Medium,Closed,Agent_3,7.3,1,Technical
T301956,2025-08-22,2025-08-22 10:47:38.171310843,Medium,Resolved,Agent_14,10.79,1,Billing
T301957,2023-03-31,2023-03-31 01:28:42.403347438,Critical,Closed,Agent_4,1.48,1,Technical
T301958,2024-07-10,2024-07-11 04:48:21.565550054,Medium,Resolved,Agent_14,28.81,1,Logistics
T301959,2024-12-06,2024-12-06 11:42:36.373650211,Medium,Resolved,Agent_14,11.71,1,Technical
T301960,2022-11-14,2022-11-15 05:15:05.085793662,Low,Resolved,Agent_3,29.25,1,HR
T301961,2024-08-17,2024-08-17 13:28:02.566647859,High,Resolved,Agent_13,13.47,1,Billing
T301962,2025-05-16,2025-05-16 23:24:58.847207398,Medium,Resolved,Agent_8,23.42,1,Billing
T301963,2023-05-26,2023-05-27 11:43:47.475666905,Medium,Resolved,Agent_6,35.73,1,Billing
T301964,2024-07-11,2024-07-12 09:09:29.119541452,Medium,Resolved,Agent_2,33.16,1,Technical
T301965,2024-11-04,2024-11-05 03:49:20.086322593,Low,Closed,Agent_6,27.82,1,Technical
T301966,2024-12-19,2024-12-19 05:06:44.363331362,Medium,Resolved,Agent_20,5.11,1,Billing
T301967,2025-10-02,2025-10-02 03:01:52.221415791,High,Resolved,Agent_14,3.03,1,Other
T301968,2024-01-05,2024-01-07 10:52:51.938552291,Low,Resolved,Agent_7,58.88,1,Other
T301969,2025-01-03,2025-01-03 07:16:06.173512468,Medium,Resolved,Agent_17,7.27,1,Technical
T301970,2022-12-26,2022-12-27 03:52:12.944599085,Low,Escalated,Agent_3,27.87,1,Technical
T301971,2023-05-27,2023-05-27 01:22:12.719933625,High,Resolved,Agent_14,1.37,1,Other
T301972,2024-11-08,2024-11-08 01:00:00.000000000,Critical,Open,Agent_1,1.0,1,Logistics
T301973,2023-02-12,2023-02-12 13:48:19.388476713,Low,Resolved,Agent_12,13.81,1,Billing
T301974,2024-02-07,2024-02-07 02:07:39.267187029,Medium,Resolved,Agent_3,2.13,1,Logistics
T301975,2024-02-13,2024-02-13 15:24:24.907989435,Low,Open,Agent_19,15.41,1,Technical
T301976,2024-06-02,2024-06-03 16:18:33.238148537,Low,Resolved,Agent_12,40.31,1,Technical
T301977,2023-07-08,2023-07-09 08:46:26.578516780,Medium,Closed,Agent_14,32.77,1,Technical
T301978,2025-07-19,2025-07-19 01:00:00.000000000,Medium,Closed,Agent_1,1.0,1,Logistics
T301979,2024-06-25,2024-06-26 20:03:21.694263941,Low,Resolved,Agent_5,44.06,1,Billing
T301980,2024-12-22,2024-12-22 21:39:40.901902139,Low,Resolved,Agent_7,21.66,1,Billing
T301981,2023-12-08,2023-12-08 06:10:05.862667364,Medium,Resolved,Agent_20,6.17,1,HR
T301982,2022-11-26,2022-11-26 01:00:00.000000000,High,Resolved,Agent_19,1.0,1,HR
T301983,2024-10-19,2024-10-19 18:55:57.852365438,Low,Resolved,Agent_6,18.93,1,Technical
T301984,2025-05-29,2025-05-30 13:25:07.669010200,Medium,Resolved,Agent_18,37.42,1,Logistics
T301985,2022-11-10,2022-11-11 12:14:36.322378493,Low,Resolved,Agent_6,36.24,1,Logistics
T301986,2024-07-06,2024-07-07 11:52:06.810414014,Medium,Closed,Agent_11,35.87,1,Technical
T301987,2025-02-25,2025-02-26 01:31:06.287899387,Low,Resolved,Agent_3,25.52,1,Technical
T301988,2023-06-09,2023-06-12 16:57:00.918792962,Low,Resolved,Agent_9,88.95,0,Technical
T301989,2024-04-27,2024-04-27 07:49:15.333492789,Low,Resolved,Agent_3,7.82,1,Other
T301990,2023-02-04,2023-02-05 17:09:34.748770744,Medium,Resolved,Agent_6,41.16,1,HR
T301991,2024-12-19,2024-12-20 07:01:14.443590361,Low,Closed,Agent_9,31.02,1,Technical
T301992,2024-07-07,2024-07-09 17:46:51.249504825,Low,Open,Agent_8,65.78,1,Technical
T301993,2025-02-19,2025-02-19 13:11:58.694305317,Low,Resolved,Agent_2,13.2,1,HR
T301994,2025-09-26,2025-09-27 07:57:36.723750191,Low,Resolved,Agent_19,31.96,1,Logistics
T301995,2025-03-29,2025-03-30 07:40:24.580369617,Medium,Resolved,Agent_16,31.67,1,Technical
T301996,2023-03-11,2023-03-11 15:52:05.453185638,Medium,Resolved,Agent_5,15.87,1,Billing
T301997,2023-02-06,2023-02-06 07:21:07.677976072,High,Resolved,Agent_10,7.35,1,Logistics
T301998,2025-09-25,2025-09-28 07:52:56.670962525,Low,Resolved,Agent_20,79.88,0,Technical
T301999,2025-06-27,2025-06-27 02:07:33.042334818,High,Escalated,Agent_12,2.13,1,Logistics
T302000,2025-06-12,2025-06-13 06:56:18.364840932,Low,Resolved,Agent_12,30.94,1,Technical
