order_id,order_date,customer_id,product_id,product_name,category,unit_price,quantity,discount,sales,cogs,profit,region
O200001,2025-10-17,C100147,P3005,Furniture Item 5,Furniture,764.38,4,0.0,3057.52,1304.92,1752.6,East
O200002,2024-09-27,C100374,P4019,Consumables Item 19,Consumables,1074.49,1,0.05,1020.77,528.09,492.68,Central
O200003,2024-02-22,C100688,P5004,Accessories Item 4,Accessories,566.9,2,0.15,963.73,498.86,464.87,Central
O200004,2025-01-28,C100675,P5004,Accessories Item 4,Accessories,566.9,3,0.0,1700.7,921.83,778.87,West
O200005,2023-03-27,C100416,P3005,Furniture Item 5,Furniture,764.38,3,0.05,2178.48,1190.74,987.74,East
O200006,2025-08-12,C100687,P3015,Furniture Item 15,Furniture,1408.62,4,0.0,5634.48,3222.41,2412.07,South
O200007,2024-07-01,C100494,P3019,Furniture Item 19,Furniture,1035.24,5,0.0,5176.2,2260.88,2915.32,East
O200008,2024-01-20,C100559,P1005,Office Supplies Item 5,Office Supplies,367.17,3,0.0,1101.51,442.93,658.58,East
O200009,2023-06-09,C100256,P2012,Technology Item 12,Technology,3897.09,1,0.0,3897.09,2706.15,1190.94,East
O200010,2023-02-03,C100960,P1006,Office Supplies Item 6,Office Supplies,309.21,5,0.0,1546.05,827.04,719.01,East
O200011,2023-07-20,C100686,P5014,Accessories Item 14,Accessories,784.72,6,0.05,4472.9,2887.01,1585.89,South
O200012,2025-04-15,C100103,P2006,Technology Item 6,Technology,1048.28,6,0.0,6289.68,3288.33,3001.35,East
O200013,2025-10-30,C100121,P2017,Technology Item 17,Technology,3583.54,3,0.0,10750.62,8532.5,2218.12,East
O200014,2023-06-07,C100419,P1013,Office Supplies Item 13,Office Supplies,945.16,2,0.0,1890.32,994.63,895.69,Central
O200015,2023-01-31,C100350,P5013,Accessories Item 13,Accessories,1059.89,4,0.0,4239.56,2721.87,1517.69,Central
O200016,2023-03-07,C100657,P4009,Consumables Item 9,Consumables,98.0,2,0.0,196.0,95.65,100.35,East
O200017,2023-01-19,C100042,P2005,Technology Item 5,Technology,4160.53,3,0.0,12481.59,7577.83,4903.76,East
O200018,2025-07-10,C100367,P1013,Office Supplies Item 13,Office Supplies,945.16,4,0.0,3780.64,2388.35,1392.29,East
O200019,2025-05-04,C100029,P5008,Accessories Item 8,Accessories,497.2,3,0.05,1417.02,670.43,746.59,South
O200020,2024-02-29,C100966,P5015,Accessories Item 15,Accessories,191.35,3,0.0,574.05,258.01,316.04,Central
O200021,2024-09-24,C100892,P1020,Office Supplies Item 20,Office Supplies,891.62,4,0.1,3209.83,2533.97,675.86,South
O200022,2022-11-25,C100785,P4012,Consumables Item 12,Consumables,605.54,4,0.2,1937.73,1467.46,470.27,East
O200023,2023-04-05,C100977,P3020,Furniture Item 20,Furniture,1296.14,4,0.0,5184.56,3442.69,1741.87,West
O200024,2024-07-24,C100014,P4013,Consumables Item 13,Consumables,756.61,2,0.0,1513.22,1126.47,386.75,Central
O200025,2025-10-16,C100920,P2001,Technology Item 1,Technology,2209.18,3,0.0,6627.54,2904.35,3723.19,East
O200026,2022-11-19,C100953,P4001,Consumables Item 1,Consumables,1495.23,3,0.0,4485.69,3102.98,1382.71,Central
O200027,2023-06-25,C100818,P5004,Accessories Item 4,Accessories,566.9,5,0.1,2551.05,1311.86,1239.19,West
O200028,2023-08-04,C100825,P4019,Consumables Item 19,Consumables,1074.49,3,0.0,3223.47,1985.0,1238.47,West
O200029,2024-11-14,C100485,P2006,Technology Item 6,Technology,1048.28,2,0.0,2096.56,1480.02,616.54,Central
O200030,2024-05-05,C100189,P3014,Furniture Item 14,Furniture,668.13,3,0.0,2004.39,828.6,1175.79,West
O200031,2024-07-31,C100872,P3002,Furniture Item 2,Furniture,1401.3,5,0.0,7006.5,4749.95,2256.55,South
O200032,2023-06-25,C100295,P1011,Office Supplies Item 11,Office Supplies,610.7,3,0.0,1832.1,1051.53,780.57,South
O200033,2025-07-25,C100183,P2017,Technology Item 17,Technology,3583.54,4,0.0,14334.16,8254.6,6079.56,Central
O200034,2022-12-25,C100864,P1011,Office Supplies Item 11,Office Supplies,610.7,3,0.0,1832.1,1397.73,434.37,West
O200035,2024-09-14,C100548,P2007,Technology Item 7,Technology,1312.26,1,0.0,1312.26,976.18,336.08,Central
O200036,2023-02-17,C100882,P5014,Accessories Item 14,Accessories,784.72,2,0.0,1569.44,663.89,905.55,East
O200037,2023-11-08,C100037,P5003,Accessories Item 3,Accessories,117.58,3,0.1,317.47,205.51,111.96,East
O200038,2025-06-30,C100014,P2014,Technology Item 14,Technology,3038.06,1,0.0,3038.06,1744.87,1293.19,West
O200039,2023-05-20,C100923,P2018,Technology Item 18,Technology,362.51,1,0.0,362.51,162.09,200.42,Central
O200040,2025-02-26,C100635,P4001,Consumables Item 1,Consumables,1495.23,3,0.0,4485.69,3321.3,1164.39,South
O200041,2024-03-23,C100595,P5007,Accessories Item 7,Accessories,687.81,3,0.05,1960.26,840.18,1120.08,South
O200042,2023-08-02,C100159,P3013,Furniture Item 13,Furniture,1077.46,2,0.0,2154.92,889.63,1265.29,South
O200043,2023-05-30,C100494,P4005,Consumables Item 5,Consumables,1091.68,1,0.0,1091.68,522.92,568.76,South
O200044,2024-03-18,C100329,P1003,Office Supplies Item 3,Office Supplies,468.91,3,0.0,1406.73,733.4,673.33,West
O200045,2024-10-03,C100614,P4007,Consumables Item 7,Consumables,334.97,4,0.2,1071.9,454.86,617.04,West
O200046,2022-12-12,C100849,P2008,Technology Item 8,Technology,1671.55,1,0.1,1504.4,987.68,516.72,West
O200047,2023-09-11,C100083,P1014,Office Supplies Item 14,Office Supplies,962.37,3,0.0,2887.11,1659.68,1227.43,Central
O200048,2024-12-27,C100556,P3012,Furniture Item 12,Furniture,806.55,1,0.0,806.55,455.6,350.95,West
O200049,2023-09-25,C100580,P2010,Technology Item 10,Technology,545.3,1,0.0,545.3,249.82,295.48,Central
O200050,2025-09-06,C100560,P3018,Furniture Item 18,Furniture,1136.61,4,0.0,4546.44,2614.73,1931.71,South
O200051,2023-08-10,C100569,P3014,Furniture Item 14,Furniture,668.13,3,0.1,1803.95,1003.12,800.83,East
O200052,2025-05-31,C100587,P4009,Consumables Item 9,Consumables,98.0,4,0.05,372.4,206.11,166.29,East
O200053,2023-07-16,C100022,P1015,Office Supplies Item 15,Office Supplies,1276.5,3,0.0,3829.5,1866.6,1962.9,West
O200054,2024-05-28,C100132,P2018,Technology Item 18,Technology,362.51,2,0.1,652.52,285.66,366.86,South
O200055,2024-05-27,C100465,P4018,Consumables Item 18,Consumables,772.22,3,0.0,2316.66,1168.25,1148.41,East
O200056,2024-07-04,C100456,P1014,Office Supplies Item 14,Office Supplies,962.37,2,0.0,1924.74,1283.62,641.12,South
O200057,2025-09-08,C100302,P3017,Furniture Item 17,Furniture,715.82,4,0.0,2863.28,1228.83,1634.45,South
O200058,2025-02-14,C100955,P3019,Furniture Item 19,Furniture,1035.24,3,0.0,3105.72,1717.25,1388.47,East
O200059,2023-12-28,C100930,P1008,Office Supplies Item 8,Office Supplies,1378.19,3,0.0,4134.57,2504.52,1630.05,South
O200060,2024-11-27,C100267,P4012,Consumables Item 12,Consumables,605.54,4,0.0,2422.16,1902.03,520.13,East
O200061,2024-12-02,C100799,P1019,Office Supplies Item 19,Office Supplies,414.61,2,0.0,829.22,611.57,217.65,West
O200062,2023-12-29,C100395,P2012,Technology Item 12,Technology,3897.09,3,0.0,11691.27,8963.06,2728.21,West
O200063,2024-01-03,C100120,P5015,Accessories Item 15,Accessories,191.35,3,0.15,487.94,355.22,132.72,South
O200064,2023-05-23,C100246,P2009,Technology Item 9,Technology,2991.89,3,0.2,7180.54,4564.28,2616.26,West
O200065,2023-05-15,C100568,P3001,Furniture Item 1,Furniture,388.34,1,0.0,388.34,289.05,99.29,West
O200066,2024-10-28,C100038,P4015,Consumables Item 15,Consumables,978.0,2,0.05,1858.2,1163.42,694.78,Central
O200067,2023-08-12,C100245,P3005,Furniture Item 5,Furniture,764.38,3,0.1,2063.83,1120.86,942.97,West
O200068,2023-05-15,C100021,P1013,Office Supplies Item 13,Office Supplies,945.16,2,0.05,1795.8,985.78,810.02,West
O200069,2023-09-03,C100110,P2007,Technology Item 7,Technology,1312.26,3,0.0,3936.78,2465.15,1471.63,South
O200070,2022-11-14,C100606,P1019,Office Supplies Item 19,Office Supplies,414.61,2,0.0,829.22,600.17,229.05,East
O200071,2025-10-16,C100394,P2006,Technology Item 6,Technology,1048.28,2,0.0,2096.56,950.71,1145.85,West
O200072,2024-10-23,C100410,P3013,Furniture Item 13,Furniture,1077.46,3,0.0,3232.38,1343.72,1888.66,East
O200073,2024-12-19,C100987,P3011,Furniture Item 11,Furniture,542.78,1,0.0,542.78,388.54,154.24,South
O200074,2024-04-12,C100648,P2017,Technology Item 17,Technology,3583.54,3,0.05,10213.09,6730.8,3482.29,East
O200075,2025-01-06,C100743,P1009,Office Supplies Item 9,Office Supplies,75.25,5,0.0,376.25,274.11,102.14,East
O200076,2023-10-10,C100008,P5012,Accessories Item 12,Accessories,531.07,1,0.0,531.07,419.9,111.17,South
O200077,2023-05-28,C100444,P5016,Accessories Item 16,Accessories,1442.31,2,0.0,2884.62,1443.92,1440.7,West
O200078,2024-08-02,C100328,P3012,Furniture Item 12,Furniture,806.55,2,0.0,1613.1,770.6,842.5,Central
O200079,2023-07-10,C100887,P3014,Furniture Item 14,Furniture,668.13,3,0.1,1803.95,967.62,836.33,South
O200080,2023-07-29,C100290,P1003,Office Supplies Item 3,Office Supplies,468.91,2,0.05,890.93,669.25,221.68,West
O200081,2025-05-08,C100763,P5016,Accessories Item 16,Accessories,1442.31,2,0.1,2596.16,1052.96,1543.2,East
O200082,2023-12-24,C100511,P4009,Consumables Item 9,Consumables,98.0,2,0.0,196.0,79.23,116.77,East
O200083,2025-01-03,C100912,P1008,Office Supplies Item 8,Office Supplies,1378.19,2,0.0,2756.38,1341.57,1414.81,Central
O200084,2024-10-25,C100361,P1014,Office Supplies Item 14,Office Supplies,962.37,5,0.05,4571.26,2515.87,2055.39,East
O200085,2024-01-07,C100909,P1003,Office Supplies Item 3,Office Supplies,468.91,2,0.0,937.82,488.55,449.27,Central
O200086,2023-02-17,C100599,P2004,Technology Item 4,Technology,1323.25,3,0.0,3969.75,2897.79,1071.96,West
O200087,2024-08-02,C100716,P1013,Office Supplies Item 13,Office Supplies,945.16,3,0.0,2835.48,1916.47,919.01,West
O200088,2025-10-06,C100219,P3003,Furniture Item 3,Furniture,200.93,2,0.2,321.49,236.34,85.15,East
O200089,2023-11-14,C100406,P2009,Technology Item 9,Technology,2991.89,3,0.15,7629.32,4222.86,3406.46,West
O200090,2025-06-15,C100992,P4012,Consumables Item 12,Consumables,605.54,2,0.0,1211.08,773.06,438.02,East
O200091,2023-02-11,C100753,P3011,Furniture Item 11,Furniture,542.78,4,0.0,2171.12,1316.09,855.03,West
O200092,2025-04-10,C100923,P3002,Furniture Item 2,Furniture,1401.3,4,0.05,5324.94,3141.13,2183.81,Central
O200093,2025-03-03,C100832,P2011,Technology Item 11,Technology,4293.44,3,0.0,12880.32,6636.47,6243.85,East
O200094,2025-09-16,C100770,P4003,Consumables Item 3,Consumables,171.17,2,0.0,342.34,234.05,108.29,South
O200095,2024-04-13,C100621,P2006,Technology Item 6,Technology,1048.28,4,0.0,4193.12,2556.18,1636.94,West
O200096,2024-09-09,C100768,P1018,Office Supplies Item 18,Office Supplies,982.11,7,0.0,6874.77,2966.06,3908.71,East
O200097,2025-07-16,C100993,P5002,Accessories Item 2,Accessories,19.27,3,0.0,57.81,23.14,34.67,South
O200098,2024-01-02,C100794,P3017,Furniture Item 17,Furniture,715.82,2,0.0,1431.64,584.29,847.35,West
O200099,2025-01-30,C100220,P1007,Office Supplies Item 7,Office Supplies,1432.06,4,0.2,4582.59,1972.26,2610.33,Central
O200100,2025-05-20,C100595,P3008,Furniture Item 8,Furniture,774.16,3,0.0,2322.48,1273.61,1048.87,East
O200101,2025-09-27,C100107,P4020,Consumables Item 20,Consumables,1460.03,2,0.0,2920.06,1525.05,1395.01,West
O200102,2024-03-25,C100581,P3020,Furniture Item 20,Furniture,1296.14,3,0.0,3888.42,1799.0,2089.42,Central
O200103,2023-11-28,C100609,P2013,Technology Item 13,Technology,2603.81,2,0.0,5207.62,3156.75,2050.87,East
O200104,2024-10-13,C100724,P1003,Office Supplies Item 3,Office Supplies,468.91,3,0.15,1195.72,942.31,253.41,Central
O200105,2024-03-08,C100286,P1004,Office Supplies Item 4,Office Supplies,601.69,4,0.0,2406.76,1117.41,1289.35,Central
O200106,2024-04-30,C100749,P5020,Accessories Item 20,Accessories,75.35,2,0.2,120.56,60.31,60.25,East
O200107,2024-06-16,C100008,P1004,Office Supplies Item 4,Office Supplies,601.69,2,0.0,1203.38,703.79,499.59,South
O200108,2023-11-24,C100806,P3002,Furniture Item 2,Furniture,1401.3,6,0.1,7567.02,4966.51,2600.51,East
O200109,2023-04-07,C100189,P1009,Office Supplies Item 9,Office Supplies,75.25,2,0.05,142.98,91.52,51.46,East
O200110,2025-08-24,C100081,P3011,Furniture Item 11,Furniture,542.78,2,0.15,922.73,561.46,361.27,South
O200111,2023-04-16,C100108,P1017,Office Supplies Item 17,Office Supplies,816.15,2,0.05,1550.68,1077.58,473.1,East
O200112,2025-06-17,C100321,P1017,Office Supplies Item 17,Office Supplies,816.15,1,0.0,816.15,602.63,213.52,South
O200113,2023-12-14,C100579,P5017,Accessories Item 17,Accessories,955.69,3,0.05,2723.72,2177.85,545.87,Central
O200114,2023-05-13,C100686,P1020,Office Supplies Item 20,Office Supplies,891.62,6,0.1,4814.75,2822.43,1992.32,Central
O200115,2023-06-23,C100346,P1014,Office Supplies Item 14,Office Supplies,962.37,2,0.15,1636.03,1305.52,330.51,Central
O200116,2024-10-18,C100863,P2002,Technology Item 2,Technology,613.05,3,0.0,1839.15,1273.06,566.09,East
O200117,2025-01-24,C100328,P3012,Furniture Item 12,Furniture,806.55,5,0.0,4032.75,2673.46,1359.29,Central
O200118,2023-12-09,C100555,P2007,Technology Item 7,Technology,1312.26,4,0.0,5249.04,3442.7,1806.34,South
O200119,2025-04-11,C100699,P3003,Furniture Item 3,Furniture,200.93,3,0.0,602.79,460.71,142.08,East
O200120,2024-09-08,C100302,P1003,Office Supplies Item 3,Office Supplies,468.91,1,0.1,422.02,328.83,93.19,West
O200121,2023-01-07,C100200,P5008,Accessories Item 8,Accessories,497.2,4,0.0,1988.8,937.52,1051.28,West
O200122,2023-01-27,C100893,P5014,Accessories Item 14,Accessories,784.72,4,0.0,3138.88,1875.07,1263.81,East
O200123,2023-06-05,C100419,P1008,Office Supplies Item 8,Office Supplies,1378.19,1,0.05,1309.28,1016.76,292.52,Central
O200124,2022-11-01,C100039,P5006,Accessories Item 6,Accessories,15.68,2,0.1,28.22,15.6,12.62,Central
O200125,2023-03-20,C100732,P5009,Accessories Item 9,Accessories,83.46,3,0.0,250.38,123.46,126.92,East
O200126,2024-07-10,C100307,P1010,Office Supplies Item 10,Office Supplies,511.53,7,0.0,3580.71,1579.31,2001.4,Central
O200127,2023-03-13,C100004,P2009,Technology Item 9,Technology,2991.89,3,0.2,7180.54,4587.55,2592.99,West
O200128,2023-04-27,C100633,P2020,Technology Item 20,Technology,2640.06,2,0.0,5280.12,3591.06,1689.06,East
O200129,2025-01-18,C100848,P4005,Consumables Item 5,Consumables,1091.68,4,0.1,3930.05,1879.43,2050.62,South
O200130,2023-11-15,C100077,P2001,Technology Item 1,Technology,2209.18,2,0.0,4418.36,2957.89,1460.47,East
O200131,2025-04-26,C100468,P2004,Technology Item 4,Technology,1323.25,6,0.0,7939.5,6032.81,1906.69,West
O200132,2024-08-19,C100179,P4013,Consumables Item 13,Consumables,756.61,2,0.15,1286.24,639.82,646.42,West
O200133,2024-01-24,C100645,P3020,Furniture Item 20,Furniture,1296.14,4,0.1,4666.1,2094.15,2571.95,Central
O200134,2024-06-08,C100823,P2006,Technology Item 6,Technology,1048.28,3,0.0,3144.84,2308.85,835.99,East
O200135,2024-02-06,C100741,P1009,Office Supplies Item 9,Office Supplies,75.25,3,0.05,214.46,164.4,50.06,South
O200136,2025-07-17,C100276,P1020,Office Supplies Item 20,Office Supplies,891.62,4,0.0,3566.48,1733.11,1833.37,South
O200137,2023-03-02,C100152,P3016,Furniture Item 16,Furniture,445.94,3,0.0,1337.82,921.16,416.66,West
O200138,2022-11-17,C100164,P5019,Accessories Item 19,Accessories,123.42,2,0.05,234.5,149.23,85.27,East
O200139,2023-09-23,C100290,P2016,Technology Item 16,Technology,1535.17,3,0.1,4144.96,2054.57,2090.39,South
O200140,2023-09-14,C100378,P2016,Technology Item 16,Technology,1535.17,1,0.15,1304.89,951.87,353.02,South
O200141,2025-01-17,C100621,P4013,Consumables Item 13,Consumables,756.61,3,0.0,2269.83,1335.06,934.77,Central
O200142,2024-03-17,C100638,P2002,Technology Item 2,Technology,613.05,4,0.05,2329.59,1584.43,745.16,West
O200143,2023-02-27,C100752,P1001,Office Supplies Item 1,Office Supplies,53.51,2,0.0,107.02,55.71,51.31,East
O200144,2024-10-10,C100310,P4009,Consumables Item 9,Consumables,98.0,1,0.0,98.0,71.18,26.82,East
O200145,2022-12-15,C100930,P4013,Consumables Item 13,Consumables,756.61,3,0.0,2269.83,1147.89,1121.94,East
O200146,2023-09-10,C100979,P2017,Technology Item 17,Technology,3583.54,3,0.15,9138.03,4988.59,4149.44,East
O200147,2023-12-23,C100913,P5003,Accessories Item 3,Accessories,117.58,3,0.0,352.74,196.33,156.41,South
O200148,2024-05-09,C100389,P4012,Consumables Item 12,Consumables,605.54,2,0.0,1211.08,584.43,626.65,Central
O200149,2023-09-22,C100857,P5016,Accessories Item 16,Accessories,1442.31,1,0.05,1370.19,1027.3,342.89,East
O200150,2024-03-29,C100658,P1013,Office Supplies Item 13,Office Supplies,945.16,4,0.0,3780.64,1683.88,2096.76,West
O200151,2023-06-02,C100764,P5004,Accessories Item 4,Accessories,566.9,2,0.15,963.73,602.57,361.16,East
O200152,2023-01-13,C100183,P5020,Accessories Item 20,Accessories,75.35,1,0.0,75.35,54.68,20.67,Central
O200153,2024-03-23,C100821,P3003,Furniture Item 3,Furniture,200.93,3,0.1,542.51,343.06,199.45,West
O200154,2023-09-28,C100306,P2017,Technology Item 17,Technology,3583.54,4,0.0,14334.16,7607.98,6726.18,East
O200155,2024-09-18,C100072,P5014,Accessories Item 14,Accessories,784.72,2,0.0,1569.44,1118.29,451.15,East
O200156,2024-08-18,C100219,P4014,Consumables Item 14,Consumables,1259.98,6,0.1,6803.89,4080.1,2723.79,Central
O200157,2025-08-24,C100719,P5015,Accessories Item 15,Accessories,191.35,2,0.05,363.56,169.13,194.43,West
O200158,2024-06-22,C100173,P2005,Technology Item 5,Technology,4160.53,1,0.0,4160.53,2191.54,1968.99,West
O200159,2025-10-11,C100653,P5013,Accessories Item 13,Accessories,1059.89,4,0.0,4239.56,2699.65,1539.91,South
O200160,2023-09-21,C100272,P5008,Accessories Item 8,Accessories,497.2,1,0.0,497.2,329.9,167.3,Central
O200161,2025-07-19,C100726,P2001,Technology Item 1,Technology,2209.18,3,0.0,6627.54,4104.12,2523.42,West
O200162,2024-10-17,C100468,P3001,Furniture Item 1,Furniture,388.34,1,0.0,388.34,197.59,190.75,South
O200163,2024-10-23,C100269,P4013,Consumables Item 13,Consumables,756.61,5,0.0,3783.05,2411.7,1371.35,East
O200164,2023-08-04,C100020,P3002,Furniture Item 2,Furniture,1401.3,2,0.0,2802.6,1493.73,1308.87,East
O200165,2024-04-19,C100578,P3002,Furniture Item 2,Furniture,1401.3,4,0.0,5605.2,2746.37,2858.83,South
O200166,2023-04-01,C100995,P1002,Office Supplies Item 2,Office Supplies,357.2,1,0.0,357.2,277.98,79.22,South
O200167,2025-06-12,C100815,P4008,Consumables Item 8,Consumables,241.88,2,0.0,483.76,254.43,229.33,East
O200168,2023-07-17,C100503,P1008,Office Supplies Item 8,Office Supplies,1378.19,3,0.05,3927.84,2098.44,1829.4,South
O200169,2023-09-20,C100147,P5016,Accessories Item 16,Accessories,1442.31,3,0.05,4110.58,3118.74,991.84,East
O200170,2025-08-13,C100429,P4001,Consumables Item 1,Consumables,1495.23,3,0.0,4485.69,2050.31,2435.38,South
O200171,2025-03-18,C100165,P1014,Office Supplies Item 14,Office Supplies,962.37,1,0.0,962.37,609.99,352.38,East
O200172,2024-09-18,C100890,P4017,Consumables Item 17,Consumables,267.63,2,0.0,535.26,381.9,153.36,East
O200173,2023-09-06,C100310,P2001,Technology Item 1,Technology,2209.18,5,0.0,11045.9,5627.51,5418.39,West
O200174,2025-01-11,C100518,P2004,Technology Item 4,Technology,1323.25,2,0.0,2646.5,1952.14,694.36,South
O200175,2025-10-15,C100014,P3010,Furniture Item 10,Furniture,702.98,3,0.0,2108.94,1492.83,616.11,Central
O200176,2024-07-12,C100132,P5002,Accessories Item 2,Accessories,19.27,6,0.2,92.5,54.99,37.51,South
O200177,2024-02-16,C100854,P3005,Furniture Item 5,Furniture,764.38,3,0.0,2293.14,1026.15,1266.99,West
O200178,2024-02-04,C100755,P4004,Consumables Item 4,Consumables,50.47,6,0.05,287.68,226.7,60.98,West
O200179,2025-01-22,C100439,P4004,Consumables Item 4,Consumables,50.47,5,0.0,252.35,163.95,88.4,East
O200180,2025-02-23,C100743,P2006,Technology Item 6,Technology,1048.28,4,0.0,4193.12,2544.55,1648.57,East
O200181,2024-08-28,C100740,P2012,Technology Item 12,Technology,3897.09,3,0.0,11691.27,8817.32,2873.95,West
O200182,2023-07-20,C100674,P3017,Furniture Item 17,Furniture,715.82,2,0.0,1431.64,813.95,617.69,Central
O200183,2023-10-21,C100795,P3013,Furniture Item 13,Furniture,1077.46,2,0.0,2154.92,1347.81,807.11,South
O200184,2024-12-09,C100263,P2013,Technology Item 13,Technology,2603.81,4,0.05,9894.48,7355.21,2539.27,East
O200185,2023-04-29,C100643,P3012,Furniture Item 12,Furniture,806.55,4,0.05,3064.89,1707.72,1357.17,Central
O200186,2023-01-05,C100943,P5015,Accessories Item 15,Accessories,191.35,2,0.0,382.7,271.32,111.38,South
O200187,2025-01-28,C100225,P1018,Office Supplies Item 18,Office Supplies,982.11,5,0.05,4665.02,2343.96,2321.06,West
O200188,2023-04-20,C100258,P2015,Technology Item 15,Technology,89.72,3,0.0,269.16,183.28,85.88,Central
O200189,2024-02-17,C100234,P1012,Office Supplies Item 12,Office Supplies,362.33,6,0.0,2173.98,1313.46,860.52,West
O200190,2024-04-17,C100336,P3011,Furniture Item 11,Furniture,542.78,7,0.05,3609.49,1681.89,1927.6,South
O200191,2024-01-13,C100409,P5009,Accessories Item 9,Accessories,83.46,2,0.05,158.57,72.05,86.52,East
O200192,2025-02-12,C100828,P5015,Accessories Item 15,Accessories,191.35,3,0.0,574.05,334.71,239.34,West
O200193,2023-06-15,C100975,P1010,Office Supplies Item 10,Office Supplies,511.53,2,0.0,1023.06,700.12,322.94,East
O200194,2024-01-16,C100024,P3012,Furniture Item 12,Furniture,806.55,3,0.0,2419.65,1551.77,867.88,South
O200195,2023-12-01,C100271,P2014,Technology Item 14,Technology,3038.06,3,0.0,9114.18,6761.72,2352.46,East
O200196,2024-10-28,C100095,P4007,Consumables Item 7,Consumables,334.97,1,0.2,267.98,148.96,119.02,West
O200197,2023-01-23,C100142,P2019,Technology Item 19,Technology,1281.18,3,0.0,3843.54,2834.44,1009.1,Central
O200198,2025-09-02,C100694,P1008,Office Supplies Item 8,Office Supplies,1378.19,1,0.15,1171.46,485.93,685.53,West
O200199,2024-09-23,C100718,P5016,Accessories Item 16,Accessories,1442.31,6,0.15,7355.78,4018.62,3337.16,West
O200200,2024-03-07,C100902,P2009,Technology Item 9,Technology,2991.89,3,0.0,8975.67,3852.3,5123.37,East
O200201,2025-06-27,C100974,P2002,Technology Item 2,Technology,613.05,1,0.0,613.05,470.64,142.41,East
O200202,2023-10-19,C100081,P5004,Accessories Item 4,Accessories,566.9,2,0.1,1020.42,602.18,418.24,South
O200203,2025-10-16,C100274,P4010,Consumables Item 10,Consumables,1234.94,4,0.0,4939.76,2600.6,2339.16,Central
O200204,2022-12-10,C100276,P4001,Consumables Item 1,Consumables,1495.23,4,0.0,5980.92,3570.58,2410.34,South
O200205,2024-08-01,C100883,P3003,Furniture Item 3,Furniture,200.93,3,0.0,602.79,369.59,233.2,West
O200206,2023-04-22,C100958,P3009,Furniture Item 9,Furniture,1285.97,4,0.0,5143.88,3798.72,1345.16,East
O200207,2023-07-17,C100465,P2009,Technology Item 9,Technology,2991.89,4,0.0,11967.56,7383.64,4583.92,East
O200208,2024-03-31,C100208,P5001,Accessories Item 1,Accessories,306.1,2,0.0,612.2,350.52,261.68,East
O200209,2024-10-30,C100296,P2011,Technology Item 11,Technology,4293.44,1,0.05,4078.77,3199.97,878.8,Central
O200210,2024-04-06,C100039,P3013,Furniture Item 13,Furniture,1077.46,3,0.2,2585.9,2036.2,549.7,Central
O200211,2025-02-16,C100948,P2014,Technology Item 14,Technology,3038.06,4,0.0,12152.24,5047.64,7104.6,West
O200212,2023-02-25,C100288,P2018,Technology Item 18,Technology,362.51,1,0.0,362.51,247.5,115.01,South
O200213,2023-05-03,C100124,P3017,Furniture Item 17,Furniture,715.82,4,0.0,2863.28,1571.09,1292.19,West
O200214,2023-04-11,C100876,P1004,Office Supplies Item 4,Office Supplies,601.69,2,0.0,1203.38,806.36,397.02,South
O200215,2024-04-26,C100969,P1002,Office Supplies Item 2,Office Supplies,357.2,3,0.05,1018.02,666.57,351.45,East
O200216,2025-02-16,C100283,P1012,Office Supplies Item 12,Office Supplies,362.33,1,0.05,344.21,183.13,161.08,South
O200217,2025-10-25,C100878,P2015,Technology Item 15,Technology,89.72,3,0.0,269.16,213.89,55.27,South
O200218,2025-10-29,C100180,P4010,Consumables Item 10,Consumables,1234.94,4,0.1,4445.78,2413.36,2032.42,West
O200219,2024-01-21,C100097,P4012,Consumables Item 12,Consumables,605.54,3,0.05,1725.79,1126.58,599.21,Central
O200220,2023-12-21,C100191,P2001,Technology Item 1,Technology,2209.18,1,0.0,2209.18,1602.44,606.74,South
O200221,2024-04-15,C100074,P4001,Consumables Item 1,Consumables,1495.23,2,0.05,2840.94,1301.68,1539.26,West
O200222,2024-01-15,C100447,P2015,Technology Item 15,Technology,89.72,3,0.0,269.16,140.02,129.14,East
O200223,2024-11-07,C100785,P3008,Furniture Item 8,Furniture,774.16,1,0.05,735.45,352.71,382.74,South
O200224,2024-02-07,C100497,P1015,Office Supplies Item 15,Office Supplies,1276.5,4,0.0,5106.0,3639.19,1466.81,West
O200225,2023-12-01,C100561,P4011,Consumables Item 11,Consumables,470.52,1,0.0,470.52,339.0,131.52,West
O200226,2024-10-11,C100484,P1015,Office Supplies Item 15,Office Supplies,1276.5,2,0.1,2297.7,1154.31,1143.39,East
O200227,2023-11-30,C100849,P1006,Office Supplies Item 6,Office Supplies,309.21,4,0.0,1236.84,496.78,740.06,East
O200228,2023-09-22,C100722,P5001,Accessories Item 1,Accessories,306.1,3,0.05,872.38,496.68,375.7,Central
O200229,2024-11-19,C100116,P4008,Consumables Item 8,Consumables,241.88,2,0.0,483.76,326.47,157.29,West
O200230,2025-10-29,C100535,P2002,Technology Item 2,Technology,613.05,2,0.05,1164.79,755.95,408.84,South
O200231,2024-08-03,C100098,P2012,Technology Item 12,Technology,3897.09,1,0.0,3897.09,2253.61,1643.48,Central
O200232,2023-06-02,C100328,P2002,Technology Item 2,Technology,613.05,4,0.1,2206.98,1149.34,1057.64,South
O200233,2023-11-04,C100909,P2007,Technology Item 7,Technology,1312.26,3,0.0,3936.78,2321.74,1615.04,East
O200234,2022-12-19,C100407,P1015,Office Supplies Item 15,Office Supplies,1276.5,2,0.0,2553.0,1036.62,1516.38,East
O200235,2025-10-11,C100313,P3004,Furniture Item 4,Furniture,1197.1,4,0.0,4788.4,2056.85,2731.55,West
O200236,2023-03-13,C100702,P5006,Accessories Item 6,Accessories,15.68,2,0.1,28.22,13.12,15.1,East
O200237,2025-07-26,C100694,P5012,Accessories Item 12,Accessories,531.07,2,0.0,1062.14,690.56,371.58,Central
O200238,2024-12-25,C100148,P1009,Office Supplies Item 9,Office Supplies,75.25,3,0.2,180.6,88.05,92.55,Central
O200239,2023-11-08,C100342,P2014,Technology Item 14,Technology,3038.06,7,0.0,21266.42,12108.07,9158.35,West
O200240,2024-02-22,C100495,P5020,Accessories Item 20,Accessories,75.35,2,0.05,143.16,92.85,50.31,East
O200241,2025-02-09,C100948,P4013,Consumables Item 13,Consumables,756.61,3,0.05,2156.34,1578.94,577.4,East
O200242,2024-08-11,C100023,P1015,Office Supplies Item 15,Office Supplies,1276.5,5,0.05,6063.38,3758.46,2304.92,East
O200243,2024-09-12,C100105,P4002,Consumables Item 2,Consumables,643.15,4,0.05,2443.97,1150.74,1293.23,Central
O200244,2024-09-18,C100675,P3005,Furniture Item 5,Furniture,764.38,4,0.0,3057.52,2386.99,670.53,East
O200245,2023-01-21,C100579,P5004,Accessories Item 4,Accessories,566.9,1,0.0,566.9,247.17,319.73,South
O200246,2023-01-26,C100802,P4012,Consumables Item 12,Consumables,605.54,4,0.0,2422.16,1324.55,1097.61,Central
O200247,2023-06-13,C100801,P3018,Furniture Item 18,Furniture,1136.61,1,0.0,1136.61,873.52,263.09,South
O200248,2022-11-16,C100558,P5012,Accessories Item 12,Accessories,531.07,2,0.0,1062.14,680.76,381.38,West
O200249,2025-01-30,C100593,P1019,Office Supplies Item 19,Office Supplies,414.61,3,0.0,1243.83,827.22,416.61,South
O200250,2023-04-12,C100941,P1016,Office Supplies Item 16,Office Supplies,1112.6,4,0.0,4450.4,2317.22,2133.18,Central
O200251,2024-03-28,C100659,P4015,Consumables Item 15,Consumables,978.0,4,0.0,3912.0,1687.7,2224.3,West
O200252,2023-10-16,C100222,P1008,Office Supplies Item 8,Office Supplies,1378.19,2,0.05,2618.56,1430.53,1188.03,East
O200253,2024-09-11,C100855,P2013,Technology Item 13,Technology,2603.81,3,0.0,7811.43,4381.14,3430.29,South
O200254,2023-04-30,C100015,P4014,Consumables Item 14,Consumables,1259.98,7,0.0,8819.86,4481.45,4338.41,West
O200255,2024-11-12,C100891,P1018,Office Supplies Item 18,Office Supplies,982.11,1,0.05,933.0,453.62,479.38,East
O200256,2024-08-21,C100633,P2015,Technology Item 15,Technology,89.72,2,0.0,179.44,97.29,82.15,East
O200257,2024-03-07,C100078,P3003,Furniture Item 3,Furniture,200.93,1,0.0,200.93,131.76,69.17,East
O200258,2025-05-11,C100322,P3010,Furniture Item 10,Furniture,702.98,6,0.0,4217.88,3288.32,929.56,West
O200259,2023-03-08,C100807,P1003,Office Supplies Item 3,Office Supplies,468.91,3,0.1,1266.06,862.84,403.22,Central
O200260,2024-05-18,C100241,P5011,Accessories Item 11,Accessories,385.85,3,0.0,1157.55,823.99,333.56,West
O200261,2024-05-03,C100018,P3019,Furniture Item 19,Furniture,1035.24,2,0.0,2070.48,1081.67,988.81,Central
O200262,2024-01-27,C100768,P2008,Technology Item 8,Technology,1671.55,1,0.0,1671.55,738.62,932.93,West
O200263,2024-02-14,C100454,P3006,Furniture Item 6,Furniture,1126.74,4,0.0,4506.96,2328.32,2178.64,East
O200264,2025-07-15,C100443,P4004,Consumables Item 4,Consumables,50.47,4,0.1,181.69,101.94,79.75,East
O200265,2024-11-07,C100928,P4010,Consumables Item 10,Consumables,1234.94,3,0.05,3519.58,2379.07,1140.51,Central
O200266,2023-06-12,C100277,P3007,Furniture Item 7,Furniture,469.52,3,0.1,1267.7,983.41,284.29,East
O200267,2023-04-03,C100424,P1014,Office Supplies Item 14,Office Supplies,962.37,5,0.0,4811.85,3482.42,1329.43,Central
O200268,2024-05-13,C100476,P1007,Office Supplies Item 7,Office Supplies,1432.06,3,0.1,3866.56,1958.65,1907.91,East
O200269,2023-10-17,C100027,P4014,Consumables Item 14,Consumables,1259.98,3,0.0,3779.94,2752.25,1027.69,Central
O200270,2023-10-15,C100514,P4019,Consumables Item 19,Consumables,1074.49,3,0.0,3223.47,1820.29,1403.18,Central
O200271,2023-05-01,C100865,P2011,Technology Item 11,Technology,4293.44,2,0.0,8586.88,4037.34,4549.54,East
O200272,2024-07-29,C100464,P5013,Accessories Item 13,Accessories,1059.89,1,0.05,1006.9,588.53,418.37,Central
O200273,2025-08-14,C100807,P5001,Accessories Item 1,Accessories,306.1,2,0.15,520.37,325.38,194.99,West
O200274,2023-04-28,C100982,P3011,Furniture Item 11,Furniture,542.78,4,0.0,2171.12,1531.43,639.69,Central
O200275,2025-09-28,C100824,P2009,Technology Item 9,Technology,2991.89,4,0.1,10770.8,5815.79,4955.01,South
O200276,2024-12-11,C100363,P1015,Office Supplies Item 15,Office Supplies,1276.5,5,0.1,5744.25,2634.95,3109.3,East
O200277,2025-04-12,C100383,P5010,Accessories Item 10,Accessories,678.1,4,0.0,2712.4,1187.33,1525.07,Central
O200278,2025-08-23,C100751,P4016,Consumables Item 16,Consumables,924.52,2,0.05,1756.59,781.64,974.95,East
O200279,2025-08-12,C100525,P2005,Technology Item 5,Technology,4160.53,3,0.0,12481.59,9735.76,2745.83,West
O200280,2023-01-03,C100382,P4001,Consumables Item 1,Consumables,1495.23,4,0.1,5382.83,4202.38,1180.45,East
O200281,2022-11-29,C100184,P3001,Furniture Item 1,Furniture,388.34,2,0.05,737.85,581.06,156.79,West
O200282,2023-11-07,C100194,P4009,Consumables Item 9,Consumables,98.0,1,0.0,98.0,51.06,46.94,East
O200283,2023-02-05,C100462,P1004,Office Supplies Item 4,Office Supplies,601.69,4,0.1,2166.08,1032.45,1133.63,Central
O200284,2025-07-20,C100056,P3017,Furniture Item 17,Furniture,715.82,2,0.0,1431.64,1134.38,297.26,West
O200285,2022-11-21,C100230,P2011,Technology Item 11,Technology,4293.44,2,0.1,7728.19,6146.27,1581.92,Central
O200286,2024-11-04,C100489,P1003,Office Supplies Item 3,Office Supplies,468.91,2,0.0,937.82,404.52,533.3,Central
O200287,2025-10-05,C100028,P4007,Consumables Item 7,Consumables,334.97,1,0.1,301.47,211.33,90.14,Central
O200288,2023-01-05,C100832,P5010,Accessories Item 10,Accessories,678.1,2,0.0,1356.2,699.07,657.13,East
O200289,2024-06-25,C100583,P3010,Furniture Item 10,Furniture,702.98,3,0.05,2003.49,1530.1,473.39,East
O200290,2023-10-04,C100722,P1017,Office Supplies Item 17,Office Supplies,816.15,5,0.0,4080.75,1777.94,2302.81,South
O200291,2023-03-03,C100960,P3020,Furniture Item 20,Furniture,1296.14,2,0.1,2333.05,1762.46,570.59,West
O200292,2024-01-21,C100184,P4014,Consumables Item 14,Consumables,1259.98,3,0.0,3779.94,1515.94,2264.0,West
O200293,2024-07-03,C100425,P4006,Consumables Item 6,Consumables,1311.65,3,0.0,3934.95,2395.56,1539.39,East
O200294,2024-09-01,C100375,P5008,Accessories Item 8,Accessories,497.2,1,0.0,497.2,265.62,231.58,East
O200295,2024-07-07,C100868,P4015,Consumables Item 15,Consumables,978.0,2,0.1,1760.4,1005.07,755.33,South
O200296,2025-04-15,C100041,P2004,Technology Item 4,Technology,1323.25,1,0.0,1323.25,758.9,564.35,Central
O200297,2023-08-08,C100484,P5019,Accessories Item 19,Accessories,123.42,4,0.0,493.68,326.54,167.14,West
O200298,2025-10-02,C100260,P5007,Accessories Item 7,Accessories,687.81,6,0.1,3714.17,1519.98,2194.19,South
O200299,2024-06-18,C100441,P2012,Technology Item 12,Technology,3897.09,4,0.1,14029.52,9491.61,4537.91,Central
O200300,2024-10-03,C100926,P5007,Accessories Item 7,Accessories,687.81,1,0.0,687.81,281.23,406.58,Central
O200301,2025-10-10,C100856,P5018,Accessories Item 18,Accessories,1149.97,1,0.0,1149.97,545.21,604.76,West
O200302,2023-05-29,C100084,P1019,Office Supplies Item 19,Office Supplies,414.61,2,0.0,829.22,532.94,296.28,West
O200303,2023-03-06,C100046,P4006,Consumables Item 6,Consumables,1311.65,2,0.1,2360.97,1026.02,1334.95,East
O200304,2024-03-06,C100440,P3020,Furniture Item 20,Furniture,1296.14,2,0.1,2333.05,1857.95,475.1,Central
O200305,2025-06-17,C100671,P4006,Consumables Item 6,Consumables,1311.65,2,0.1,2360.97,1685.15,675.82,East
O200306,2025-06-27,C100856,P1015,Office Supplies Item 15,Office Supplies,1276.5,4,0.05,4850.7,3309.47,1541.23,Central
O200307,2024-06-03,C100519,P5005,Accessories Item 5,Accessories,1231.71,2,0.0,2463.42,1249.13,1214.29,East
O200308,2024-12-16,C100986,P2015,Technology Item 15,Technology,89.72,2,0.0,179.44,75.26,104.18,East
O200309,2023-07-16,C100845,P4009,Consumables Item 9,Consumables,98.0,3,0.0,294.0,232.7,61.3,South
O200310,2023-06-18,C100438,P2007,Technology Item 7,Technology,1312.26,3,0.0,3936.78,1807.53,2129.25,West
O200311,2023-05-08,C100136,P5008,Accessories Item 8,Accessories,497.2,3,0.15,1267.86,928.36,339.5,East
O200312,2022-11-10,C100183,P1007,Office Supplies Item 7,Office Supplies,1432.06,4,0.0,5728.24,2743.87,2984.37,South
O200313,2024-09-06,C100709,P1006,Office Supplies Item 6,Office Supplies,309.21,2,0.15,525.66,288.92,236.74,West
O200314,2024-03-16,C100172,P2013,Technology Item 13,Technology,2603.81,1,0.15,2213.24,1499.33,713.91,East
O200315,2023-01-24,C100909,P3018,Furniture Item 18,Furniture,1136.61,4,0.1,4091.8,3184.02,907.78,West
O200316,2022-12-19,C100861,P3009,Furniture Item 9,Furniture,1285.97,5,0.0,6429.85,2622.82,3807.03,Central
O200317,2025-02-15,C100788,P1017,Office Supplies Item 17,Office Supplies,816.15,5,0.0,4080.75,2057.95,2022.8,West
O200318,2025-08-04,C100590,P3002,Furniture Item 2,Furniture,1401.3,2,0.0,2802.6,1978.6,824.0,South
O200319,2024-09-19,C100928,P5014,Accessories Item 14,Accessories,784.72,6,0.05,4472.9,2099.39,2373.51,East
O200320,2023-11-22,C100956,P4012,Consumables Item 12,Consumables,605.54,2,0.0,1211.08,538.42,672.66,East
O200321,2025-06-27,C100690,P2020,Technology Item 20,Technology,2640.06,3,0.0,7920.18,3314.39,4605.79,East
O200322,2025-08-02,C100539,P3006,Furniture Item 6,Furniture,1126.74,6,0.05,6422.42,3859.85,2562.57,East
O200323,2023-06-06,C100120,P4011,Consumables Item 11,Consumables,470.52,4,0.15,1599.77,1131.19,468.58,West
O200324,2025-08-01,C100281,P4010,Consumables Item 10,Consumables,1234.94,6,0.1,6668.68,5232.87,1435.81,South
O200325,2023-07-13,C100308,P4008,Consumables Item 8,Consumables,241.88,3,0.0,725.64,367.9,357.74,West
O200326,2023-06-24,C100708,P1001,Office Supplies Item 1,Office Supplies,53.51,5,0.15,227.42,102.01,125.41,East
O200327,2025-09-15,C100277,P4019,Consumables Item 19,Consumables,1074.49,4,0.05,4083.06,2290.68,1792.38,South
O200328,2023-07-29,C100530,P5015,Accessories Item 15,Accessories,191.35,4,0.05,727.13,306.98,420.15,West
O200329,2023-03-03,C100295,P5009,Accessories Item 9,Accessories,83.46,2,0.0,166.92,88.89,78.03,West
O200330,2024-08-17,C100783,P5017,Accessories Item 17,Accessories,955.69,2,0.05,1815.81,1193.41,622.4,East
O200331,2023-07-17,C100053,P3012,Furniture Item 12,Furniture,806.55,1,0.05,766.22,358.03,408.19,East
O200332,2025-06-05,C100806,P2015,Technology Item 15,Technology,89.72,3,0.0,269.16,175.69,93.47,East
O200333,2022-12-17,C100432,P4009,Consumables Item 9,Consumables,98.0,2,0.0,196.0,154.6,41.4,East
O200334,2025-03-12,C100052,P1005,Office Supplies Item 5,Office Supplies,367.17,2,0.1,660.91,492.83,168.08,West
O200335,2024-04-08,C100728,P5020,Accessories Item 20,Accessories,75.35,4,0.15,256.19,139.04,117.15,East
O200336,2025-04-06,C100072,P1017,Office Supplies Item 17,Office Supplies,816.15,2,0.1,1469.07,835.31,633.76,East
O200337,2023-05-27,C100028,P3013,Furniture Item 13,Furniture,1077.46,4,0.0,4309.84,2446.82,1863.02,West
O200338,2024-11-16,C100469,P3012,Furniture Item 12,Furniture,806.55,3,0.0,2419.65,1800.12,619.53,Central
O200339,2023-03-29,C100912,P1014,Office Supplies Item 14,Office Supplies,962.37,4,0.0,3849.48,3070.08,779.4,Central
O200340,2024-01-12,C100764,P2009,Technology Item 9,Technology,2991.89,3,0.05,8526.89,6227.68,2299.21,East
O200341,2023-04-04,C100886,P1008,Office Supplies Item 8,Office Supplies,1378.19,3,0.1,3721.11,2319.17,1401.94,East
O200342,2023-10-24,C100912,P5018,Accessories Item 18,Accessories,1149.97,4,0.0,4599.88,2019.1,2580.78,Central
O200343,2024-01-30,C100547,P1001,Office Supplies Item 1,Office Supplies,53.51,3,0.15,136.45,106.68,29.77,Central
O200344,2024-12-15,C100401,P2009,Technology Item 9,Technology,2991.89,2,0.05,5684.59,4229.44,1455.15,Central
O200345,2024-07-21,C100201,P2016,Technology Item 16,Technology,1535.17,3,0.0,4605.51,3392.25,1213.26,East
O200346,2025-02-09,C100761,P3011,Furniture Item 11,Furniture,542.78,3,0.0,1628.34,906.54,721.8,East
O200347,2024-02-29,C100611,P2017,Technology Item 17,Technology,3583.54,1,0.0,3583.54,2074.4,1509.14,South
O200348,2024-04-16,C100820,P5013,Accessories Item 13,Accessories,1059.89,1,0.0,1059.89,474.69,585.2,South
O200349,2023-05-19,C100989,P4009,Consumables Item 9,Consumables,98.0,3,0.0,294.0,227.89,66.11,West
O200350,2023-11-06,C100999,P3013,Furniture Item 13,Furniture,1077.46,5,0.05,5117.93,3978.13,1139.8,South
O200351,2025-08-10,C100466,P5016,Accessories Item 16,Accessories,1442.31,3,0.05,4110.58,2062.59,2047.99,West
O200352,2025-03-02,C100652,P3012,Furniture Item 12,Furniture,806.55,3,0.0,2419.65,1641.5,778.15,South
O200353,2023-07-06,C100595,P5008,Accessories Item 8,Accessories,497.2,5,0.0,2486.0,1196.75,1289.25,West
O200354,2024-12-27,C100560,P5003,Accessories Item 3,Accessories,117.58,3,0.05,335.1,186.71,148.39,Central
O200355,2023-07-22,C100790,P1012,Office Supplies Item 12,Office Supplies,362.33,4,0.0,1449.32,755.03,694.29,Central
O200356,2025-10-17,C100379,P3012,Furniture Item 12,Furniture,806.55,3,0.15,2056.7,1143.19,913.51,East
O200357,2022-12-01,C100760,P1001,Office Supplies Item 1,Office Supplies,53.51,3,0.0,160.53,84.05,76.48,East
O200358,2024-06-27,C100895,P1007,Office Supplies Item 7,Office Supplies,1432.06,1,0.0,1432.06,770.62,661.44,West
O200359,2024-03-16,C100177,P1017,Office Supplies Item 17,Office Supplies,816.15,4,0.05,3101.37,2221.9,879.47,East
O200360,2025-04-04,C100052,P5018,Accessories Item 18,Accessories,1149.97,2,0.1,2069.95,1076.4,993.55,West
O200361,2024-05-02,C100079,P3003,Furniture Item 3,Furniture,200.93,2,0.0,401.86,291.7,110.16,West
O200362,2025-02-16,C100385,P4011,Consumables Item 11,Consumables,470.52,2,0.0,941.04,590.19,350.85,East
O200363,2025-02-25,C100834,P1017,Office Supplies Item 17,Office Supplies,816.15,5,0.05,3876.71,2760.91,1115.8,Central
O200364,2024-07-06,C100576,P3019,Furniture Item 19,Furniture,1035.24,2,0.0,2070.48,1589.21,481.27,East
O200365,2023-12-17,C100008,P1003,Office Supplies Item 3,Office Supplies,468.91,3,0.0,1406.73,640.58,766.15,East
O200366,2024-01-06,C100214,P2009,Technology Item 9,Technology,2991.89,1,0.05,2842.3,1527.9,1314.4,Central
O200367,2024-09-08,C100025,P2002,Technology Item 2,Technology,613.05,3,0.05,1747.19,737.7,1009.49,West
O200368,2023-04-08,C100450,P2018,Technology Item 18,Technology,362.51,1,0.1,326.26,183.61,142.65,East
O200369,2022-11-14,C100768,P3014,Furniture Item 14,Furniture,668.13,5,0.0,3340.65,1653.49,1687.16,East
O200370,2023-11-08,C100755,P5013,Accessories Item 13,Accessories,1059.89,2,0.0,2119.78,1332.65,787.13,Central
O200371,2023-06-13,C100969,P3010,Furniture Item 10,Furniture,702.98,6,0.0,4217.88,3008.85,1209.03,East
O200372,2024-03-25,C100457,P4009,Consumables Item 9,Consumables,98.0,3,0.1,264.6,157.32,107.28,South
O200373,2024-06-25,C100461,P2010,Technology Item 10,Technology,545.3,3,0.05,1554.1,829.03,725.07,South
O200374,2023-06-04,C100198,P2003,Technology Item 3,Technology,1102.81,5,0.0,5514.05,2542.1,2971.95,East
O200375,2025-07-15,C100094,P5005,Accessories Item 5,Accessories,1231.71,1,0.0,1231.71,505.9,725.81,South
O200376,2025-02-17,C100719,P5010,Accessories Item 10,Accessories,678.1,2,0.1,1220.58,819.2,401.38,West
O200377,2024-10-27,C100947,P3007,Furniture Item 7,Furniture,469.52,6,0.0,2817.12,1161.27,1655.85,West
O200378,2024-05-07,C100437,P2001,Technology Item 1,Technology,2209.18,2,0.0,4418.36,3394.78,1023.58,East
O200379,2025-10-01,C100527,P1020,Office Supplies Item 20,Office Supplies,891.62,2,0.0,1783.24,1137.16,646.08,East
O200380,2024-09-06,C100690,P2003,Technology Item 3,Technology,1102.81,2,0.1,1985.06,1074.55,910.51,South
O200381,2025-03-22,C100967,P4008,Consumables Item 8,Consumables,241.88,2,0.2,387.01,161.29,225.72,Central
O200382,2023-08-10,C100378,P2001,Technology Item 1,Technology,2209.18,2,0.0,4418.36,2498.12,1920.24,West
O200383,2025-10-17,C100587,P2001,Technology Item 1,Technology,2209.18,2,0.0,4418.36,3300.16,1118.2,East
O200384,2025-02-11,C100104,P1001,Office Supplies Item 1,Office Supplies,53.51,4,0.0,214.04,168.65,45.39,South
O200385,2024-04-20,C100806,P1015,Office Supplies Item 15,Office Supplies,1276.5,4,0.0,5106.0,2215.86,2890.14,West
O200386,2025-05-11,C100680,P1017,Office Supplies Item 17,Office Supplies,816.15,2,0.0,1632.3,1160.33,471.97,West
O200387,2025-02-19,C100962,P3011,Furniture Item 11,Furniture,542.78,3,0.0,1628.34,819.61,808.73,East
O200388,2025-06-05,C100627,P4003,Consumables Item 3,Consumables,171.17,4,0.05,650.45,358.9,291.55,South
O200389,2024-08-26,C100039,P1014,Office Supplies Item 14,Office Supplies,962.37,4,0.0,3849.48,2383.09,1466.39,West
O200390,2023-01-06,C100458,P3019,Furniture Item 19,Furniture,1035.24,2,0.1,1863.43,1486.81,376.62,East
O200391,2022-11-06,C100364,P5003,Accessories Item 3,Accessories,117.58,3,0.05,335.1,162.03,173.07,West
O200392,2024-07-29,C100785,P3010,Furniture Item 10,Furniture,702.98,4,0.0,2811.92,1271.55,1540.37,Central
O200393,2023-09-10,C100135,P2014,Technology Item 14,Technology,3038.06,6,0.0,18228.36,11629.53,6598.83,West
O200394,2024-05-18,C100374,P1006,Office Supplies Item 6,Office Supplies,309.21,3,0.15,788.49,584.44,204.05,Central
O200395,2025-02-03,C100232,P3009,Furniture Item 9,Furniture,1285.97,6,0.1,6944.24,4578.24,2366.0,West
O200396,2024-03-20,C100039,P1006,Office Supplies Item 6,Office Supplies,309.21,3,0.0,927.63,500.02,427.61,Central
O200397,2025-08-22,C100964,P4009,Consumables Item 9,Consumables,98.0,5,0.0,490.0,387.49,102.51,Central
O200398,2023-05-23,C100803,P1007,Office Supplies Item 7,Office Supplies,1432.06,3,0.15,3651.75,2914.14,737.61,Central
O200399,2024-08-23,C100819,P5017,Accessories Item 17,Accessories,955.69,3,0.0,2867.07,2030.63,836.44,Central
O200400,2025-01-13,C100047,P4017,Consumables Item 17,Consumables,267.63,2,0.0,535.26,385.9,149.36,East
O200401,2023-12-09,C100036,P3011,Furniture Item 11,Furniture,542.78,3,0.15,1384.09,974.87,409.22,South
O200402,2024-04-19,C100832,P1001,Office Supplies Item 1,Office Supplies,53.51,2,0.1,96.32,48.46,47.86,Central
O200403,2024-05-30,C100095,P1013,Office Supplies Item 13,Office Supplies,945.16,2,0.05,1795.8,826.26,969.54,West
O200404,2024-12-02,C100985,P3003,Furniture Item 3,Furniture,200.93,1,0.0,200.93,124.93,76.0,East
O200405,2023-02-25,C100361,P2007,Technology Item 7,Technology,1312.26,3,0.0,3936.78,3077.22,859.56,Central
O200406,2024-07-20,C100525,P4011,Consumables Item 11,Consumables,470.52,6,0.05,2681.96,2015.0,666.96,West
O200407,2024-11-18,C100146,P1003,Office Supplies Item 3,Office Supplies,468.91,4,0.1,1688.08,747.39,940.69,East
O200408,2023-02-13,C100917,P3018,Furniture Item 18,Furniture,1136.61,2,0.0,2273.22,961.11,1312.11,South
O200409,2024-03-09,C100368,P5009,Accessories Item 9,Accessories,83.46,3,0.2,200.3,150.13,50.17,East
O200410,2022-12-16,C100065,P5017,Accessories Item 17,Accessories,955.69,3,0.0,2867.07,1849.85,1017.22,West
O200411,2025-01-31,C100228,P1017,Office Supplies Item 17,Office Supplies,816.15,3,0.0,2448.45,1277.43,1171.02,Central
O200412,2025-07-09,C100754,P3005,Furniture Item 5,Furniture,764.38,4,0.0,3057.52,1910.05,1147.47,South
O200413,2025-06-17,C100520,P4018,Consumables Item 18,Consumables,772.22,7,0.05,5135.26,2509.43,2625.83,East
O200414,2025-02-22,C100816,P3018,Furniture Item 18,Furniture,1136.61,4,0.05,4319.12,3363.65,955.47,Central
O200415,2024-01-23,C100853,P3016,Furniture Item 16,Furniture,445.94,4,0.05,1694.57,1238.53,456.04,West
O200416,2024-04-19,C100555,P3014,Furniture Item 14,Furniture,668.13,4,0.0,2672.52,2097.65,574.87,East
O200417,2024-03-25,C100756,P5007,Accessories Item 7,Accessories,687.81,2,0.15,1169.28,555.2,614.08,South
O200418,2024-04-23,C100181,P5008,Accessories Item 8,Accessories,497.2,3,0.0,1491.6,1100.01,391.59,Central
O200419,2022-11-16,C100501,P2009,Technology Item 9,Technology,2991.89,3,0.0,8975.67,5601.84,3373.83,Central
O200420,2023-07-01,C100597,P3014,Furniture Item 14,Furniture,668.13,1,0.05,634.72,336.4,298.32,South
O200421,2025-04-30,C100155,P2007,Technology Item 7,Technology,1312.26,3,0.0,3936.78,2330.04,1606.74,Central
O200422,2024-11-30,C100787,P3005,Furniture Item 5,Furniture,764.38,4,0.0,3057.52,2378.0,679.52,West
O200423,2024-10-05,C100535,P5007,Accessories Item 7,Accessories,687.81,3,0.0,2063.43,1396.08,667.35,West
O200424,2023-02-23,C100627,P2011,Technology Item 11,Technology,4293.44,2,0.0,8586.88,4670.97,3915.91,Central
O200425,2023-12-02,C100818,P2016,Technology Item 16,Technology,1535.17,3,0.0,4605.51,3684.22,921.29,Central
O200426,2023-11-29,C100435,P5001,Accessories Item 1,Accessories,306.1,2,0.0,612.2,329.55,282.65,West
O200427,2025-07-05,C100811,P4001,Consumables Item 1,Consumables,1495.23,3,0.0,4485.69,3254.31,1231.38,Central
O200428,2023-08-24,C100099,P2017,Technology Item 17,Technology,3583.54,1,0.0,3583.54,2557.76,1025.78,Central
O200429,2025-07-29,C100616,P4007,Consumables Item 7,Consumables,334.97,1,0.05,318.22,219.31,98.91,South
O200430,2023-04-27,C100372,P2016,Technology Item 16,Technology,1535.17,5,0.0,7675.85,5125.74,2550.11,Central
O200431,2025-06-24,C100563,P1005,Office Supplies Item 5,Office Supplies,367.17,4,0.05,1395.25,618.75,776.5,East
O200432,2023-09-11,C100362,P3006,Furniture Item 6,Furniture,1126.74,1,0.05,1070.4,854.16,216.24,West
O200433,2025-09-28,C100112,P4019,Consumables Item 19,Consumables,1074.49,1,0.1,967.04,449.11,517.93,Central
O200434,2023-07-17,C100453,P3012,Furniture Item 12,Furniture,806.55,4,0.1,2903.58,1853.8,1049.78,East
O200435,2022-11-07,C100756,P3009,Furniture Item 9,Furniture,1285.97,3,0.0,3857.91,1927.64,1930.27,South
O200436,2022-12-19,C100169,P1006,Office Supplies Item 6,Office Supplies,309.21,5,0.0,1546.05,722.8,823.25,East
O200437,2023-04-10,C100584,P1010,Office Supplies Item 10,Office Supplies,511.53,5,0.05,2429.77,1515.66,914.11,Central
O200438,2023-04-25,C100139,P5016,Accessories Item 16,Accessories,1442.31,2,0.1,2596.16,1906.98,689.18,South
O200439,2025-08-22,C100848,P2003,Technology Item 3,Technology,1102.81,1,0.0,1102.81,607.4,495.41,Central
O200440,2025-07-28,C100231,P1017,Office Supplies Item 17,Office Supplies,816.15,4,0.0,3264.6,1406.61,1857.99,Central
O200441,2024-01-29,C100239,P5004,Accessories Item 4,Accessories,566.9,4,0.1,2040.84,1325.53,715.31,South
O200442,2023-08-03,C100984,P3004,Furniture Item 4,Furniture,1197.1,2,0.1,2154.78,1522.51,632.27,Central
O200443,2024-03-12,C100253,P3001,Furniture Item 1,Furniture,388.34,2,0.05,737.85,382.53,355.32,South
O200444,2024-09-06,C100981,P1015,Office Supplies Item 15,Office Supplies,1276.5,5,0.0,6382.5,4316.08,2066.42,Central
O200445,2025-09-17,C100436,P3004,Furniture Item 4,Furniture,1197.1,3,0.0,3591.3,1545.39,2045.91,Central
O200446,2025-08-21,C100919,P3018,Furniture Item 18,Furniture,1136.61,2,0.0,2273.22,1237.93,1035.29,Central
O200447,2022-12-26,C100561,P5006,Accessories Item 6,Accessories,15.68,2,0.0,31.36,18.49,12.87,East
O200448,2024-04-30,C100422,P3010,Furniture Item 10,Furniture,702.98,2,0.15,1195.07,851.83,343.24,South
O200449,2022-12-06,C100303,P3012,Furniture Item 12,Furniture,806.55,4,0.0,3226.2,1726.85,1499.35,South
O200450,2024-01-13,C100072,P4010,Consumables Item 10,Consumables,1234.94,2,0.0,2469.88,1436.19,1033.69,Central
O200451,2024-06-17,C100263,P4008,Consumables Item 8,Consumables,241.88,3,0.0,725.64,472.64,253.0,East
O200452,2023-09-03,C100834,P4003,Consumables Item 3,Consumables,171.17,3,0.05,487.83,316.91,170.92,East
O200453,2024-07-11,C100222,P3018,Furniture Item 18,Furniture,1136.61,2,0.0,2273.22,1380.08,893.14,East
O200454,2023-10-23,C100077,P2003,Technology Item 3,Technology,1102.81,3,0.05,3143.01,1670.16,1472.85,West
O200455,2023-04-30,C100062,P3004,Furniture Item 4,Furniture,1197.1,2,0.15,2035.07,1359.37,675.7,West
O200456,2023-01-07,C100471,P5003,Accessories Item 3,Accessories,117.58,1,0.0,117.58,86.41,31.17,South
O200457,2023-08-19,C100157,P5015,Accessories Item 15,Accessories,191.35,1,0.0,191.35,88.31,103.04,South
O200458,2024-09-22,C100806,P3004,Furniture Item 4,Furniture,1197.1,6,0.1,6464.34,3466.08,2998.26,West
O200459,2023-04-30,C100125,P3012,Furniture Item 12,Furniture,806.55,2,0.1,1451.79,969.07,482.72,Central
O200460,2024-01-08,C100741,P4007,Consumables Item 7,Consumables,334.97,1,0.0,334.97,235.25,99.72,Central
O200461,2025-05-02,C100852,P2008,Technology Item 8,Technology,1671.55,6,0.0,10029.3,7146.72,2882.58,East
O200462,2023-01-05,C100161,P4007,Consumables Item 7,Consumables,334.97,3,0.1,904.42,598.1,306.32,South
O200463,2025-09-10,C100541,P4018,Consumables Item 18,Consumables,772.22,3,0.0,2316.66,1369.86,946.8,East
O200464,2023-11-19,C100626,P1018,Office Supplies Item 18,Office Supplies,982.11,4,0.0,3928.44,2586.17,1342.27,South
O200465,2022-12-09,C100591,P2007,Technology Item 7,Technology,1312.26,3,0.1,3543.1,1608.63,1934.47,Central
O200466,2025-01-30,C100535,P3011,Furniture Item 11,Furniture,542.78,1,0.0,542.78,262.22,280.56,Central
O200467,2024-06-24,C100106,P3020,Furniture Item 20,Furniture,1296.14,2,0.05,2462.67,1898.75,563.92,South
O200468,2024-12-24,C100131,P4014,Consumables Item 14,Consumables,1259.98,3,0.0,3779.94,2906.28,873.66,West
O200469,2024-09-01,C100357,P3009,Furniture Item 9,Furniture,1285.97,1,0.0,1285.97,886.75,399.22,South
O200470,2024-02-22,C100989,P1015,Office Supplies Item 15,Office Supplies,1276.5,1,0.05,1212.68,643.71,568.97,Central
O200471,2024-05-14,C100685,P5003,Accessories Item 3,Accessories,117.58,1,0.0,117.58,77.55,40.03,South
O200472,2023-02-09,C100776,P4013,Consumables Item 13,Consumables,756.61,2,0.05,1437.56,970.52,467.04,Central
O200473,2024-03-28,C100854,P4008,Consumables Item 8,Consumables,241.88,3,0.0,725.64,439.77,285.87,West
O200474,2023-04-25,C100885,P1015,Office Supplies Item 15,Office Supplies,1276.5,3,0.0,3829.5,2678.39,1151.11,Central
O200475,2023-06-26,C100797,P3011,Furniture Item 11,Furniture,542.78,2,0.0,1085.56,447.12,638.44,West
O200476,2025-04-28,C100002,P3008,Furniture Item 8,Furniture,774.16,1,0.1,696.74,350.1,346.64,South
O200477,2025-10-18,C100233,P4012,Consumables Item 12,Consumables,605.54,4,0.0,2422.16,1738.58,683.58,South
O200478,2025-03-20,C100369,P1001,Office Supplies Item 1,Office Supplies,53.51,4,0.0,214.04,165.98,48.06,Central
O200479,2024-03-09,C100251,P1007,Office Supplies Item 7,Office Supplies,1432.06,4,0.0,5728.24,4298.67,1429.57,South
O200480,2025-06-04,C100946,P3013,Furniture Item 13,Furniture,1077.46,2,0.05,2047.17,1405.58,641.59,West
O200481,2024-11-24,C100833,P2011,Technology Item 11,Technology,4293.44,3,0.0,12880.32,6004.79,6875.53,East
O200482,2023-05-30,C100108,P1018,Office Supplies Item 18,Office Supplies,982.11,2,0.15,1669.59,914.08,755.51,Central
O200483,2023-03-20,C100276,P1012,Office Supplies Item 12,Office Supplies,362.33,3,0.2,869.59,365.3,504.29,Central
O200484,2024-04-24,C100180,P3008,Furniture Item 8,Furniture,774.16,3,0.0,2322.48,1523.42,799.06,East
O200485,2023-07-28,C100725,P2010,Technology Item 10,Technology,545.3,2,0.0,1090.6,632.49,458.11,Central
O200486,2025-09-01,C100293,P5017,Accessories Item 17,Accessories,955.69,1,0.15,812.34,511.13,301.21,Central
O200487,2024-03-20,C100584,P1007,Office Supplies Item 7,Office Supplies,1432.06,1,0.0,1432.06,1133.82,298.24,East
O200488,2022-12-02,C100795,P5012,Accessories Item 12,Accessories,531.07,4,0.1,1911.85,1072.36,839.49,West
O200489,2025-10-28,C100175,P1003,Office Supplies Item 3,Office Supplies,468.91,3,0.0,1406.73,735.28,671.45,East
O200490,2025-01-21,C100123,P4003,Consumables Item 3,Consumables,171.17,1,0.0,171.17,78.78,92.39,West
O200491,2023-10-28,C100227,P1006,Office Supplies Item 6,Office Supplies,309.21,2,0.2,494.74,226.32,268.42,South
O200492,2025-05-17,C100902,P5015,Accessories Item 15,Accessories,191.35,1,0.0,191.35,116.23,75.12,East
O200493,2023-02-08,C100444,P1015,Office Supplies Item 15,Office Supplies,1276.5,2,0.0,2553.0,1786.31,766.69,West
O200494,2022-11-09,C100813,P4011,Consumables Item 11,Consumables,470.52,3,0.05,1340.98,839.17,501.81,Central
O200495,2024-09-27,C100428,P3003,Furniture Item 3,Furniture,200.93,2,0.15,341.58,255.95,85.63,South
O200496,2025-09-18,C100083,P5014,Accessories Item 14,Accessories,784.72,4,0.0,3138.88,1652.15,1486.73,Central
O200497,2024-02-05,C100765,P5011,Accessories Item 11,Accessories,385.85,4,0.15,1311.89,837.01,474.88,East
O200498,2025-05-09,C100658,P5001,Accessories Item 1,Accessories,306.1,4,0.05,1163.18,772.93,390.25,South
O200499,2023-11-25,C100632,P1018,Office Supplies Item 18,Office Supplies,982.11,2,0.2,1571.38,804.98,766.4,West
O200500,2024-07-24,C100065,P2002,Technology Item 2,Technology,613.05,3,0.05,1747.19,975.84,771.35,West
O200501,2024-09-12,C100281,P4001,Consumables Item 1,Consumables,1495.23,3,0.05,4261.41,2711.86,1549.55,East
O200502,2023-04-06,C100795,P4001,Consumables Item 1,Consumables,1495.23,2,0.1,2691.41,1099.1,1592.31,South
O200503,2023-10-01,C100391,P3013,Furniture Item 13,Furniture,1077.46,2,0.0,2154.92,1626.2,528.72,Central
O200504,2023-07-18,C100428,P2006,Technology Item 6,Technology,1048.28,1,0.15,891.04,396.0,495.04,South
O200505,2023-01-21,C100618,P5011,Accessories Item 11,Accessories,385.85,2,0.0,771.7,323.36,448.34,East
O200506,2024-11-23,C100925,P2020,Technology Item 20,Technology,2640.06,1,0.0,2640.06,1283.11,1356.95,West
O200507,2024-10-20,C100991,P5008,Accessories Item 8,Accessories,497.2,2,0.05,944.68,567.68,377.0,East
O200508,2023-01-14,C100812,P1008,Office Supplies Item 8,Office Supplies,1378.19,1,0.0,1378.19,732.48,645.71,West
O200509,2024-07-18,C100107,P2001,Technology Item 1,Technology,2209.18,4,0.1,7953.05,4581.42,3371.63,South
O200510,2023-01-01,C100548,P5013,Accessories Item 13,Accessories,1059.89,4,0.1,3815.6,1654.86,2160.74,East
O200511,2025-03-23,C100659,P3003,Furniture Item 3,Furniture,200.93,4,0.0,803.72,396.43,407.29,East
O200512,2023-09-16,C100262,P2001,Technology Item 1,Technology,2209.18,2,0.0,4418.36,1939.94,2478.42,Central
O200513,2023-02-10,C100921,P1003,Office Supplies Item 3,Office Supplies,468.91,1,0.0,468.91,230.65,238.26,East
O200514,2025-03-23,C100159,P2011,Technology Item 11,Technology,4293.44,3,0.15,10948.27,7459.31,3488.96,West
O200515,2025-06-11,C100265,P2007,Technology Item 7,Technology,1312.26,3,0.1,3543.1,2232.57,1310.53,West
O200516,2023-07-13,C100468,P2007,Technology Item 7,Technology,1312.26,2,0.0,2624.52,1400.41,1224.11,South
O200517,2024-05-23,C100202,P4013,Consumables Item 13,Consumables,756.61,3,0.2,1815.86,916.08,899.78,East
O200518,2023-02-20,C100933,P3017,Furniture Item 17,Furniture,715.82,2,0.0,1431.64,1143.9,287.74,South
O200519,2025-07-12,C100155,P5017,Accessories Item 17,Accessories,955.69,7,0.0,6689.83,4730.69,1959.14,Central
O200520,2025-07-25,C100013,P2013,Technology Item 13,Technology,2603.81,1,0.0,2603.81,1897.7,706.11,East
O200521,2024-02-04,C100297,P5010,Accessories Item 10,Accessories,678.1,1,0.0,678.1,278.39,399.71,East
O200522,2024-10-08,C100896,P5012,Accessories Item 12,Accessories,531.07,2,0.05,1009.03,427.66,581.37,South
O200523,2025-04-05,C100834,P3004,Furniture Item 4,Furniture,1197.1,4,0.0,4788.4,3280.27,1508.13,Central
O200524,2025-10-11,C100498,P3003,Furniture Item 3,Furniture,200.93,2,0.1,361.67,172.42,189.25,West
O200525,2024-04-03,C100597,P2011,Technology Item 11,Technology,4293.44,3,0.05,12236.3,6977.9,5258.4,East
O200526,2025-01-20,C100993,P4005,Consumables Item 5,Consumables,1091.68,4,0.0,4366.72,2068.37,2298.35,East
O200527,2023-06-24,C100792,P5004,Accessories Item 4,Accessories,566.9,2,0.0,1133.8,533.83,599.97,Central
O200528,2025-05-15,C100245,P4016,Consumables Item 16,Consumables,924.52,3,0.0,2773.56,1230.44,1543.12,West
O200529,2024-05-10,C100300,P1017,Office Supplies Item 17,Office Supplies,816.15,2,0.0,1632.3,1040.92,591.38,Central
O200530,2024-08-10,C100362,P1015,Office Supplies Item 15,Office Supplies,1276.5,3,0.0,3829.5,2664.26,1165.24,South
O200531,2023-06-22,C100354,P2014,Technology Item 14,Technology,3038.06,6,0.0,18228.36,7705.82,10522.54,West
O200532,2025-09-21,C100828,P4020,Consumables Item 20,Consumables,1460.03,1,0.0,1460.03,744.94,715.09,East
O200533,2024-06-01,C100521,P1004,Office Supplies Item 4,Office Supplies,601.69,3,0.15,1534.31,1017.78,516.53,Central
O200534,2024-04-25,C100386,P4012,Consumables Item 12,Consumables,605.54,4,0.0,2422.16,1348.96,1073.2,Central
O200535,2023-02-22,C100759,P5018,Accessories Item 18,Accessories,1149.97,1,0.15,977.47,666.5,310.97,South
O200536,2023-05-23,C100312,P5009,Accessories Item 9,Accessories,83.46,2,0.0,166.92,117.46,49.46,Central
O200537,2025-09-18,C100414,P4019,Consumables Item 19,Consumables,1074.49,5,0.2,4297.96,1774.7,2523.26,West
O200538,2024-08-04,C100278,P2008,Technology Item 8,Technology,1671.55,2,0.0,3343.1,1846.54,1496.56,West
O200539,2024-02-17,C100750,P4013,Consumables Item 13,Consumables,756.61,3,0.1,2042.85,1412.95,629.9,East
O200540,2024-09-27,C100715,P1002,Office Supplies Item 2,Office Supplies,357.2,4,0.0,1428.8,787.79,641.01,West
O200541,2023-07-11,C100759,P1017,Office Supplies Item 17,Office Supplies,816.15,2,0.0,1632.3,656.73,975.57,Central
O200542,2025-04-23,C100747,P3018,Furniture Item 18,Furniture,1136.61,2,0.1,2045.9,1093.58,952.32,Central
O200543,2023-11-21,C100593,P4014,Consumables Item 14,Consumables,1259.98,2,0.1,2267.96,1698.84,569.12,West
O200544,2023-01-01,C100356,P1009,Office Supplies Item 9,Office Supplies,75.25,2,0.1,135.45,105.76,29.69,South
O200545,2024-03-29,C100525,P2011,Technology Item 11,Technology,4293.44,3,0.0,12880.32,8039.98,4840.34,East
O200546,2024-01-04,C100839,P4006,Consumables Item 6,Consumables,1311.65,3,0.05,3738.2,1953.37,1784.83,East
O200547,2024-06-02,C100016,P5008,Accessories Item 8,Accessories,497.2,1,0.0,497.2,291.57,205.63,West
O200548,2024-11-12,C100993,P4002,Consumables Item 2,Consumables,643.15,4,0.0,2572.6,1272.1,1300.5,Central
O200549,2024-09-05,C100045,P1019,Office Supplies Item 19,Office Supplies,414.61,5,0.1,1865.74,871.77,993.97,Central
O200550,2023-09-07,C100321,P5001,Accessories Item 1,Accessories,306.1,3,0.0,918.3,548.61,369.69,West
O200551,2024-02-14,C100651,P4014,Consumables Item 14,Consumables,1259.98,2,0.2,2015.97,1400.44,615.53,Central
O200552,2025-01-17,C100326,P3015,Furniture Item 15,Furniture,1408.62,1,0.0,1408.62,688.8,719.82,East
O200553,2023-04-21,C100148,P2008,Technology Item 8,Technology,1671.55,2,0.2,2674.48,2042.81,631.67,East
O200554,2024-05-29,C100355,P5012,Accessories Item 12,Accessories,531.07,6,0.05,3027.1,1414.54,1612.56,Central
O200555,2022-12-01,C100236,P3010,Furniture Item 10,Furniture,702.98,2,0.0,1405.96,876.43,529.53,East
O200556,2022-12-17,C100703,P4005,Consumables Item 5,Consumables,1091.68,3,0.0,3275.04,2327.09,947.95,East
O200557,2023-03-10,C100613,P1003,Office Supplies Item 3,Office Supplies,468.91,3,0.1,1266.06,614.49,651.57,East
O200558,2023-10-18,C100105,P4019,Consumables Item 19,Consumables,1074.49,2,0.1,1934.08,1002.97,931.11,West
O200559,2025-07-05,C100474,P3012,Furniture Item 12,Furniture,806.55,4,0.0,3226.2,1356.92,1869.28,South
O200560,2022-12-28,C100762,P1010,Office Supplies Item 10,Office Supplies,511.53,4,0.05,1943.81,1511.47,432.34,South
O200561,2025-01-20,C100396,P2001,Technology Item 1,Technology,2209.18,4,0.0,8836.72,5255.98,3580.74,South
O200562,2024-12-07,C100446,P2017,Technology Item 17,Technology,3583.54,3,0.05,10213.09,4347.94,5865.15,East
O200563,2024-09-13,C100606,P1015,Office Supplies Item 15,Office Supplies,1276.5,6,0.2,6127.2,4485.42,1641.78,South
O200564,2025-07-24,C100220,P5007,Accessories Item 7,Accessories,687.81,3,0.0,2063.43,1295.29,768.14,West
O200565,2023-08-13,C100987,P4018,Consumables Item 18,Consumables,772.22,2,0.05,1467.22,619.33,847.89,South
O200566,2025-10-30,C100810,P4019,Consumables Item 19,Consumables,1074.49,1,0.0,1074.49,623.59,450.9,South
O200567,2025-04-04,C100851,P4014,Consumables Item 14,Consumables,1259.98,2,0.0,2519.96,1445.86,1074.1,West
O200568,2023-12-02,C100965,P1009,Office Supplies Item 9,Office Supplies,75.25,3,0.15,191.89,87.97,103.92,East
O200569,2022-11-26,C100442,P3004,Furniture Item 4,Furniture,1197.1,2,0.0,2394.2,1360.26,1033.94,Central
O200570,2023-09-09,C100645,P2019,Technology Item 19,Technology,1281.18,4,0.0,5124.72,2629.61,2495.11,West
O200571,2023-03-06,C100873,P1005,Office Supplies Item 5,Office Supplies,367.17,1,0.1,330.45,224.7,105.75,East
O200572,2025-01-19,C100667,P2005,Technology Item 5,Technology,4160.53,2,0.0,8321.06,3346.7,4974.36,East
O200573,2023-05-07,C100028,P3016,Furniture Item 16,Furniture,445.94,2,0.0,891.88,394.7,497.18,Central
O200574,2024-09-28,C100794,P5010,Accessories Item 10,Accessories,678.1,2,0.0,1356.2,1040.83,315.37,East
O200575,2025-01-18,C100475,P4004,Consumables Item 4,Consumables,50.47,3,0.0,151.41,86.81,64.6,South
O200576,2024-10-16,C100628,P4012,Consumables Item 12,Consumables,605.54,3,0.0,1816.62,854.67,961.95,East
O200577,2024-01-24,C100305,P5006,Accessories Item 6,Accessories,15.68,2,0.05,29.79,21.37,8.42,West
O200578,2024-04-06,C100746,P3012,Furniture Item 12,Furniture,806.55,2,0.0,1613.1,1194.72,418.38,East
O200579,2025-07-13,C100405,P5009,Accessories Item 9,Accessories,83.46,2,0.0,166.92,80.87,86.05,South
O200580,2024-08-19,C100513,P4016,Consumables Item 16,Consumables,924.52,2,0.0,1849.04,1267.41,581.63,Central
O200581,2024-06-19,C100502,P1009,Office Supplies Item 9,Office Supplies,75.25,2,0.0,150.5,97.23,53.27,East
O200582,2023-02-08,C100348,P1010,Office Supplies Item 10,Office Supplies,511.53,5,0.0,2557.65,1785.3,772.35,Central
O200583,2024-07-08,C100240,P1010,Office Supplies Item 10,Office Supplies,511.53,1,0.05,485.95,347.53,138.42,East
O200584,2025-06-05,C100570,P4013,Consumables Item 13,Consumables,756.61,2,0.0,1513.22,1005.34,507.88,Central
O200585,2024-05-09,C100847,P4002,Consumables Item 2,Consumables,643.15,3,0.2,1543.56,1207.82,335.74,West
O200586,2023-08-05,C100695,P5010,Accessories Item 10,Accessories,678.1,3,0.0,2034.3,1516.96,517.34,East
O200587,2024-03-05,C100337,P5019,Accessories Item 19,Accessories,123.42,2,0.0,246.84,121.34,125.5,Central
O200588,2023-07-13,C100026,P5011,Accessories Item 11,Accessories,385.85,4,0.0,1543.4,1181.36,362.04,East
O200589,2023-11-16,C100980,P3020,Furniture Item 20,Furniture,1296.14,2,0.0,2592.28,1409.78,1182.5,Central
O200590,2025-04-10,C100409,P5015,Accessories Item 15,Accessories,191.35,4,0.1,688.86,475.74,213.12,Central
O200591,2024-04-25,C100077,P1019,Office Supplies Item 19,Office Supplies,414.61,2,0.15,704.84,521.02,183.82,Central
O200592,2025-02-02,C100929,P2018,Technology Item 18,Technology,362.51,1,0.0,362.51,208.28,154.23,South
O200593,2025-03-28,C100217,P1006,Office Supplies Item 6,Office Supplies,309.21,3,0.05,881.25,370.66,510.59,Central
O200594,2023-08-08,C100328,P1015,Office Supplies Item 15,Office Supplies,1276.5,5,0.05,6063.38,4728.62,1334.76,West
O200595,2024-12-12,C100837,P5013,Accessories Item 13,Accessories,1059.89,6,0.2,5087.47,2182.48,2904.99,South
O200596,2025-02-20,C100774,P3007,Furniture Item 7,Furniture,469.52,3,0.0,1408.56,759.56,649.0,South
O200597,2024-10-19,C100023,P3005,Furniture Item 5,Furniture,764.38,3,0.0,2293.14,1464.35,828.79,Central
O200598,2023-09-24,C100756,P1005,Office Supplies Item 5,Office Supplies,367.17,1,0.0,367.17,164.13,203.04,South
O200599,2023-05-30,C100670,P4018,Consumables Item 18,Consumables,772.22,1,0.0,772.22,567.8,204.42,South
O200600,2024-10-27,C100718,P3013,Furniture Item 13,Furniture,1077.46,4,0.1,3878.86,1867.16,2011.7,East
O200601,2025-05-11,C100310,P4006,Consumables Item 6,Consumables,1311.65,4,0.15,4459.61,3542.72,916.89,East
O200602,2024-05-05,C100599,P4002,Consumables Item 2,Consumables,643.15,3,0.0,1929.45,1479.07,450.38,West
O200603,2022-11-26,C100267,P2003,Technology Item 3,Technology,1102.81,2,0.1,1985.06,1274.06,711.0,South
O200604,2022-11-27,C100415,P3004,Furniture Item 4,Furniture,1197.1,4,0.15,4070.14,2702.59,1367.55,East
O200605,2024-10-02,C100646,P3012,Furniture Item 12,Furniture,806.55,3,0.15,2056.7,1261.67,795.03,Central
O200606,2024-09-12,C100267,P3006,Furniture Item 6,Furniture,1126.74,4,0.1,4056.26,2257.07,1799.19,South
O200607,2023-12-18,C100333,P1019,Office Supplies Item 19,Office Supplies,414.61,2,0.05,787.76,425.93,361.83,South
O200608,2023-04-16,C100780,P5008,Accessories Item 8,Accessories,497.2,4,0.0,1988.8,1504.85,483.95,Central
O200609,2023-04-18,C100450,P5004,Accessories Item 4,Accessories,566.9,5,0.15,2409.32,1519.43,889.89,West
O200610,2023-06-17,C100565,P3007,Furniture Item 7,Furniture,469.52,3,0.0,1408.56,1027.29,381.27,East
O200611,2023-11-02,C100611,P5011,Accessories Item 11,Accessories,385.85,2,0.0,771.7,467.36,304.34,South
O200612,2024-04-11,C100247,P3012,Furniture Item 12,Furniture,806.55,2,0.0,1613.1,843.34,769.76,South
O200613,2024-12-30,C100036,P2004,Technology Item 4,Technology,1323.25,1,0.05,1257.09,548.98,708.11,South
O200614,2024-04-07,C100401,P1017,Office Supplies Item 17,Office Supplies,816.15,4,0.0,3264.6,1728.54,1536.06,South
O200615,2025-10-31,C100028,P5009,Accessories Item 9,Accessories,83.46,6,0.1,450.68,338.93,111.75,East
O200616,2023-02-14,C100220,P3006,Furniture Item 6,Furniture,1126.74,4,0.0,4506.96,3086.3,1420.66,Central
O200617,2024-11-01,C100406,P4004,Consumables Item 4,Consumables,50.47,1,0.0,50.47,36.05,14.42,East
O200618,2025-06-22,C100614,P5015,Accessories Item 15,Accessories,191.35,1,0.0,191.35,135.74,55.61,Central
O200619,2023-03-13,C100775,P2008,Technology Item 8,Technology,1671.55,4,0.0,6686.2,2995.34,3690.86,East
O200620,2024-04-17,C100271,P3010,Furniture Item 10,Furniture,702.98,3,0.0,2108.94,977.59,1131.35,East
O200621,2025-07-02,C100736,P4004,Consumables Item 4,Consumables,50.47,1,0.0,50.47,26.59,23.88,South
O200622,2023-07-27,C100651,P2008,Technology Item 8,Technology,1671.55,2,0.0,3343.1,1739.79,1603.31,Central
O200623,2024-09-03,C100792,P5006,Accessories Item 6,Accessories,15.68,2,0.15,26.66,11.37,15.29,South
O200624,2024-12-30,C100511,P3016,Furniture Item 16,Furniture,445.94,4,0.0,1783.76,823.01,960.75,Central
O200625,2022-11-18,C100963,P3019,Furniture Item 19,Furniture,1035.24,6,0.05,5900.87,4381.35,1519.52,West
O200626,2023-02-25,C100286,P1005,Office Supplies Item 5,Office Supplies,367.17,4,0.0,1468.68,933.52,535.16,West
O200627,2025-01-06,C100454,P3014,Furniture Item 14,Furniture,668.13,4,0.0,2672.52,1434.91,1237.61,South
O200628,2024-05-04,C100762,P3004,Furniture Item 4,Furniture,1197.1,2,0.05,2274.49,1388.78,885.71,Central
O200629,2025-05-17,C100834,P3002,Furniture Item 2,Furniture,1401.3,2,0.05,2662.47,1343.28,1319.19,South
O200630,2024-11-22,C100317,P4012,Consumables Item 12,Consumables,605.54,3,0.0,1816.62,1150.9,665.72,East
O200631,2023-12-27,C100590,P5012,Accessories Item 12,Accessories,531.07,2,0.0,1062.14,456.56,605.58,West
O200632,2024-08-07,C100297,P3017,Furniture Item 17,Furniture,715.82,3,0.15,1825.34,1389.19,436.15,South
O200633,2024-05-11,C100338,P3007,Furniture Item 7,Furniture,469.52,3,0.0,1408.56,698.9,709.66,East
O200634,2022-12-20,C100307,P4016,Consumables Item 16,Consumables,924.52,2,0.0,1849.04,1345.42,503.62,West
O200635,2024-09-08,C100428,P2005,Technology Item 5,Technology,4160.53,6,0.0,24963.18,16575.54,8387.64,West
O200636,2023-02-14,C100351,P3004,Furniture Item 4,Furniture,1197.1,2,0.1,2154.78,1312.7,842.08,Central
O200637,2024-08-19,C100511,P1015,Office Supplies Item 15,Office Supplies,1276.5,2,0.1,2297.7,1773.64,524.06,East
O200638,2025-10-31,C100525,P3011,Furniture Item 11,Furniture,542.78,5,0.0,2713.9,1255.79,1458.11,Central
O200639,2025-07-15,C100858,P3013,Furniture Item 13,Furniture,1077.46,2,0.0,2154.92,964.78,1190.14,South
O200640,2025-02-19,C100492,P2014,Technology Item 14,Technology,3038.06,1,0.0,3038.06,1606.36,1431.7,East
O200641,2024-01-20,C100908,P4017,Consumables Item 17,Consumables,267.63,2,0.0,535.26,391.86,143.4,West
O200642,2023-01-09,C100594,P1008,Office Supplies Item 8,Office Supplies,1378.19,4,0.0,5512.76,2282.73,3230.03,East
O200643,2023-03-30,C100009,P4017,Consumables Item 17,Consumables,267.63,6,0.0,1605.78,796.09,809.69,West
O200644,2024-12-13,C100497,P5020,Accessories Item 20,Accessories,75.35,6,0.0,452.1,257.64,194.46,West
O200645,2025-06-01,C100725,P4010,Consumables Item 10,Consumables,1234.94,3,0.1,3334.34,2284.61,1049.73,Central
O200646,2024-01-29,C100560,P5016,Accessories Item 16,Accessories,1442.31,5,0.05,6850.97,3560.62,3290.35,East
O200647,2025-06-03,C100561,P2001,Technology Item 1,Technology,2209.18,2,0.1,3976.52,2303.38,1673.14,West
O200648,2024-06-23,C100821,P1007,Office Supplies Item 7,Office Supplies,1432.06,4,0.0,5728.24,3063.12,2665.12,Central
O200649,2024-08-14,C100440,P5010,Accessories Item 10,Accessories,678.1,4,0.2,2169.92,947.87,1222.05,South
O200650,2024-10-25,C100552,P4019,Consumables Item 19,Consumables,1074.49,3,0.2,2578.78,1793.47,785.31,East
O200651,2023-06-21,C100875,P3016,Furniture Item 16,Furniture,445.94,3,0.0,1337.82,782.03,555.79,Central
O200652,2023-07-09,C100792,P3009,Furniture Item 9,Furniture,1285.97,2,0.0,2571.94,1864.67,707.27,West
O200653,2023-01-18,C100738,P3002,Furniture Item 2,Furniture,1401.3,5,0.1,6305.85,4274.59,2031.26,East
O200654,2025-10-11,C100968,P2003,Technology Item 3,Technology,1102.81,4,0.1,3970.12,1679.86,2290.26,Central
O200655,2025-04-16,C100108,P3012,Furniture Item 12,Furniture,806.55,2,0.15,1371.14,822.73,548.41,Central
O200656,2025-05-09,C100245,P4019,Consumables Item 19,Consumables,1074.49,3,0.05,3062.3,2438.64,623.66,Central
O200657,2024-12-20,C100255,P3013,Furniture Item 13,Furniture,1077.46,2,0.0,2154.92,1127.34,1027.58,East
O200658,2023-06-14,C100033,P1016,Office Supplies Item 16,Office Supplies,1112.6,2,0.0,2225.2,1328.85,896.35,South
O200659,2025-10-10,C100023,P5016,Accessories Item 16,Accessories,1442.31,1,0.0,1442.31,953.1,489.21,East
O200660,2025-09-23,C100845,P2017,Technology Item 17,Technology,3583.54,3,0.1,9675.56,4653.04,5022.52,East
O200661,2025-01-11,C100566,P1018,Office Supplies Item 18,Office Supplies,982.11,2,0.2,1571.38,1070.11,501.27,Central
O200662,2024-11-11,C100821,P1020,Office Supplies Item 20,Office Supplies,891.62,2,0.0,1783.24,1183.91,599.33,East
O200663,2023-03-11,C100049,P3006,Furniture Item 6,Furniture,1126.74,1,0.0,1126.74,619.69,507.05,East
O200664,2025-08-19,C100462,P1002,Office Supplies Item 2,Office Supplies,357.2,2,0.0,714.4,367.04,347.36,West
O200665,2024-07-24,C100590,P5007,Accessories Item 7,Accessories,687.81,1,0.0,687.81,527.99,159.82,Central
O200666,2025-02-15,C100336,P5014,Accessories Item 14,Accessories,784.72,4,0.1,2824.99,1273.53,1551.46,West
O200667,2024-11-28,C100945,P4003,Consumables Item 3,Consumables,171.17,3,0.0,513.51,294.14,219.37,Central
O200668,2024-10-04,C100358,P1003,Office Supplies Item 3,Office Supplies,468.91,1,0.0,468.91,331.42,137.49,South
O200669,2024-03-11,C100122,P3006,Furniture Item 6,Furniture,1126.74,2,0.0,2253.48,1034.92,1218.56,South
O200670,2023-09-19,C100444,P3009,Furniture Item 9,Furniture,1285.97,3,0.0,3857.91,2982.82,875.09,East
O200671,2024-07-07,C100359,P1001,Office Supplies Item 1,Office Supplies,53.51,3,0.0,160.53,98.0,62.53,Central
O200672,2023-09-25,C100602,P2002,Technology Item 2,Technology,613.05,3,0.0,1839.15,1107.03,732.12,East
O200673,2023-03-13,C100346,P5013,Accessories Item 13,Accessories,1059.89,6,0.0,6359.34,3622.99,2736.35,South
O200674,2025-02-12,C100193,P1014,Office Supplies Item 14,Office Supplies,962.37,4,0.05,3657.01,2731.71,925.3,South
O200675,2024-08-12,C100416,P5012,Accessories Item 12,Accessories,531.07,4,0.05,2018.07,1572.84,445.23,West
O200676,2023-03-01,C100377,P5005,Accessories Item 5,Accessories,1231.71,6,0.05,7020.75,3875.65,3145.1,Central
O200677,2024-06-28,C100463,P3005,Furniture Item 5,Furniture,764.38,2,0.1,1375.88,848.86,527.02,South
O200678,2025-06-22,C100756,P5016,Accessories Item 16,Accessories,1442.31,1,0.15,1225.96,645.06,580.9,West
O200679,2023-03-09,C100661,P1006,Office Supplies Item 6,Office Supplies,309.21,1,0.1,278.29,152.28,126.01,Central
O200680,2022-11-29,C100146,P4005,Consumables Item 5,Consumables,1091.68,7,0.0,7641.76,3143.31,4498.45,South
O200681,2024-10-22,C100478,P2001,Technology Item 1,Technology,2209.18,2,0.0,4418.36,3156.36,1262.0,South
O200682,2023-09-29,C100828,P1004,Office Supplies Item 4,Office Supplies,601.69,2,0.0,1203.38,947.94,255.44,West
O200683,2025-06-01,C100890,P1003,Office Supplies Item 3,Office Supplies,468.91,3,0.0,1406.73,995.7,411.03,South
O200684,2025-09-13,C100653,P2010,Technology Item 10,Technology,545.3,3,0.1,1472.31,894.11,578.2,Central
O200685,2023-10-22,C100408,P2011,Technology Item 11,Technology,4293.44,3,0.05,12236.3,8944.78,3291.52,East
O200686,2023-03-19,C100286,P2014,Technology Item 14,Technology,3038.06,4,0.0,12152.24,9030.96,3121.28,Central
O200687,2022-11-29,C100898,P5003,Accessories Item 3,Accessories,117.58,4,0.05,446.8,276.04,170.76,East
O200688,2025-05-19,C100851,P1020,Office Supplies Item 20,Office Supplies,891.62,2,0.0,1783.24,1381.77,401.47,West
O200689,2024-03-10,C100111,P5007,Accessories Item 7,Accessories,687.81,2,0.2,1100.5,453.48,647.02,South
O200690,2025-08-10,C100620,P3014,Furniture Item 14,Furniture,668.13,4,0.1,2405.27,971.82,1433.45,South
O200691,2024-08-16,C100879,P2005,Technology Item 5,Technology,4160.53,2,0.1,7488.95,3239.6,4249.35,South
O200692,2025-02-05,C100793,P1015,Office Supplies Item 15,Office Supplies,1276.5,2,0.0,2553.0,1080.28,1472.72,West
O200693,2023-10-17,C100050,P2018,Technology Item 18,Technology,362.51,3,0.0,1087.53,619.72,467.81,West
O200694,2024-05-07,C100014,P2003,Technology Item 3,Technology,1102.81,5,0.0,5514.05,4279.61,1234.44,South
O200695,2023-08-26,C100134,P3012,Furniture Item 12,Furniture,806.55,3,0.0,2419.65,1621.38,798.27,South
O200696,2023-01-03,C100588,P4006,Consumables Item 6,Consumables,1311.65,1,0.0,1311.65,870.65,441.0,South
O200697,2024-11-24,C100596,P3017,Furniture Item 17,Furniture,715.82,5,0.2,2863.28,1586.13,1277.15,West
O200698,2024-12-09,C100343,P3017,Furniture Item 17,Furniture,715.82,5,0.0,3579.1,2195.8,1383.3,South
O200699,2025-02-11,C100670,P4019,Consumables Item 19,Consumables,1074.49,3,0.0,3223.47,1681.59,1541.88,South
O200700,2023-04-15,C100286,P3012,Furniture Item 12,Furniture,806.55,2,0.0,1613.1,979.37,633.73,East
O200701,2024-03-20,C100934,P2015,Technology Item 15,Technology,89.72,7,0.0,628.04,438.79,189.25,East
O200702,2025-01-01,C100314,P4014,Consumables Item 14,Consumables,1259.98,4,0.15,4283.93,2670.93,1613.0,South
O200703,2025-02-10,C100606,P1014,Office Supplies Item 14,Office Supplies,962.37,1,0.0,962.37,546.19,416.18,West
O200704,2025-03-07,C100297,P5011,Accessories Item 11,Accessories,385.85,3,0.2,926.04,683.39,242.65,East
O200705,2025-01-14,C100606,P1014,Office Supplies Item 14,Office Supplies,962.37,3,0.0,2887.11,1486.8,1400.31,East
O200706,2024-11-30,C100569,P5019,Accessories Item 19,Accessories,123.42,3,0.2,296.21,175.53,120.68,West
O200707,2025-02-10,C100164,P2013,Technology Item 13,Technology,2603.81,4,0.0,10415.24,8241.15,2174.09,East
O200708,2023-08-10,C100832,P3012,Furniture Item 12,Furniture,806.55,4,0.05,3064.89,2411.85,653.04,East
O200709,2023-11-14,C100497,P1001,Office Supplies Item 1,Office Supplies,53.51,2,0.0,107.02,43.08,63.94,East
O200710,2023-05-17,C100610,P2014,Technology Item 14,Technology,3038.06,4,0.05,11544.63,7075.63,4469.0,South
O200711,2025-08-11,C100016,P1019,Office Supplies Item 19,Office Supplies,414.61,2,0.05,787.76,421.27,366.49,East
O200712,2025-08-20,C100344,P2004,Technology Item 4,Technology,1323.25,4,0.0,5293.0,2733.78,2559.22,West
O200713,2024-05-09,C100078,P1004,Office Supplies Item 4,Office Supplies,601.69,2,0.0,1203.38,768.36,435.02,West
O200714,2023-10-22,C100346,P2016,Technology Item 16,Technology,1535.17,1,0.2,1228.14,710.51,517.63,Central
O200715,2025-09-06,C100072,P4017,Consumables Item 17,Consumables,267.63,4,0.0,1070.52,742.02,328.5,East
O200716,2024-07-31,C100270,P3018,Furniture Item 18,Furniture,1136.61,2,0.15,1932.24,793.87,1138.37,West
O200717,2023-11-14,C100287,P2012,Technology Item 12,Technology,3897.09,6,0.05,22213.41,17121.13,5092.28,East
O200718,2024-09-10,C100066,P1009,Office Supplies Item 9,Office Supplies,75.25,1,0.0,75.25,47.18,28.07,South
O200719,2024-03-20,C100880,P4020,Consumables Item 20,Consumables,1460.03,4,0.0,5840.12,3934.06,1906.06,Central
O200720,2025-04-17,C100068,P4007,Consumables Item 7,Consumables,334.97,4,0.2,1071.9,687.98,383.92,East
O200721,2023-01-15,C100193,P1020,Office Supplies Item 20,Office Supplies,891.62,3,0.0,2674.86,2128.26,546.6,South
O200722,2023-06-19,C100055,P4014,Consumables Item 14,Consumables,1259.98,3,0.0,3779.94,3003.24,776.7,East
O200723,2025-06-19,C100980,P4002,Consumables Item 2,Consumables,643.15,3,0.05,1832.98,1180.36,652.62,West
O200724,2023-08-29,C100379,P3018,Furniture Item 18,Furniture,1136.61,3,0.0,3409.83,2296.81,1113.02,Central
O200725,2024-10-26,C100974,P2002,Technology Item 2,Technology,613.05,2,0.1,1103.49,714.43,389.06,West
O200726,2023-06-03,C100168,P4007,Consumables Item 7,Consumables,334.97,2,0.0,669.94,351.23,318.71,Central
O200727,2023-01-08,C100409,P4015,Consumables Item 15,Consumables,978.0,5,0.0,4890.0,2332.75,2557.25,East
O200728,2023-11-28,C100508,P5009,Accessories Item 9,Accessories,83.46,1,0.0,83.46,46.83,36.63,Central
O200729,2023-07-25,C100537,P3008,Furniture Item 8,Furniture,774.16,5,0.0,3870.8,2605.45,1265.35,West
O200730,2025-10-28,C100643,P1008,Office Supplies Item 8,Office Supplies,1378.19,4,0.0,5512.76,2328.54,3184.22,East
O200731,2024-07-03,C100837,P4013,Consumables Item 13,Consumables,756.61,2,0.05,1437.56,870.76,566.8,Central
O200732,2025-08-05,C100102,P1015,Office Supplies Item 15,Office Supplies,1276.5,2,0.1,2297.7,1294.43,1003.27,South
O200733,2025-06-19,C100886,P2012,Technology Item 12,Technology,3897.09,5,0.05,18511.18,11310.22,7200.96,West
O200734,2024-10-28,C100794,P3013,Furniture Item 13,Furniture,1077.46,5,0.0,5387.3,4008.64,1378.66,Central
O200735,2024-09-03,C100808,P4007,Consumables Item 7,Consumables,334.97,3,0.0,1004.91,421.1,583.81,Central
O200736,2023-12-28,C100806,P1004,Office Supplies Item 4,Office Supplies,601.69,1,0.15,511.44,360.8,150.64,South
O200737,2023-02-23,C100422,P2010,Technology Item 10,Technology,545.3,1,0.0,545.3,363.59,181.71,East
O200738,2023-06-08,C100964,P1013,Office Supplies Item 13,Office Supplies,945.16,1,0.0,945.16,455.13,490.03,Central
O200739,2022-12-01,C100775,P2001,Technology Item 1,Technology,2209.18,2,0.0,4418.36,3064.9,1353.46,Central
O200740,2024-07-09,C100478,P3001,Furniture Item 1,Furniture,388.34,1,0.0,388.34,232.44,155.9,East
O200741,2024-04-22,C100926,P1019,Office Supplies Item 19,Office Supplies,414.61,2,0.0,829.22,491.24,337.98,West
O200742,2024-11-08,C100120,P3008,Furniture Item 8,Furniture,774.16,4,0.1,2786.98,1653.32,1133.66,West
O200743,2025-08-22,C100915,P5006,Accessories Item 6,Accessories,15.68,2,0.15,26.66,20.79,5.87,South
O200744,2025-03-20,C100743,P4003,Consumables Item 3,Consumables,171.17,4,0.0,684.68,532.51,152.17,Central
O200745,2023-02-09,C100291,P1020,Office Supplies Item 20,Office Supplies,891.62,3,0.1,2407.37,1842.71,564.66,East
O200746,2025-10-17,C100488,P4004,Consumables Item 4,Consumables,50.47,5,0.0,252.35,190.45,61.9,East
O200747,2024-09-22,C100161,P2017,Technology Item 17,Technology,3583.54,6,0.0,21501.24,8923.77,12577.47,Central
O200748,2025-05-29,C100673,P2011,Technology Item 11,Technology,4293.44,2,0.05,8157.54,4570.16,3587.38,Central
O200749,2023-10-07,C100078,P4014,Consumables Item 14,Consumables,1259.98,3,0.0,3779.94,2865.01,914.93,East
O200750,2025-03-10,C100038,P1018,Office Supplies Item 18,Office Supplies,982.11,1,0.0,982.11,689.49,292.62,West
O200751,2025-09-09,C100394,P1020,Office Supplies Item 20,Office Supplies,891.62,3,0.05,2541.12,1480.62,1060.5,South
O200752,2022-12-08,C100441,P5002,Accessories Item 2,Accessories,19.27,1,0.1,17.34,12.3,5.04,East
O200753,2024-08-21,C100540,P1011,Office Supplies Item 11,Office Supplies,610.7,3,0.05,1740.5,841.14,899.36,West
O200754,2025-05-16,C100462,P5006,Accessories Item 6,Accessories,15.68,3,0.0,47.04,30.1,16.94,Central
O200755,2025-09-15,C100612,P3004,Furniture Item 4,Furniture,1197.1,1,0.0,1197.1,734.06,463.04,Central
O200756,2024-01-28,C100294,P5002,Accessories Item 2,Accessories,19.27,4,0.0,77.08,48.52,28.56,Central
O200757,2024-11-06,C100400,P4004,Consumables Item 4,Consumables,50.47,3,0.0,151.41,104.28,47.13,West
O200758,2025-01-27,C100636,P2014,Technology Item 14,Technology,3038.06,2,0.1,5468.51,4265.0,1203.51,South
O200759,2024-12-12,C100917,P5007,Accessories Item 7,Accessories,687.81,4,0.05,2613.68,1321.49,1292.19,East
O200760,2022-11-13,C100092,P4005,Consumables Item 5,Consumables,1091.68,1,0.0,1091.68,767.69,323.99,West
O200761,2025-05-03,C100767,P3015,Furniture Item 15,Furniture,1408.62,5,0.15,5986.63,3939.54,2047.09,West
O200762,2025-05-09,C100609,P4014,Consumables Item 14,Consumables,1259.98,2,0.0,2519.96,1708.68,811.28,East
O200763,2025-02-02,C100006,P1001,Office Supplies Item 1,Office Supplies,53.51,1,0.05,50.83,29.05,21.78,Central
O200764,2023-11-06,C100681,P2018,Technology Item 18,Technology,362.51,6,0.0,2175.06,1691.83,483.23,East
O200765,2023-09-28,C100895,P1009,Office Supplies Item 9,Office Supplies,75.25,6,0.0,451.5,267.23,184.27,West
O200766,2023-07-19,C100271,P5015,Accessories Item 15,Accessories,191.35,3,0.0,574.05,257.54,316.51,West
O200767,2024-09-27,C100620,P4011,Consumables Item 11,Consumables,470.52,2,0.2,752.83,506.11,246.72,Central
O200768,2024-09-17,C100899,P1017,Office Supplies Item 17,Office Supplies,816.15,2,0.0,1632.3,737.06,895.24,South
O200769,2025-06-07,C100811,P5019,Accessories Item 19,Accessories,123.42,1,0.0,123.42,65.3,58.12,East
O200770,2023-11-22,C100559,P3012,Furniture Item 12,Furniture,806.55,3,0.0,2419.65,1188.54,1231.11,South
O200771,2025-01-29,C100099,P1018,Office Supplies Item 18,Office Supplies,982.11,3,0.0,2946.33,1813.68,1132.65,South
O200772,2024-02-11,C100526,P4003,Consumables Item 3,Consumables,171.17,2,0.0,342.34,184.52,157.82,East
O200773,2023-01-08,C100194,P2013,Technology Item 13,Technology,2603.81,2,0.1,4686.86,2174.43,2512.43,South
O200774,2023-05-19,C100157,P1004,Office Supplies Item 4,Office Supplies,601.69,3,0.0,1805.07,1293.02,512.05,Central
O200775,2023-06-04,C100900,P5007,Accessories Item 7,Accessories,687.81,3,0.15,1753.92,1030.25,723.67,South
O200776,2023-05-31,C100666,P4015,Consumables Item 15,Consumables,978.0,1,0.0,978.0,568.98,409.02,South
O200777,2024-03-22,C100115,P3012,Furniture Item 12,Furniture,806.55,1,0.0,806.55,608.58,197.97,South
O200778,2022-11-16,C100396,P1009,Office Supplies Item 9,Office Supplies,75.25,2,0.0,150.5,92.64,57.86,West
O200779,2025-04-02,C100770,P4004,Consumables Item 4,Consumables,50.47,2,0.05,95.89,65.58,30.31,Central
O200780,2023-09-28,C100657,P2010,Technology Item 10,Technology,545.3,2,0.0,1090.6,579.36,511.24,West
O200781,2024-10-17,C100803,P1008,Office Supplies Item 8,Office Supplies,1378.19,2,0.0,2756.38,1721.4,1034.98,West
O200782,2024-05-04,C100522,P1005,Office Supplies Item 5,Office Supplies,367.17,3,0.1,991.36,684.6,306.76,East
O200783,2025-05-30,C100880,P4016,Consumables Item 16,Consumables,924.52,5,0.1,4160.34,2157.51,2002.83,West
O200784,2023-07-14,C100214,P4003,Consumables Item 3,Consumables,171.17,2,0.05,325.22,219.66,105.56,South
O200785,2025-07-19,C100745,P1001,Office Supplies Item 1,Office Supplies,53.51,3,0.15,136.45,85.62,50.83,South
O200786,2024-10-28,C100683,P1015,Office Supplies Item 15,Office Supplies,1276.5,5,0.0,6382.5,3661.5,2721.0,South
O200787,2025-03-29,C100533,P5009,Accessories Item 9,Accessories,83.46,2,0.0,166.92,114.37,52.55,East
O200788,2025-01-23,C100015,P5002,Accessories Item 2,Accessories,19.27,4,0.1,69.37,36.54,32.83,Central
O200789,2024-08-10,C100419,P2018,Technology Item 18,Technology,362.51,1,0.0,362.51,248.61,113.9,Central
O200790,2025-07-27,C100368,P3002,Furniture Item 2,Furniture,1401.3,2,0.0,2802.6,1738.86,1063.74,East
O200791,2024-02-14,C100638,P3006,Furniture Item 6,Furniture,1126.74,4,0.05,4281.61,2133.28,2148.33,West
O200792,2024-09-20,C100853,P3013,Furniture Item 13,Furniture,1077.46,1,0.0,1077.46,719.0,358.46,West
O200793,2024-09-30,C100853,P2006,Technology Item 6,Technology,1048.28,2,0.0,2096.56,1580.61,515.95,South
O200794,2024-03-21,C100213,P4001,Consumables Item 1,Consumables,1495.23,7,0.05,9943.28,5210.33,4732.95,South
O200795,2025-07-19,C100700,P4007,Consumables Item 7,Consumables,334.97,3,0.1,904.42,655.64,248.78,South
O200796,2025-08-06,C100684,P3014,Furniture Item 14,Furniture,668.13,2,0.0,1336.26,714.17,622.09,West
O200797,2025-01-12,C100992,P2002,Technology Item 2,Technology,613.05,4,0.0,2452.2,1786.3,665.9,East
O200798,2025-02-08,C100759,P2006,Technology Item 6,Technology,1048.28,3,0.0,3144.84,1322.28,1822.56,South
O200799,2023-06-02,C100005,P5003,Accessories Item 3,Accessories,117.58,4,0.0,470.32,189.49,280.83,East
O200800,2023-04-18,C100231,P3020,Furniture Item 20,Furniture,1296.14,5,0.0,6480.7,2885.89,3594.81,West
O200801,2025-07-05,C100201,P2019,Technology Item 19,Technology,1281.18,2,0.0,2562.36,1920.69,641.67,East
O200802,2023-03-26,C100885,P2016,Technology Item 16,Technology,1535.17,3,0.05,4375.23,2684.15,1691.08,South
O200803,2024-03-30,C100402,P2001,Technology Item 1,Technology,2209.18,2,0.0,4418.36,2817.33,1601.03,East
O200804,2024-01-27,C100149,P3001,Furniture Item 1,Furniture,388.34,2,0.2,621.34,457.85,163.49,East
O200805,2022-12-30,C100584,P3008,Furniture Item 8,Furniture,774.16,2,0.0,1548.32,650.69,897.63,Central
O200806,2024-04-11,C100492,P2006,Technology Item 6,Technology,1048.28,4,0.2,3354.5,1861.22,1493.28,East
O200807,2025-08-20,C100226,P4003,Consumables Item 3,Consumables,171.17,6,0.0,1027.02,674.99,352.03,South
O200808,2024-02-17,C100586,P4017,Consumables Item 17,Consumables,267.63,3,0.0,802.89,451.12,351.77,West
O200809,2024-11-26,C100819,P2016,Technology Item 16,Technology,1535.17,4,0.0,6140.68,2535.19,3605.49,South
O200810,2024-12-21,C100169,P2004,Technology Item 4,Technology,1323.25,2,0.05,2514.17,1660.3,853.87,Central
O200811,2024-01-07,C100761,P5010,Accessories Item 10,Accessories,678.1,3,0.1,1830.87,1018.99,811.88,Central
O200812,2023-12-06,C100792,P2001,Technology Item 1,Technology,2209.18,3,0.05,6296.16,2566.84,3729.32,South
O200813,2022-12-27,C101000,P1018,Office Supplies Item 18,Office Supplies,982.11,5,0.05,4665.02,2184.2,2480.82,West
O200814,2025-07-30,C100152,P1015,Office Supplies Item 15,Office Supplies,1276.5,6,0.0,7659.0,3730.18,3928.82,West
O200815,2023-05-05,C100224,P4019,Consumables Item 19,Consumables,1074.49,3,0.0,3223.47,1947.77,1275.7,East
O200816,2023-12-03,C100504,P1006,Office Supplies Item 6,Office Supplies,309.21,5,0.0,1546.05,733.68,812.37,East
O200817,2024-06-27,C100737,P3003,Furniture Item 3,Furniture,200.93,3,0.0,602.79,328.24,274.55,Central
O200818,2024-12-27,C100550,P2011,Technology Item 11,Technology,4293.44,1,0.1,3864.1,2705.9,1158.2,East
O200819,2023-04-07,C100044,P2008,Technology Item 8,Technology,1671.55,2,0.15,2841.64,2054.76,786.88,West
O200820,2024-06-11,C100697,P1008,Office Supplies Item 8,Office Supplies,1378.19,5,0.0,6890.95,4948.84,1942.11,West
O200821,2024-02-09,C100504,P2009,Technology Item 9,Technology,2991.89,3,0.1,8078.1,5477.22,2600.88,Central
O200822,2024-01-20,C100955,P2001,Technology Item 1,Technology,2209.18,3,0.0,6627.54,4087.37,2540.17,East
O200823,2025-01-09,C100241,P5001,Accessories Item 1,Accessories,306.1,4,0.0,1224.4,759.44,464.96,South
O200824,2025-05-17,C100930,P5008,Accessories Item 8,Accessories,497.2,6,0.0,2983.2,2330.94,652.26,East
O200825,2022-11-17,C100843,P3018,Furniture Item 18,Furniture,1136.61,2,0.0,2273.22,1707.52,565.7,Central
O200826,2024-10-31,C100351,P3020,Furniture Item 20,Furniture,1296.14,1,0.0,1296.14,855.34,440.8,South
O200827,2023-09-22,C100722,P3010,Furniture Item 10,Furniture,702.98,1,0.0,702.98,412.93,290.05,East
O200828,2025-07-22,C100023,P5020,Accessories Item 20,Accessories,75.35,3,0.0,226.05,156.34,69.71,South
O200829,2024-07-05,C100636,P2011,Technology Item 11,Technology,4293.44,2,0.0,8586.88,3650.17,4936.71,Central
O200830,2024-04-29,C100598,P3007,Furniture Item 7,Furniture,469.52,5,0.0,2347.6,1826.06,521.54,South
O200831,2024-06-18,C100043,P2014,Technology Item 14,Technology,3038.06,2,0.0,6076.12,3761.31,2314.81,West
O200832,2025-05-09,C100466,P1002,Office Supplies Item 2,Office Supplies,357.2,1,0.2,285.76,171.77,113.99,East
O200833,2025-02-19,C100040,P4007,Consumables Item 7,Consumables,334.97,3,0.1,904.42,466.98,437.44,South
O200834,2023-10-10,C100303,P5014,Accessories Item 14,Accessories,784.72,3,0.15,2001.04,803.13,1197.91,Central
O200835,2025-03-08,C100681,P4012,Consumables Item 12,Consumables,605.54,1,0.0,605.54,257.05,348.49,East
O200836,2024-01-19,C100175,P3012,Furniture Item 12,Furniture,806.55,6,0.05,4597.33,2322.59,2274.74,South
O200837,2023-06-10,C100999,P1007,Office Supplies Item 7,Office Supplies,1432.06,6,0.0,8592.36,5298.21,3294.15,South
O200838,2024-06-14,C100532,P4016,Consumables Item 16,Consumables,924.52,2,0.1,1664.14,721.29,942.85,West
O200839,2025-08-27,C100461,P1019,Office Supplies Item 19,Office Supplies,414.61,4,0.0,1658.44,1308.21,350.23,East
O200840,2025-08-14,C100621,P5010,Accessories Item 10,Accessories,678.1,4,0.0,2712.4,1530.84,1181.56,Central
O200841,2022-11-16,C100193,P5012,Accessories Item 12,Accessories,531.07,3,0.0,1593.21,838.87,754.34,South
O200842,2024-04-07,C100244,P1015,Office Supplies Item 15,Office Supplies,1276.5,4,0.0,5106.0,3115.06,1990.94,East
O200843,2025-01-11,C100836,P4018,Consumables Item 18,Consumables,772.22,2,0.0,1544.44,657.92,886.52,Central
O200844,2022-11-21,C100280,P3008,Furniture Item 8,Furniture,774.16,2,0.2,1238.66,916.83,321.83,Central
O200845,2023-06-16,C100740,P1014,Office Supplies Item 14,Office Supplies,962.37,2,0.0,1924.74,1124.26,800.48,East
O200846,2025-08-04,C100036,P1003,Office Supplies Item 3,Office Supplies,468.91,5,0.1,2110.1,994.56,1115.54,West
O200847,2025-01-17,C100557,P3010,Furniture Item 10,Furniture,702.98,2,0.0,1405.96,653.34,752.62,East
O200848,2023-12-09,C100898,P5013,Accessories Item 13,Accessories,1059.89,1,0.05,1006.9,548.14,458.76,Central
O200849,2025-10-25,C100540,P3014,Furniture Item 14,Furniture,668.13,1,0.05,634.72,399.46,235.26,West
O200850,2024-01-11,C100154,P1006,Office Supplies Item 6,Office Supplies,309.21,3,0.0,927.63,525.75,401.88,East
O200851,2025-02-06,C100023,P3009,Furniture Item 9,Furniture,1285.97,3,0.0,3857.91,2464.12,1393.79,South
O200852,2025-05-22,C100719,P2003,Technology Item 3,Technology,1102.81,2,0.05,2095.34,1429.42,665.92,West
O200853,2023-07-17,C100932,P5012,Accessories Item 12,Accessories,531.07,2,0.0,1062.14,742.86,319.28,Central
O200854,2023-02-11,C100091,P4018,Consumables Item 18,Consumables,772.22,3,0.0,2316.66,1298.22,1018.44,Central
O200855,2025-07-20,C100390,P4018,Consumables Item 18,Consumables,772.22,2,0.0,1544.44,1060.72,483.72,East
O200856,2024-12-08,C100931,P1020,Office Supplies Item 20,Office Supplies,891.62,2,0.0,1783.24,814.23,969.01,East
O200857,2025-01-21,C100359,P4017,Consumables Item 17,Consumables,267.63,2,0.0,535.26,323.96,211.3,East
O200858,2023-06-14,C100550,P5011,Accessories Item 11,Accessories,385.85,3,0.0,1157.55,496.6,660.95,West
O200859,2025-05-31,C100931,P3020,Furniture Item 20,Furniture,1296.14,2,0.1,2333.05,1161.02,1172.03,South
O200860,2024-02-06,C100228,P5019,Accessories Item 19,Accessories,123.42,3,0.1,333.23,211.03,122.2,Central
O200861,2023-06-25,C100202,P3005,Furniture Item 5,Furniture,764.38,2,0.0,1528.76,1064.27,464.49,South
O200862,2025-09-15,C100350,P4001,Consumables Item 1,Consumables,1495.23,3,0.0,4485.69,1965.29,2520.4,Central
O200863,2024-03-20,C100821,P3016,Furniture Item 16,Furniture,445.94,3,0.0,1337.82,645.94,691.88,East
O200864,2025-01-22,C100766,P1002,Office Supplies Item 2,Office Supplies,357.2,1,0.0,357.2,284.6,72.6,West
O200865,2024-12-06,C100038,P3005,Furniture Item 5,Furniture,764.38,5,0.1,3439.71,1840.46,1599.25,East
O200866,2024-07-26,C100733,P2020,Technology Item 20,Technology,2640.06,6,0.05,15048.34,7729.07,7319.27,East
O200867,2025-07-18,C100500,P2004,Technology Item 4,Technology,1323.25,2,0.1,2381.85,1033.97,1347.88,West
O200868,2024-07-10,C100699,P2009,Technology Item 9,Technology,2991.89,5,0.15,12715.53,8620.33,4095.2,West
O200869,2023-07-31,C100043,P4007,Consumables Item 7,Consumables,334.97,4,0.0,1339.88,808.35,531.53,Central
O200870,2023-06-20,C100871,P4008,Consumables Item 8,Consumables,241.88,4,0.05,919.14,425.58,493.56,East
O200871,2024-12-07,C100626,P4006,Consumables Item 6,Consumables,1311.65,2,0.05,2492.14,1627.76,864.38,Central
O200872,2024-03-10,C100772,P5004,Accessories Item 4,Accessories,566.9,2,0.05,1077.11,657.36,419.75,East
O200873,2025-09-13,C100517,P3014,Furniture Item 14,Furniture,668.13,3,0.1,1803.95,1129.23,674.72,West
O200874,2024-03-16,C100068,P3013,Furniture Item 13,Furniture,1077.46,2,0.1,1939.43,1547.55,391.88,West
O200875,2022-11-25,C100740,P4019,Consumables Item 19,Consumables,1074.49,3,0.0,3223.47,1326.28,1897.19,East
O200876,2023-08-15,C100123,P3009,Furniture Item 9,Furniture,1285.97,3,0.15,3279.22,2511.85,767.37,West
O200877,2023-10-04,C100685,P2012,Technology Item 12,Technology,3897.09,3,0.05,11106.71,8182.94,2923.77,East
O200878,2025-09-26,C100336,P4001,Consumables Item 1,Consumables,1495.23,2,0.0,2990.46,1693.01,1297.45,West
O200879,2023-03-17,C100153,P3002,Furniture Item 2,Furniture,1401.3,2,0.1,2522.34,1897.75,624.59,East
O200880,2024-03-22,C100974,P1001,Office Supplies Item 1,Office Supplies,53.51,4,0.0,214.04,141.14,72.9,South
O200881,2023-06-15,C100779,P4003,Consumables Item 3,Consumables,171.17,1,0.1,154.05,116.42,37.63,East
O200882,2023-09-16,C100669,P2015,Technology Item 15,Technology,89.72,2,0.2,143.55,91.57,51.98,South
O200883,2025-05-04,C100162,P3011,Furniture Item 11,Furniture,542.78,4,0.0,2171.12,1056.16,1114.96,West
O200884,2023-01-25,C100214,P4011,Consumables Item 11,Consumables,470.52,2,0.1,846.94,533.99,312.95,West
O200885,2025-05-14,C100910,P3005,Furniture Item 5,Furniture,764.38,5,0.1,3439.71,1622.25,1817.46,Central
O200886,2022-12-23,C100376,P4017,Consumables Item 17,Consumables,267.63,2,0.05,508.5,232.04,276.46,Central
O200887,2025-03-09,C100920,P4005,Consumables Item 5,Consumables,1091.68,5,0.0,5458.4,3611.41,1846.99,East
O200888,2025-03-16,C100443,P1014,Office Supplies Item 14,Office Supplies,962.37,3,0.0,2887.11,2249.03,638.08,East
O200889,2024-01-07,C100423,P5013,Accessories Item 13,Accessories,1059.89,3,0.0,3179.67,2020.36,1159.31,Central
O200890,2025-07-26,C100538,P1003,Office Supplies Item 3,Office Supplies,468.91,4,0.0,1875.64,1347.3,528.34,East
O200891,2023-02-08,C100939,P2004,Technology Item 4,Technology,1323.25,2,0.0,2646.5,1236.83,1409.67,Central
O200892,2025-07-17,C100804,P4005,Consumables Item 5,Consumables,1091.68,2,0.1,1965.02,1300.22,664.8,South
O200893,2024-06-21,C100935,P3008,Furniture Item 8,Furniture,774.16,4,0.2,2477.31,1717.25,760.06,West
O200894,2023-12-08,C100701,P1010,Office Supplies Item 10,Office Supplies,511.53,3,0.0,1534.59,639.38,895.21,East
O200895,2023-12-01,C100912,P1013,Office Supplies Item 13,Office Supplies,945.16,5,0.0,4725.8,2073.99,2651.81,East
O200896,2023-12-20,C100634,P5020,Accessories Item 20,Accessories,75.35,3,0.1,203.44,144.98,58.46,East
O200897,2025-05-27,C100230,P4013,Consumables Item 13,Consumables,756.61,6,0.0,4539.66,2614.75,1924.91,Central
O200898,2024-09-07,C100059,P1014,Office Supplies Item 14,Office Supplies,962.37,1,0.15,818.01,459.91,358.1,Central
O200899,2024-02-06,C100096,P5020,Accessories Item 20,Accessories,75.35,4,0.1,271.26,208.37,62.89,West
O200900,2024-04-24,C100262,P1010,Office Supplies Item 10,Office Supplies,511.53,2,0.05,971.91,774.4,197.51,East
O200901,2023-01-23,C100354,P2020,Technology Item 20,Technology,2640.06,3,0.0,7920.18,5589.7,2330.48,East
O200902,2023-07-29,C100312,P2003,Technology Item 3,Technology,1102.81,3,0.0,3308.43,2372.27,936.16,South
O200903,2023-07-02,C100136,P5019,Accessories Item 19,Accessories,123.42,3,0.0,370.26,178.96,191.3,East
O200904,2023-11-23,C100862,P3015,Furniture Item 15,Furniture,1408.62,4,0.0,5634.48,2687.03,2947.45,West
O200905,2023-06-02,C100795,P4003,Consumables Item 3,Consumables,171.17,1,0.05,162.61,128.83,33.78,East
O200906,2025-01-26,C100967,P4011,Consumables Item 11,Consumables,470.52,3,0.0,1411.56,957.09,454.47,East
O200907,2022-12-29,C100923,P3002,Furniture Item 2,Furniture,1401.3,1,0.0,1401.3,945.43,455.87,South
O200908,2025-04-01,C100473,P5019,Accessories Item 19,Accessories,123.42,3,0.1,333.23,171.44,161.79,East
O200909,2025-02-20,C100632,P4006,Consumables Item 6,Consumables,1311.65,3,0.0,3934.95,2969.28,965.67,Central
O200910,2025-05-12,C100430,P4019,Consumables Item 19,Consumables,1074.49,3,0.0,3223.47,1346.69,1876.78,West
O200911,2023-03-03,C100937,P4013,Consumables Item 13,Consumables,756.61,1,0.1,680.95,347.17,333.78,Central
O200912,2024-01-13,C100975,P3007,Furniture Item 7,Furniture,469.52,2,0.0,939.04,443.28,495.76,South
O200913,2025-08-18,C100537,P5001,Accessories Item 1,Accessories,306.1,3,0.0,918.3,628.52,289.78,East
O200914,2024-05-15,C100854,P3012,Furniture Item 12,Furniture,806.55,3,0.0,2419.65,1660.22,759.43,East
O200915,2023-02-26,C100146,P1018,Office Supplies Item 18,Office Supplies,982.11,4,0.0,3928.44,2411.64,1516.8,East
O200916,2025-04-23,C100524,P4019,Consumables Item 19,Consumables,1074.49,2,0.0,2148.98,864.11,1284.87,West
O200917,2023-11-30,C100087,P1018,Office Supplies Item 18,Office Supplies,982.11,1,0.0,982.11,736.09,246.02,West
O200918,2025-03-25,C100947,P2004,Technology Item 4,Technology,1323.25,2,0.0,2646.5,2070.18,576.32,South
O200919,2025-05-23,C100109,P2003,Technology Item 3,Technology,1102.81,4,0.0,4411.24,2121.48,2289.76,East
O200920,2025-06-09,C100423,P1012,Office Supplies Item 12,Office Supplies,362.33,2,0.0,724.66,534.0,190.66,Central
O200921,2023-01-14,C100345,P2003,Technology Item 3,Technology,1102.81,4,0.05,4190.68,3307.76,882.92,East
O200922,2023-08-22,C100266,P2001,Technology Item 1,Technology,2209.18,2,0.05,4197.44,2227.96,1969.48,East
O200923,2022-11-21,C100734,P4004,Consumables Item 4,Consumables,50.47,3,0.05,143.84,68.18,75.66,Central
O200924,2025-09-04,C100586,P5010,Accessories Item 10,Accessories,678.1,4,0.0,2712.4,2145.55,566.85,South
O200925,2024-05-13,C100994,P4012,Consumables Item 12,Consumables,605.54,1,0.0,605.54,256.69,348.85,East
O200926,2023-11-07,C100494,P5014,Accessories Item 14,Accessories,784.72,2,0.1,1412.5,720.92,691.58,East
O200927,2025-01-26,C100333,P2014,Technology Item 14,Technology,3038.06,5,0.05,14430.78,10055.54,4375.24,Central
O200928,2025-10-28,C100822,P1002,Office Supplies Item 2,Office Supplies,357.2,4,0.15,1214.48,785.7,428.78,Central
O200929,2025-02-23,C100413,P4009,Consumables Item 9,Consumables,98.0,4,0.0,392.0,264.13,127.87,South
O200930,2024-04-04,C100614,P2011,Technology Item 11,Technology,4293.44,3,0.0,12880.32,8800.31,4080.01,East
O200931,2023-11-06,C100937,P5017,Accessories Item 17,Accessories,955.69,2,0.05,1815.81,1224.69,591.12,Central
O200932,2023-02-09,C100649,P4008,Consumables Item 8,Consumables,241.88,3,0.2,580.51,311.67,268.84,West
O200933,2024-08-22,C100191,P4010,Consumables Item 10,Consumables,1234.94,3,0.2,2963.86,1554.84,1409.02,West
O200934,2025-06-25,C100973,P5007,Accessories Item 7,Accessories,687.81,4,0.2,2200.99,1257.62,943.37,East
O200935,2023-07-01,C100933,P1019,Office Supplies Item 19,Office Supplies,414.61,3,0.15,1057.26,764.48,292.78,East
O200936,2024-11-22,C100142,P4012,Consumables Item 12,Consumables,605.54,1,0.05,575.26,446.0,129.26,South
O200937,2024-03-26,C100869,P1013,Office Supplies Item 13,Office Supplies,945.16,4,0.0,3780.64,2200.7,1579.94,West
O200938,2025-02-26,C100073,P4005,Consumables Item 5,Consumables,1091.68,6,0.05,6222.58,2702.51,3520.07,East
O200939,2024-05-08,C100840,P1006,Office Supplies Item 6,Office Supplies,309.21,3,0.0,927.63,719.21,208.42,Central
O200940,2023-06-14,C100167,P4011,Consumables Item 11,Consumables,470.52,4,0.0,1882.08,813.38,1068.7,Central
O200941,2023-06-02,C100168,P2007,Technology Item 7,Technology,1312.26,2,0.05,2493.29,1156.0,1337.29,West
O200942,2024-10-18,C100566,P4019,Consumables Item 19,Consumables,1074.49,5,0.1,4835.2,3612.24,1222.96,West
O200943,2023-01-06,C100259,P3012,Furniture Item 12,Furniture,806.55,4,0.05,3064.89,1902.04,1162.85,West
O200944,2023-12-01,C100439,P5018,Accessories Item 18,Accessories,1149.97,6,0.0,6899.82,3733.32,3166.5,East
O200945,2024-07-04,C100111,P5007,Accessories Item 7,Accessories,687.81,3,0.0,2063.43,1593.72,469.71,South
O200946,2025-09-01,C100744,P3008,Furniture Item 8,Furniture,774.16,1,0.15,658.04,516.04,142.0,West
O200947,2024-12-09,C100673,P5008,Accessories Item 8,Accessories,497.2,4,0.05,1889.36,1005.72,883.64,South
O200948,2023-12-12,C100864,P4019,Consumables Item 19,Consumables,1074.49,2,0.0,2148.98,1606.08,542.9,Central
O200949,2025-05-13,C100839,P5019,Accessories Item 19,Accessories,123.42,1,0.0,123.42,82.87,40.55,Central
O200950,2024-08-08,C100531,P4008,Consumables Item 8,Consumables,241.88,4,0.15,822.39,419.25,403.14,East
O200951,2023-06-10,C100290,P3004,Furniture Item 4,Furniture,1197.1,3,0.0,3591.3,2788.91,802.39,West
O200952,2024-08-15,C100974,P1017,Office Supplies Item 17,Office Supplies,816.15,3,0.0,2448.45,1041.15,1407.3,Central
O200953,2024-01-02,C100562,P5015,Accessories Item 15,Accessories,191.35,3,0.0,574.05,302.63,271.42,East
O200954,2025-07-04,C100510,P2018,Technology Item 18,Technology,362.51,2,0.0,725.02,404.93,320.09,Central
O200955,2025-08-02,C100175,P1010,Office Supplies Item 10,Office Supplies,511.53,4,0.0,2046.12,1383.71,662.41,East
O200956,2023-11-06,C100302,P3014,Furniture Item 14,Furniture,668.13,3,0.0,2004.39,832.57,1171.82,South
O200957,2025-02-27,C100696,P5011,Accessories Item 11,Accessories,385.85,4,0.0,1543.4,1166.67,376.73,South
O200958,2025-03-05,C100185,P1006,Office Supplies Item 6,Office Supplies,309.21,6,0.0,1855.26,1231.23,624.03,Central
O200959,2023-06-17,C100339,P1006,Office Supplies Item 6,Office Supplies,309.21,1,0.0,309.21,157.7,151.51,East
O200960,2023-08-07,C100510,P3012,Furniture Item 12,Furniture,806.55,1,0.15,685.57,454.76,230.81,Central
O200961,2025-10-06,C100819,P1015,Office Supplies Item 15,Office Supplies,1276.5,3,0.05,3638.02,2236.54,1401.48,Central
O200962,2025-07-02,C100310,P4008,Consumables Item 8,Consumables,241.88,4,0.0,967.52,517.15,450.37,South
O200963,2024-11-27,C100507,P3017,Furniture Item 17,Furniture,715.82,3,0.0,2147.46,883.55,1263.91,East
O200964,2025-09-13,C100346,P3016,Furniture Item 16,Furniture,445.94,3,0.0,1337.82,830.04,507.78,Central
O200965,2023-09-17,C100081,P1007,Office Supplies Item 7,Office Supplies,1432.06,4,0.05,5441.83,2355.62,3086.21,East
O200966,2023-08-01,C100374,P3011,Furniture Item 11,Furniture,542.78,1,0.0,542.78,393.01,149.77,Central
O200967,2024-05-09,C100156,P3018,Furniture Item 18,Furniture,1136.61,2,0.15,1932.24,841.32,1090.92,South
O200968,2025-02-21,C100787,P4004,Consumables Item 4,Consumables,50.47,3,0.05,143.84,82.2,61.64,South
O200969,2024-08-29,C100795,P2006,Technology Item 6,Technology,1048.28,4,0.15,3564.15,2045.18,1518.97,Central
O200970,2025-07-27,C100432,P3018,Furniture Item 18,Furniture,1136.61,5,0.0,5683.05,3537.59,2145.46,West
O200971,2023-11-15,C100500,P2011,Technology Item 11,Technology,4293.44,5,0.15,18247.12,7587.21,10659.91,South
O200972,2024-10-11,C100761,P4006,Consumables Item 6,Consumables,1311.65,5,0.05,6230.34,3000.11,3230.23,West
O200973,2024-11-15,C100147,P5012,Accessories Item 12,Accessories,531.07,2,0.0,1062.14,509.62,552.52,East
O200974,2024-09-05,C100481,P1013,Office Supplies Item 13,Office Supplies,945.16,3,0.0,2835.48,1813.54,1021.94,South
O200975,2023-02-24,C100435,P1018,Office Supplies Item 18,Office Supplies,982.11,5,0.0,4910.55,2482.06,2428.49,West
O200976,2024-06-27,C100519,P5014,Accessories Item 14,Accessories,784.72,2,0.0,1569.44,718.3,851.14,Central
O200977,2025-10-01,C100669,P4015,Consumables Item 15,Consumables,978.0,2,0.1,1760.4,717.08,1043.32,East
O200978,2023-11-14,C100683,P1013,Office Supplies Item 13,Office Supplies,945.16,2,0.1,1701.29,1252.52,448.77,East
O200979,2024-02-09,C100069,P2004,Technology Item 4,Technology,1323.25,1,0.0,1323.25,1043.54,279.71,Central
O200980,2023-08-07,C100606,P3017,Furniture Item 17,Furniture,715.82,4,0.0,2863.28,1950.77,912.51,Central
O200981,2024-07-10,C100881,P2009,Technology Item 9,Technology,2991.89,3,0.2,7180.54,4057.62,3122.92,West
O200982,2023-02-26,C100875,P3016,Furniture Item 16,Furniture,445.94,3,0.0,1337.82,600.42,737.4,West
O200983,2023-09-05,C100888,P3014,Furniture Item 14,Furniture,668.13,2,0.0,1336.26,788.45,547.81,West
O200984,2023-02-08,C100186,P1005,Office Supplies Item 5,Office Supplies,367.17,4,0.0,1468.68,856.14,612.54,Central
O200985,2023-07-19,C100904,P2015,Technology Item 15,Technology,89.72,2,0.2,143.55,81.53,62.02,West
O200986,2025-07-20,C100682,P1019,Office Supplies Item 19,Office Supplies,414.61,3,0.1,1119.45,617.18,502.27,South
O200987,2023-08-13,C100204,P3015,Furniture Item 15,Furniture,1408.62,4,0.0,5634.48,3373.37,2261.11,East
O200988,2023-09-24,C100554,P4017,Consumables Item 17,Consumables,267.63,3,0.0,802.89,344.66,458.23,South
O200989,2023-01-02,C100013,P4009,Consumables Item 9,Consumables,98.0,4,0.0,392.0,162.8,229.2,Central
O200990,2024-09-17,C100666,P3004,Furniture Item 4,Furniture,1197.1,1,0.0,1197.1,509.47,687.63,West
O200991,2024-11-07,C100274,P4018,Consumables Item 18,Consumables,772.22,3,0.05,2200.83,1056.4,1144.43,East
O200992,2025-08-27,C100298,P2018,Technology Item 18,Technology,362.51,3,0.0,1087.53,555.98,531.55,South
O200993,2024-07-31,C100051,P4002,Consumables Item 2,Consumables,643.15,2,0.0,1286.3,601.71,684.59,South
O200994,2025-05-24,C100500,P2002,Technology Item 2,Technology,613.05,3,0.0,1839.15,920.99,918.16,South
O200995,2024-02-19,C100369,P4013,Consumables Item 13,Consumables,756.61,2,0.0,1513.22,717.77,795.45,West
O200996,2022-12-23,C100724,P2020,Technology Item 20,Technology,2640.06,5,0.2,10560.24,4860.85,5699.39,East
O200997,2024-11-23,C100656,P2006,Technology Item 6,Technology,1048.28,1,0.0,1048.28,542.16,506.12,West
O200998,2024-02-29,C100357,P1005,Office Supplies Item 5,Office Supplies,367.17,1,0.0,367.17,205.25,161.92,West
O200999,2023-12-14,C100003,P5013,Accessories Item 13,Accessories,1059.89,4,0.1,3815.6,2662.17,1153.43,East
O201000,2025-08-27,C100254,P3014,Furniture Item 14,Furniture,668.13,2,0.0,1336.26,1045.25,291.01,West
O201001,2024-08-29,C100475,P5006,Accessories Item 6,Accessories,15.68,4,0.0,62.72,48.14,14.58,Central
O201002,2025-02-12,C100847,P3009,Furniture Item 9,Furniture,1285.97,2,0.0,2571.94,1518.41,1053.53,Central
O201003,2025-03-25,C100506,P1003,Office Supplies Item 3,Office Supplies,468.91,3,0.0,1406.73,822.29,584.44,East
O201004,2023-11-02,C100256,P5012,Accessories Item 12,Accessories,531.07,2,0.2,849.71,382.61,467.1,East
O201005,2025-07-29,C100610,P2018,Technology Item 18,Technology,362.51,4,0.0,1450.04,1143.64,306.4,West
O201006,2023-07-08,C100685,P1014,Office Supplies Item 14,Office Supplies,962.37,1,0.0,962.37,677.55,284.82,South
O201007,2023-11-15,C100150,P3007,Furniture Item 7,Furniture,469.52,3,0.1,1267.7,936.86,330.84,South
O201008,2025-03-21,C100488,P1014,Office Supplies Item 14,Office Supplies,962.37,2,0.0,1924.74,950.18,974.56,East
O201009,2025-02-12,C100279,P4015,Consumables Item 15,Consumables,978.0,5,0.15,4156.5,2329.45,1827.05,West
O201010,2024-12-14,C100059,P4013,Consumables Item 13,Consumables,756.61,2,0.0,1513.22,667.42,845.8,West
O201011,2025-05-07,C100446,P2018,Technology Item 18,Technology,362.51,5,0.0,1812.55,1407.13,405.42,West
O201012,2024-01-29,C100113,P4004,Consumables Item 4,Consumables,50.47,6,0.0,302.82,155.75,147.07,East
O201013,2023-11-01,C100836,P3004,Furniture Item 4,Furniture,1197.1,4,0.0,4788.4,3056.93,1731.47,West
O201014,2023-12-08,C100755,P4010,Consumables Item 10,Consumables,1234.94,1,0.0,1234.94,569.17,665.77,East
O201015,2022-12-28,C100822,P4005,Consumables Item 5,Consumables,1091.68,4,0.0,4366.72,3148.92,1217.8,Central
O201016,2024-04-04,C100569,P2005,Technology Item 5,Technology,4160.53,1,0.0,4160.53,1974.33,2186.2,West
O201017,2023-05-29,C100489,P1016,Office Supplies Item 16,Office Supplies,1112.6,2,0.0,2225.2,1610.5,614.7,West
O201018,2025-09-30,C100407,P1015,Office Supplies Item 15,Office Supplies,1276.5,5,0.0,6382.5,3578.7,2803.8,Central
O201019,2025-01-24,C100367,P5018,Accessories Item 18,Accessories,1149.97,3,0.0,3449.91,2177.25,1272.66,South
O201020,2023-04-22,C100060,P5001,Accessories Item 1,Accessories,306.1,2,0.0,612.2,310.93,301.27,East
O201021,2023-06-22,C100329,P1003,Office Supplies Item 3,Office Supplies,468.91,2,0.0,937.82,706.28,231.54,West
O201022,2025-01-01,C100728,P4007,Consumables Item 7,Consumables,334.97,1,0.0,334.97,235.8,99.17,South
O201023,2025-01-01,C100469,P2017,Technology Item 17,Technology,3583.54,4,0.15,12184.04,6600.21,5583.83,West
O201024,2025-09-28,C100745,P5001,Accessories Item 1,Accessories,306.1,2,0.0,612.2,388.22,223.98,West
O201025,2023-02-27,C100567,P3015,Furniture Item 15,Furniture,1408.62,3,0.0,4225.86,1908.38,2317.48,East
O201026,2023-10-01,C100885,P2018,Technology Item 18,Technology,362.51,5,0.0,1812.55,841.37,971.18,Central
O201027,2023-09-20,C100720,P4003,Consumables Item 3,Consumables,171.17,2,0.0,342.34,210.02,132.32,East
O201028,2025-08-07,C100063,P1001,Office Supplies Item 1,Office Supplies,53.51,2,0.1,96.32,63.21,33.11,Central
O201029,2023-08-11,C100184,P4011,Consumables Item 11,Consumables,470.52,5,0.0,2352.6,1465.61,886.99,West
O201030,2023-06-01,C100311,P5010,Accessories Item 10,Accessories,678.1,2,0.0,1356.2,845.95,510.25,West
O201031,2025-05-17,C100793,P1019,Office Supplies Item 19,Office Supplies,414.61,6,0.0,2487.66,1733.69,753.97,Central
O201032,2024-11-21,C100538,P3012,Furniture Item 12,Furniture,806.55,4,0.2,2580.96,1964.02,616.94,Central
O201033,2023-10-05,C100177,P2010,Technology Item 10,Technology,545.3,3,0.0,1635.9,907.99,727.91,West
O201034,2025-09-11,C100575,P3015,Furniture Item 15,Furniture,1408.62,1,0.05,1338.19,822.68,515.51,East
O201035,2023-02-13,C100429,P1014,Office Supplies Item 14,Office Supplies,962.37,3,0.0,2887.11,2186.15,700.96,West
O201036,2024-12-09,C100073,P1013,Office Supplies Item 13,Office Supplies,945.16,4,0.0,3780.64,2214.36,1566.28,East
O201037,2024-10-16,C100847,P5004,Accessories Item 4,Accessories,566.9,4,0.0,2267.6,1310.81,956.79,East
O201038,2024-12-02,C100167,P5010,Accessories Item 10,Accessories,678.1,2,0.0,1356.2,958.3,397.9,Central
O201039,2023-11-14,C100225,P2007,Technology Item 7,Technology,1312.26,3,0.0,3936.78,2956.21,980.57,Central
O201040,2024-10-13,C100577,P5009,Accessories Item 9,Accessories,83.46,1,0.0,83.46,58.01,25.45,East
O201041,2023-06-13,C100581,P1009,Office Supplies Item 9,Office Supplies,75.25,2,0.0,150.5,66.23,84.27,East
O201042,2024-11-07,C100952,P3001,Furniture Item 1,Furniture,388.34,5,0.0,1941.7,1137.66,804.04,East
O201043,2023-06-24,C100009,P3008,Furniture Item 8,Furniture,774.16,4,0.0,3096.64,1501.21,1595.43,Central
O201044,2023-05-02,C100236,P1012,Office Supplies Item 12,Office Supplies,362.33,2,0.0,724.66,381.85,342.81,Central
O201045,2024-10-12,C100710,P1010,Office Supplies Item 10,Office Supplies,511.53,2,0.0,1023.06,601.05,422.01,West
O201046,2024-01-18,C100924,P1006,Office Supplies Item 6,Office Supplies,309.21,1,0.0,309.21,151.08,158.13,South
O201047,2024-07-15,C100685,P2014,Technology Item 14,Technology,3038.06,4,0.0,12152.24,7368.8,4783.44,South
O201048,2025-08-26,C100794,P3012,Furniture Item 12,Furniture,806.55,2,0.0,1613.1,1060.31,552.79,South
O201049,2024-11-18,C100028,P3001,Furniture Item 1,Furniture,388.34,2,0.05,737.85,553.36,184.49,South
O201050,2023-04-04,C100808,P5003,Accessories Item 3,Accessories,117.58,2,0.0,235.16,113.95,121.21,South
O201051,2023-07-15,C100911,P1006,Office Supplies Item 6,Office Supplies,309.21,2,0.15,525.66,275.56,250.1,East
O201052,2023-06-23,C100646,P1002,Office Supplies Item 2,Office Supplies,357.2,1,0.1,321.48,180.77,140.71,East
O201053,2024-03-14,C100027,P1015,Office Supplies Item 15,Office Supplies,1276.5,2,0.05,2425.35,1187.98,1237.37,South
O201054,2023-08-16,C100550,P1017,Office Supplies Item 17,Office Supplies,816.15,3,0.0,2448.45,1304.57,1143.88,West
O201055,2024-03-24,C100196,P1016,Office Supplies Item 16,Office Supplies,1112.6,1,0.05,1056.97,796.26,260.71,West
O201056,2024-10-09,C100203,P2008,Technology Item 8,Technology,1671.55,3,0.05,4763.92,2169.78,2594.14,East
O201057,2024-12-24,C100085,P5005,Accessories Item 5,Accessories,1231.71,3,0.1,3325.62,1920.54,1405.08,Central
O201058,2025-04-12,C100832,P4012,Consumables Item 12,Consumables,605.54,1,0.0,605.54,317.54,288.0,West
O201059,2024-12-15,C100030,P1010,Office Supplies Item 10,Office Supplies,511.53,5,0.05,2429.77,1046.91,1382.86,East
O201060,2023-08-25,C100466,P1010,Office Supplies Item 10,Office Supplies,511.53,2,0.05,971.91,426.13,545.78,Central
O201061,2023-03-17,C100099,P1010,Office Supplies Item 10,Office Supplies,511.53,3,0.0,1534.59,1095.62,438.97,South
O201062,2023-11-11,C100899,P4013,Consumables Item 13,Consumables,756.61,4,0.05,2875.12,2130.27,744.85,West
O201063,2023-01-26,C100190,P2008,Technology Item 8,Technology,1671.55,3,0.0,5014.65,3493.02,1521.63,Central
O201064,2024-01-11,C100012,P2004,Technology Item 4,Technology,1323.25,2,0.05,2514.17,1547.95,966.22,East
O201065,2024-12-03,C100603,P1019,Office Supplies Item 19,Office Supplies,414.61,3,0.05,1181.64,837.86,343.78,East
O201066,2024-10-02,C100030,P5017,Accessories Item 17,Accessories,955.69,4,0.0,3822.76,1761.55,2061.21,West
O201067,2025-05-30,C100725,P4008,Consumables Item 8,Consumables,241.88,2,0.1,435.38,310.03,125.35,South
O201068,2023-04-01,C100038,P3016,Furniture Item 16,Furniture,445.94,2,0.15,758.1,431.65,326.45,South
O201069,2025-08-28,C100853,P4007,Consumables Item 7,Consumables,334.97,2,0.0,669.94,469.04,200.9,Central
O201070,2025-01-15,C100572,P3002,Furniture Item 2,Furniture,1401.3,2,0.0,2802.6,1376.36,1426.24,West
O201071,2023-06-23,C100294,P1012,Office Supplies Item 12,Office Supplies,362.33,1,0.05,344.21,252.31,91.9,Central
O201072,2024-09-05,C100360,P1018,Office Supplies Item 18,Office Supplies,982.11,4,0.0,3928.44,2464.1,1464.34,East
O201073,2024-05-14,C100655,P2003,Technology Item 3,Technology,1102.81,3,0.0,3308.43,1333.08,1975.35,East
O201074,2022-12-08,C100914,P5004,Accessories Item 4,Accessories,566.9,3,0.1,1530.63,930.17,600.46,Central
O201075,2025-01-30,C100180,P1006,Office Supplies Item 6,Office Supplies,309.21,1,0.2,247.37,129.65,117.72,Central
O201076,2023-12-26,C100797,P3013,Furniture Item 13,Furniture,1077.46,4,0.0,4309.84,1823.07,2486.77,South
O201077,2023-10-14,C100112,P5018,Accessories Item 18,Accessories,1149.97,1,0.0,1149.97,665.75,484.22,Central
O201078,2024-11-17,C100742,P3002,Furniture Item 2,Furniture,1401.3,4,0.0,5605.2,2940.42,2664.78,South
O201079,2023-07-31,C100444,P4006,Consumables Item 6,Consumables,1311.65,3,0.05,3738.2,1800.9,1937.3,East
O201080,2023-09-04,C100021,P2010,Technology Item 10,Technology,545.3,2,0.1,981.54,529.69,451.85,East
O201081,2025-07-03,C100145,P1009,Office Supplies Item 9,Office Supplies,75.25,2,0.0,150.5,71.01,79.49,South
O201082,2024-11-02,C100499,P5011,Accessories Item 11,Accessories,385.85,3,0.0,1157.55,601.84,555.71,West
O201083,2025-08-29,C100146,P3002,Furniture Item 2,Furniture,1401.3,2,0.0,2802.6,1250.33,1552.27,East
O201084,2024-01-18,C100441,P2014,Technology Item 14,Technology,3038.06,3,0.05,8658.47,3755.4,4903.07,Central
O201085,2023-12-10,C100887,P2020,Technology Item 20,Technology,2640.06,4,0.0,10560.24,8068.11,2492.13,South
O201086,2025-03-02,C100421,P5008,Accessories Item 8,Accessories,497.2,3,0.15,1267.86,964.98,302.88,West
O201087,2024-12-17,C100316,P1017,Office Supplies Item 17,Office Supplies,816.15,1,0.0,816.15,596.77,219.38,West
O201088,2023-02-23,C100166,P2009,Technology Item 9,Technology,2991.89,2,0.15,5086.21,2503.08,2583.13,Central
O201089,2023-01-04,C100652,P5020,Accessories Item 20,Accessories,75.35,1,0.0,75.35,52.02,23.33,Central
O201090,2025-02-02,C100203,P3010,Furniture Item 10,Furniture,702.98,4,0.05,2671.32,1698.65,972.67,South
O201091,2023-06-27,C100496,P4016,Consumables Item 16,Consumables,924.52,5,0.2,3698.08,1555.02,2143.06,Central
O201092,2023-08-29,C100756,P5015,Accessories Item 15,Accessories,191.35,4,0.15,650.59,494.34,156.25,East
O201093,2025-06-26,C100625,P3009,Furniture Item 9,Furniture,1285.97,1,0.15,1093.07,873.57,219.5,West
O201094,2023-11-04,C100468,P4013,Consumables Item 13,Consumables,756.61,4,0.0,3026.44,2068.54,957.9,West
O201095,2023-06-21,C100713,P4001,Consumables Item 1,Consumables,1495.23,3,0.0,4485.69,2209.66,2276.03,East
O201096,2023-05-14,C100385,P5003,Accessories Item 3,Accessories,117.58,5,0.0,587.9,365.53,222.37,East
O201097,2025-04-25,C100314,P3006,Furniture Item 6,Furniture,1126.74,2,0.0,2253.48,999.99,1253.49,East
O201098,2025-09-01,C100771,P3006,Furniture Item 6,Furniture,1126.74,4,0.0,4506.96,2341.42,2165.54,East
O201099,2025-05-09,C100255,P1017,Office Supplies Item 17,Office Supplies,816.15,2,0.05,1550.68,1065.17,485.51,West
O201100,2024-09-19,C100959,P4006,Consumables Item 6,Consumables,1311.65,3,0.1,3541.46,1843.08,1698.38,West
O201101,2023-04-26,C100917,P1005,Office Supplies Item 5,Office Supplies,367.17,3,0.0,1101.51,505.46,596.05,West
O201102,2023-06-05,C100023,P3014,Furniture Item 14,Furniture,668.13,3,0.1,1803.95,726.97,1076.98,West
O201103,2025-08-31,C100905,P1016,Office Supplies Item 16,Office Supplies,1112.6,7,0.0,7788.2,4898.82,2889.38,West
O201104,2024-07-22,C100758,P5001,Accessories Item 1,Accessories,306.1,2,0.1,550.98,433.88,117.1,East
O201105,2023-04-13,C100339,P5011,Accessories Item 11,Accessories,385.85,3,0.0,1157.55,687.18,470.37,Central
O201106,2022-12-23,C100493,P1007,Office Supplies Item 7,Office Supplies,1432.06,3,0.0,4296.18,2083.84,2212.34,Central
O201107,2023-06-06,C100823,P1008,Office Supplies Item 8,Office Supplies,1378.19,2,0.0,2756.38,1613.34,1143.04,South
O201108,2025-07-26,C100511,P4012,Consumables Item 12,Consumables,605.54,2,0.15,1029.42,659.69,369.73,West
O201109,2025-02-01,C100366,P5007,Accessories Item 7,Accessories,687.81,3,0.2,1650.74,1189.44,461.3,Central
O201110,2023-11-20,C100372,P5016,Accessories Item 16,Accessories,1442.31,2,0.0,2884.62,1676.17,1208.45,Central
O201111,2022-12-26,C100915,P5002,Accessories Item 2,Accessories,19.27,6,0.0,115.62,54.25,61.37,West
O201112,2023-02-26,C100830,P2018,Technology Item 18,Technology,362.51,2,0.05,688.77,327.31,361.46,South
O201113,2025-04-18,C100599,P3014,Furniture Item 14,Furniture,668.13,1,0.0,668.13,507.71,160.42,Central
O201114,2025-01-06,C100219,P4016,Consumables Item 16,Consumables,924.52,5,0.0,4622.6,2285.86,2336.74,West
O201115,2024-12-19,C100475,P1015,Office Supplies Item 15,Office Supplies,1276.5,3,0.0,3829.5,2646.98,1182.52,Central
O201116,2025-08-12,C100423,P5012,Accessories Item 12,Accessories,531.07,3,0.1,1433.89,727.81,706.08,South
O201117,2025-01-11,C100356,P3010,Furniture Item 10,Furniture,702.98,3,0.0,2108.94,1451.42,657.52,South
O201118,2025-02-22,C100460,P3016,Furniture Item 16,Furniture,445.94,2,0.0,891.88,384.71,507.17,South
O201119,2025-03-04,C100503,P5015,Accessories Item 15,Accessories,191.35,2,0.0,382.7,184.83,197.87,East
O201120,2024-10-08,C100027,P1009,Office Supplies Item 9,Office Supplies,75.25,4,0.15,255.85,144.17,111.68,West
O201121,2022-11-22,C100942,P1008,Office Supplies Item 8,Office Supplies,1378.19,2,0.0,2756.38,1670.72,1085.66,West
O201122,2025-02-20,C100802,P1019,Office Supplies Item 19,Office Supplies,414.61,1,0.05,393.88,213.16,180.72,West
O201123,2023-05-11,C100801,P3011,Furniture Item 11,Furniture,542.78,8,0.0,4342.24,2733.03,1609.21,East
O201124,2025-08-15,C100860,P4012,Consumables Item 12,Consumables,605.54,3,0.0,1816.62,963.08,853.54,South
O201125,2023-12-01,C100223,P5018,Accessories Item 18,Accessories,1149.97,2,0.2,1839.95,1235.3,604.65,Central
O201126,2025-08-27,C100864,P3017,Furniture Item 17,Furniture,715.82,3,0.0,2147.46,1298.1,849.36,Central
O201127,2024-08-01,C100690,P4008,Consumables Item 8,Consumables,241.88,1,0.15,205.6,140.23,65.37,West
O201128,2025-08-15,C100148,P2011,Technology Item 11,Technology,4293.44,3,0.15,10948.27,6266.7,4681.57,West
O201129,2024-05-20,C100424,P1003,Office Supplies Item 3,Office Supplies,468.91,4,0.05,1781.86,1337.46,444.4,Central
O201130,2023-06-19,C100739,P5019,Accessories Item 19,Accessories,123.42,3,0.0,370.26,204.7,165.56,West
O201131,2025-03-23,C100351,P5003,Accessories Item 3,Accessories,117.58,2,0.1,211.64,110.74,100.9,Central
O201132,2024-05-27,C100186,P3003,Furniture Item 3,Furniture,200.93,2,0.15,341.58,212.75,128.83,East
O201133,2023-06-28,C100415,P2009,Technology Item 9,Technology,2991.89,3,0.2,7180.54,4334.67,2845.87,West
O201134,2023-01-29,C100806,P1010,Office Supplies Item 10,Office Supplies,511.53,3,0.1,1381.13,838.68,542.45,East
O201135,2023-06-20,C100982,P1012,Office Supplies Item 12,Office Supplies,362.33,6,0.0,2173.98,1561.9,612.08,East
O201136,2024-01-31,C100429,P3006,Furniture Item 6,Furniture,1126.74,1,0.05,1070.4,680.17,390.23,Central
O201137,2023-06-21,C100041,P2010,Technology Item 10,Technology,545.3,3,0.0,1635.9,1233.64,402.26,East
O201138,2023-10-20,C100905,P5014,Accessories Item 14,Accessories,784.72,6,0.0,4708.32,3049.29,1659.03,South
O201139,2025-08-01,C100393,P5002,Accessories Item 2,Accessories,19.27,5,0.05,91.53,37.41,54.12,Central
O201140,2024-01-13,C100703,P5008,Accessories Item 8,Accessories,497.2,5,0.1,2237.4,1673.93,563.47,Central
O201141,2023-10-11,C100079,P2012,Technology Item 12,Technology,3897.09,3,0.05,11106.71,8173.58,2933.13,East
O201142,2024-08-25,C100717,P4013,Consumables Item 13,Consumables,756.61,2,0.1,1361.9,571.37,790.53,East
O201143,2024-08-18,C100896,P3007,Furniture Item 7,Furniture,469.52,1,0.0,469.52,211.34,258.18,West
O201144,2023-03-10,C100790,P5008,Accessories Item 8,Accessories,497.2,3,0.0,1491.6,928.58,563.02,South
O201145,2023-03-21,C100784,P4003,Consumables Item 3,Consumables,171.17,4,0.0,684.68,285.61,399.07,East
O201146,2023-12-20,C100544,P2006,Technology Item 6,Technology,1048.28,4,0.0,4193.12,2366.88,1826.24,West
O201147,2024-07-18,C100450,P1003,Office Supplies Item 3,Office Supplies,468.91,1,0.0,468.91,370.51,98.4,East
O201148,2023-08-11,C100474,P2003,Technology Item 3,Technology,1102.81,5,0.15,4686.94,2198.69,2488.25,Central
O201149,2023-06-11,C100142,P4015,Consumables Item 15,Consumables,978.0,3,0.0,2934.0,1415.47,1518.53,Central
O201150,2024-11-13,C100251,P4014,Consumables Item 14,Consumables,1259.98,5,0.0,6299.9,4224.33,2075.57,East
O201151,2024-02-06,C100294,P3010,Furniture Item 10,Furniture,702.98,4,0.0,2811.92,1174.23,1637.69,Central
O201152,2023-10-23,C100610,P2016,Technology Item 16,Technology,1535.17,1,0.05,1458.41,1062.12,396.29,South
O201153,2025-09-12,C100136,P1013,Office Supplies Item 13,Office Supplies,945.16,3,0.0,2835.48,1359.93,1475.55,West
O201154,2025-03-08,C100484,P2009,Technology Item 9,Technology,2991.89,2,0.0,5983.78,3665.79,2317.99,East
O201155,2024-08-26,C100789,P2018,Technology Item 18,Technology,362.51,4,0.0,1450.04,724.3,725.74,East
O201156,2025-08-11,C100312,P4017,Consumables Item 17,Consumables,267.63,5,0.0,1338.15,887.93,450.22,South
O201157,2023-01-24,C100814,P5010,Accessories Item 10,Accessories,678.1,3,0.05,1932.58,1226.97,705.61,Central
O201158,2024-07-13,C100555,P5004,Accessories Item 4,Accessories,566.9,3,0.0,1700.7,1324.12,376.58,West
O201159,2025-09-20,C100632,P1005,Office Supplies Item 5,Office Supplies,367.17,4,0.0,1468.68,849.25,619.43,East
O201160,2023-06-28,C100732,P1020,Office Supplies Item 20,Office Supplies,891.62,4,0.2,2853.18,2139.75,713.43,South
O201161,2023-10-29,C100046,P4018,Consumables Item 18,Consumables,772.22,1,0.0,772.22,486.75,285.47,Central
O201162,2025-01-30,C100236,P1014,Office Supplies Item 14,Office Supplies,962.37,7,0.0,6736.59,5158.78,1577.81,East
O201163,2024-08-29,C100048,P1008,Office Supplies Item 8,Office Supplies,1378.19,3,0.05,3927.84,2029.63,1898.21,East
O201164,2023-02-07,C100198,P3008,Furniture Item 8,Furniture,774.16,5,0.05,3677.26,2279.55,1397.71,South
O201165,2022-12-17,C100084,P1013,Office Supplies Item 13,Office Supplies,945.16,3,0.0,2835.48,1576.56,1258.92,Central
O201166,2025-02-16,C100543,P2004,Technology Item 4,Technology,1323.25,4,0.05,5028.35,2143.88,2884.47,East
O201167,2023-12-27,C100161,P4019,Consumables Item 19,Consumables,1074.49,2,0.0,2148.98,1353.23,795.75,Central
O201168,2023-01-01,C100428,P4005,Consumables Item 5,Consumables,1091.68,6,0.2,5240.06,3760.75,1479.31,West
O201169,2025-08-06,C100071,P5006,Accessories Item 6,Accessories,15.68,3,0.05,44.69,27.82,16.87,Central
O201170,2024-06-20,C100520,P2014,Technology Item 14,Technology,3038.06,3,0.0,9114.18,4664.06,4450.12,East
O201171,2023-11-27,C100969,P3011,Furniture Item 11,Furniture,542.78,2,0.0,1085.56,548.78,536.78,West
O201172,2025-07-04,C100898,P1003,Office Supplies Item 3,Office Supplies,468.91,1,0.0,468.91,232.17,236.74,East
O201173,2025-10-11,C100913,P5010,Accessories Item 10,Accessories,678.1,2,0.05,1288.39,1020.22,268.17,East
O201174,2024-06-25,C100052,P4018,Consumables Item 18,Consumables,772.22,2,0.1,1390.0,777.97,612.03,East
O201175,2023-10-03,C100045,P3018,Furniture Item 18,Furniture,1136.61,2,0.15,1932.24,1017.8,914.44,East
O201176,2025-01-18,C100293,P4012,Consumables Item 12,Consumables,605.54,3,0.0,1816.62,1030.73,785.89,East
O201177,2024-11-21,C100938,P3015,Furniture Item 15,Furniture,1408.62,2,0.1,2535.52,1131.65,1403.87,South
O201178,2025-03-30,C100812,P4020,Consumables Item 20,Consumables,1460.03,4,0.0,5840.12,2793.96,3046.16,South
O201179,2024-07-27,C100465,P3002,Furniture Item 2,Furniture,1401.3,4,0.0,5605.2,3383.08,2222.12,East
O201180,2023-07-12,C100885,P2001,Technology Item 1,Technology,2209.18,4,0.05,8394.88,6040.44,2354.44,Central
O201181,2022-11-20,C100550,P1010,Office Supplies Item 10,Office Supplies,511.53,5,0.0,2557.65,1919.7,637.95,Central
O201182,2024-04-11,C100867,P3017,Furniture Item 17,Furniture,715.82,4,0.0,2863.28,2137.13,726.15,East
O201183,2023-11-11,C100380,P2005,Technology Item 5,Technology,4160.53,5,0.1,18722.38,14564.15,4158.23,East
O201184,2023-04-15,C100743,P3016,Furniture Item 16,Furniture,445.94,2,0.0,891.88,401.62,490.26,Central
O201185,2025-03-10,C100478,P2018,Technology Item 18,Technology,362.51,4,0.15,1232.53,513.21,719.32,West
O201186,2024-07-09,C100262,P5006,Accessories Item 6,Accessories,15.68,4,0.0,62.72,27.74,34.98,Central
O201187,2024-07-04,C100580,P4001,Consumables Item 1,Consumables,1495.23,2,0.0,2990.46,1914.78,1075.68,Central
O201188,2024-03-17,C100179,P3007,Furniture Item 7,Furniture,469.52,3,0.0,1408.56,876.75,531.81,East
O201189,2025-05-01,C100357,P3014,Furniture Item 14,Furniture,668.13,4,0.0,2672.52,1786.54,885.98,Central
O201190,2023-01-18,C100419,P3006,Furniture Item 6,Furniture,1126.74,2,0.2,1802.78,988.71,814.07,East
O201191,2024-06-07,C100698,P4008,Consumables Item 8,Consumables,241.88,4,0.0,967.52,538.56,428.96,West
O201192,2024-09-18,C100953,P1004,Office Supplies Item 4,Office Supplies,601.69,4,0.0,2406.76,1487.93,918.83,Central
O201193,2023-12-01,C100201,P5014,Accessories Item 14,Accessories,784.72,2,0.0,1569.44,677.41,892.03,Central
O201194,2023-12-07,C100902,P4006,Consumables Item 6,Consumables,1311.65,7,0.1,8263.4,5949.23,2314.17,West
O201195,2025-07-02,C100013,P5013,Accessories Item 13,Accessories,1059.89,7,0.0,7419.23,5706.44,1712.79,East
O201196,2023-06-12,C100443,P3003,Furniture Item 3,Furniture,200.93,2,0.05,381.77,211.86,169.91,Central
O201197,2024-04-01,C100726,P4002,Consumables Item 2,Consumables,643.15,6,0.1,3473.01,2416.62,1056.39,South
O201198,2024-07-26,C100732,P5020,Accessories Item 20,Accessories,75.35,3,0.0,226.05,140.05,86.0,South
O201199,2023-06-24,C100286,P5005,Accessories Item 5,Accessories,1231.71,2,0.2,1970.74,974.34,996.4,West
O201200,2023-02-24,C100756,P5005,Accessories Item 5,Accessories,1231.71,3,0.1,3325.62,1420.44,1905.18,East
O201201,2023-06-14,C100868,P5005,Accessories Item 5,Accessories,1231.71,1,0.0,1231.71,613.83,617.88,South
O201202,2023-06-18,C100258,P1004,Office Supplies Item 4,Office Supplies,601.69,5,0.05,2858.03,1834.75,1023.28,West
O201203,2023-05-01,C100570,P4005,Consumables Item 5,Consumables,1091.68,2,0.1,1965.02,817.63,1147.39,East
O201204,2023-05-29,C100548,P4002,Consumables Item 2,Consumables,643.15,2,0.1,1157.67,850.28,307.39,West
O201205,2023-02-04,C100840,P5010,Accessories Item 10,Accessories,678.1,1,0.0,678.1,534.43,143.67,East
O201206,2025-04-12,C100941,P1002,Office Supplies Item 2,Office Supplies,357.2,2,0.05,678.68,294.14,384.54,West
O201207,2024-11-25,C100490,P1009,Office Supplies Item 9,Office Supplies,75.25,3,0.0,225.75,112.58,113.17,West
O201208,2023-12-20,C100498,P3017,Furniture Item 17,Furniture,715.82,4,0.0,2863.28,1919.12,944.16,South
O201209,2023-11-29,C100905,P3005,Furniture Item 5,Furniture,764.38,3,0.1,2063.83,1490.98,572.85,Central
O201210,2024-09-26,C100894,P1018,Office Supplies Item 18,Office Supplies,982.11,3,0.1,2651.7,1427.67,1224.03,West
O201211,2025-02-21,C100705,P3008,Furniture Item 8,Furniture,774.16,3,0.0,2322.48,1407.64,914.84,West
O201212,2024-06-26,C100333,P3002,Furniture Item 2,Furniture,1401.3,5,0.0,7006.5,5301.84,1704.66,Central
O201213,2024-06-04,C100562,P3001,Furniture Item 1,Furniture,388.34,2,0.05,737.85,408.59,329.26,South
O201214,2023-03-13,C100975,P4015,Consumables Item 15,Consumables,978.0,3,0.15,2493.9,1078.9,1415.0,East
O201215,2024-12-30,C100032,P5009,Accessories Item 9,Accessories,83.46,4,0.0,333.84,266.39,67.45,Central
O201216,2024-08-10,C100610,P5010,Accessories Item 10,Accessories,678.1,3,0.0,2034.3,960.42,1073.88,West
O201217,2023-06-09,C100043,P3018,Furniture Item 18,Furniture,1136.61,6,0.1,6137.69,2574.84,3562.85,Central
O201218,2025-07-03,C100893,P5020,Accessories Item 20,Accessories,75.35,1,0.0,75.35,42.52,32.83,West
O201219,2025-10-05,C100351,P3002,Furniture Item 2,Furniture,1401.3,6,0.0,8407.8,3771.62,4636.18,East
O201220,2024-12-27,C100334,P2015,Technology Item 15,Technology,89.72,3,0.05,255.7,202.38,53.32,Central
O201221,2024-09-21,C100822,P2018,Technology Item 18,Technology,362.51,3,0.0,1087.53,600.66,486.87,Central
O201222,2022-12-09,C100559,P4007,Consumables Item 7,Consumables,334.97,2,0.0,669.94,489.27,180.67,East
O201223,2024-09-20,C100270,P3001,Furniture Item 1,Furniture,388.34,4,0.1,1398.02,657.97,740.05,East
O201224,2023-04-11,C100944,P5019,Accessories Item 19,Accessories,123.42,2,0.0,246.84,112.44,134.4,East
O201225,2023-04-10,C100823,P3010,Furniture Item 10,Furniture,702.98,4,0.0,2811.92,1855.07,956.85,Central
O201226,2025-10-13,C100413,P5006,Accessories Item 6,Accessories,15.68,4,0.0,62.72,47.9,14.82,West
O201227,2025-09-23,C100943,P4012,Consumables Item 12,Consumables,605.54,3,0.0,1816.62,809.88,1006.74,South
O201228,2023-06-30,C100575,P4019,Consumables Item 19,Consumables,1074.49,4,0.0,4297.96,2732.22,1565.74,East
O201229,2025-06-24,C100019,P3005,Furniture Item 5,Furniture,764.38,2,0.0,1528.76,663.44,865.32,West
O201230,2025-04-08,C100347,P4011,Consumables Item 11,Consumables,470.52,2,0.1,846.94,613.92,233.02,West
O201231,2023-02-21,C100905,P1019,Office Supplies Item 19,Office Supplies,414.61,4,0.1,1492.6,1139.93,352.67,West
O201232,2025-08-10,C100613,P1017,Office Supplies Item 17,Office Supplies,816.15,3,0.0,2448.45,1595.21,853.24,West
O201233,2023-09-14,C100037,P4005,Consumables Item 5,Consumables,1091.68,4,0.0,4366.72,2949.01,1417.71,West
O201234,2022-11-23,C100619,P5013,Accessories Item 13,Accessories,1059.89,4,0.0,4239.56,1789.83,2449.73,East
O201235,2025-02-01,C100092,P4017,Consumables Item 17,Consumables,267.63,2,0.05,508.5,218.24,290.26,South
O201236,2024-10-01,C100820,P3016,Furniture Item 16,Furniture,445.94,1,0.0,445.94,210.42,235.52,East
O201237,2025-08-15,C100185,P5013,Accessories Item 13,Accessories,1059.89,4,0.1,3815.6,1944.17,1871.43,West
O201238,2025-10-03,C100728,P3001,Furniture Item 1,Furniture,388.34,2,0.0,776.68,546.74,229.94,East
O201239,2023-03-08,C100028,P3002,Furniture Item 2,Furniture,1401.3,2,0.15,2382.21,1367.8,1014.41,Central
O201240,2025-03-25,C100548,P1006,Office Supplies Item 6,Office Supplies,309.21,2,0.0,618.42,266.72,351.7,West
O201241,2023-04-07,C100372,P4009,Consumables Item 9,Consumables,98.0,2,0.1,176.4,130.72,45.68,East
O201242,2025-02-04,C100832,P5018,Accessories Item 18,Accessories,1149.97,4,0.05,4369.89,3485.12,884.77,East
O201243,2025-03-01,C100530,P4015,Consumables Item 15,Consumables,978.0,2,0.0,1956.0,1138.41,817.59,East
O201244,2024-03-26,C100345,P4013,Consumables Item 13,Consumables,756.61,4,0.05,2875.12,1738.6,1136.52,Central
O201245,2022-12-15,C100419,P2020,Technology Item 20,Technology,2640.06,7,0.1,16632.38,7175.27,9457.11,Central
O201246,2023-06-07,C100196,P3001,Furniture Item 1,Furniture,388.34,1,0.05,368.92,204.09,164.83,South
O201247,2024-01-17,C100078,P1009,Office Supplies Item 9,Office Supplies,75.25,4,0.1,270.9,148.65,122.25,East
O201248,2023-09-11,C100167,P1008,Office Supplies Item 8,Office Supplies,1378.19,3,0.0,4134.57,3251.08,883.49,East
O201249,2023-04-26,C100090,P3004,Furniture Item 4,Furniture,1197.1,2,0.0,2394.2,1590.16,804.04,East
O201250,2023-06-16,C100264,P3018,Furniture Item 18,Furniture,1136.61,4,0.0,4546.44,3241.04,1305.4,East
O201251,2023-07-25,C100472,P4007,Consumables Item 7,Consumables,334.97,2,0.1,602.95,272.13,330.82,Central
O201252,2025-03-19,C100208,P1013,Office Supplies Item 13,Office Supplies,945.16,1,0.0,945.16,535.69,409.47,South
O201253,2025-02-15,C100724,P1019,Office Supplies Item 19,Office Supplies,414.61,2,0.1,746.3,355.7,390.6,East
O201254,2024-03-03,C100271,P5018,Accessories Item 18,Accessories,1149.97,7,0.0,8049.79,5989.65,2060.14,West
O201255,2024-10-02,C100263,P5016,Accessories Item 16,Accessories,1442.31,2,0.0,2884.62,1329.66,1554.96,West
O201256,2024-09-17,C100506,P3009,Furniture Item 9,Furniture,1285.97,5,0.0,6429.85,3700.69,2729.16,South
O201257,2025-07-23,C100785,P4020,Consumables Item 20,Consumables,1460.03,5,0.0,7300.15,3076.72,4223.43,Central
O201258,2023-10-23,C100512,P5020,Accessories Item 20,Accessories,75.35,2,0.0,150.7,98.52,52.18,South
O201259,2025-03-21,C100854,P5002,Accessories Item 2,Accessories,19.27,3,0.0,57.81,34.27,23.54,Central
O201260,2023-05-23,C100726,P4018,Consumables Item 18,Consumables,772.22,4,0.0,3088.88,1850.82,1238.06,Central
O201261,2024-05-05,C100886,P2010,Technology Item 10,Technology,545.3,2,0.1,981.54,432.51,549.03,East
O201262,2023-09-19,C100576,P4006,Consumables Item 6,Consumables,1311.65,4,0.0,5246.6,3177.3,2069.3,South
O201263,2024-06-16,C100524,P4017,Consumables Item 17,Consumables,267.63,4,0.0,1070.52,669.62,400.9,Central
O201264,2023-04-30,C100722,P5011,Accessories Item 11,Accessories,385.85,4,0.1,1389.06,1090.6,298.46,West
O201265,2024-03-13,C100312,P3019,Furniture Item 19,Furniture,1035.24,2,0.0,2070.48,855.71,1214.77,West
O201266,2023-01-22,C100174,P3013,Furniture Item 13,Furniture,1077.46,4,0.0,4309.84,3314.64,995.2,East
O201267,2023-08-30,C100431,P3012,Furniture Item 12,Furniture,806.55,5,0.0,4032.75,2386.69,1646.06,East
O201268,2023-07-20,C100768,P5001,Accessories Item 1,Accessories,306.1,4,0.0,1224.4,592.67,631.73,East
O201269,2024-12-23,C100463,P2011,Technology Item 11,Technology,4293.44,1,0.0,4293.44,2860.37,1433.07,South
O201270,2025-05-02,C100101,P1015,Office Supplies Item 15,Office Supplies,1276.5,6,0.0,7659.0,4647.64,3011.36,Central
O201271,2024-09-22,C100016,P1020,Office Supplies Item 20,Office Supplies,891.62,3,0.0,2674.86,1312.56,1362.3,Central
O201272,2025-06-01,C100709,P1005,Office Supplies Item 5,Office Supplies,367.17,3,0.0,1101.51,716.79,384.72,Central
O201273,2024-09-13,C100258,P1007,Office Supplies Item 7,Office Supplies,1432.06,2,0.0,2864.12,1687.84,1176.28,West
O201274,2024-09-19,C100896,P1018,Office Supplies Item 18,Office Supplies,982.11,1,0.0,982.11,663.52,318.59,East
O201275,2023-12-01,C100244,P3016,Furniture Item 16,Furniture,445.94,4,0.0,1783.76,1205.16,578.6,East
O201276,2025-02-16,C100348,P4015,Consumables Item 15,Consumables,978.0,3,0.0,2934.0,1728.5,1205.5,South
O201277,2025-03-27,C100249,P5016,Accessories Item 16,Accessories,1442.31,3,0.05,4110.58,2286.79,1823.79,East
O201278,2025-01-31,C100105,P5011,Accessories Item 11,Accessories,385.85,5,0.1,1736.32,738.45,997.87,Central
O201279,2022-12-19,C100694,P5010,Accessories Item 10,Accessories,678.1,5,0.05,3220.98,1924.66,1296.32,Central
O201280,2024-12-28,C100667,P3005,Furniture Item 5,Furniture,764.38,2,0.1,1375.88,684.15,691.73,West
O201281,2023-08-20,C100287,P2008,Technology Item 8,Technology,1671.55,2,0.05,3175.94,1338.02,1837.92,South
O201282,2024-04-19,C100169,P3010,Furniture Item 10,Furniture,702.98,2,0.0,1405.96,748.18,657.78,East
O201283,2023-09-07,C100420,P1002,Office Supplies Item 2,Office Supplies,357.2,1,0.0,357.2,155.38,201.82,Central
O201284,2024-04-20,C100047,P5004,Accessories Item 4,Accessories,566.9,3,0.0,1700.7,1074.67,626.03,Central
O201285,2024-07-31,C100043,P4008,Consumables Item 8,Consumables,241.88,3,0.0,725.64,436.45,289.19,South
O201286,2023-06-22,C100321,P4017,Consumables Item 17,Consumables,267.63,3,0.0,802.89,575.65,227.24,South
O201287,2024-06-27,C100818,P2004,Technology Item 4,Technology,1323.25,1,0.15,1124.76,570.31,554.45,East
O201288,2023-02-02,C100221,P3008,Furniture Item 8,Furniture,774.16,6,0.15,3948.22,2166.04,1782.18,West
O201289,2023-09-23,C100513,P3005,Furniture Item 5,Furniture,764.38,1,0.0,764.38,516.4,247.98,South
O201290,2023-06-13,C100712,P5013,Accessories Item 13,Accessories,1059.89,4,0.0,4239.56,3379.68,859.88,East
O201291,2025-06-24,C100441,P3018,Furniture Item 18,Furniture,1136.61,1,0.0,1136.61,865.72,270.89,West
O201292,2025-04-08,C100144,P2016,Technology Item 16,Technology,1535.17,2,0.05,2916.82,1774.39,1142.43,Central
O201293,2022-11-11,C100890,P1002,Office Supplies Item 2,Office Supplies,357.2,1,0.05,339.34,227.76,111.58,Central
O201294,2025-09-01,C100028,P1018,Office Supplies Item 18,Office Supplies,982.11,3,0.0,2946.33,1805.42,1140.91,Central
O201295,2022-12-05,C100854,P3009,Furniture Item 9,Furniture,1285.97,1,0.05,1221.67,701.14,520.53,Central
O201296,2024-01-21,C100850,P1008,Office Supplies Item 8,Office Supplies,1378.19,2,0.05,2618.56,1678.29,940.27,Central
O201297,2024-01-15,C100790,P3018,Furniture Item 18,Furniture,1136.61,1,0.0,1136.61,630.36,506.25,Central
O201298,2024-08-14,C100553,P1015,Office Supplies Item 15,Office Supplies,1276.5,2,0.0,2553.0,1307.33,1245.67,South
O201299,2024-06-17,C100844,P1017,Office Supplies Item 17,Office Supplies,816.15,2,0.2,1305.84,890.93,414.91,West
O201300,2023-06-17,C100659,P2003,Technology Item 3,Technology,1102.81,4,0.1,3970.12,2972.78,997.34,East
O201301,2023-10-10,C100857,P4006,Consumables Item 6,Consumables,1311.65,5,0.0,6558.25,3378.87,3179.38,West
O201302,2025-07-16,C100690,P4010,Consumables Item 10,Consumables,1234.94,5,0.0,6174.7,4215.82,1958.88,South
O201303,2025-04-27,C100827,P5013,Accessories Item 13,Accessories,1059.89,2,0.0,2119.78,1215.92,903.86,East
O201304,2024-04-10,C100837,P2007,Technology Item 7,Technology,1312.26,4,0.05,4986.59,2597.19,2389.4,Central
O201305,2023-01-14,C100930,P2017,Technology Item 17,Technology,3583.54,4,0.0,14334.16,9294.91,5039.25,West
O201306,2023-05-15,C100167,P3009,Furniture Item 9,Furniture,1285.97,2,0.0,2571.94,1995.22,576.72,South
O201307,2022-11-29,C100635,P4004,Consumables Item 4,Consumables,50.47,1,0.0,50.47,27.29,23.18,South
O201308,2024-10-06,C100586,P2014,Technology Item 14,Technology,3038.06,1,0.0,3038.06,2138.16,899.9,Central
O201309,2025-08-17,C100751,P1018,Office Supplies Item 18,Office Supplies,982.11,2,0.0,1964.22,1032.94,931.28,East
O201310,2022-11-16,C100249,P4004,Consumables Item 4,Consumables,50.47,1,0.0,50.47,36.42,14.05,East
O201311,2025-01-13,C100775,P4014,Consumables Item 14,Consumables,1259.98,3,0.0,3779.94,2661.05,1118.89,East
O201312,2025-05-28,C100764,P3004,Furniture Item 4,Furniture,1197.1,3,0.15,3052.6,2155.91,896.69,West
O201313,2025-06-24,C100357,P1017,Office Supplies Item 17,Office Supplies,816.15,3,0.0,2448.45,1956.52,491.93,East
O201314,2023-06-17,C100111,P3019,Furniture Item 19,Furniture,1035.24,4,0.0,4140.96,1889.14,2251.82,West
O201315,2025-06-19,C100692,P1013,Office Supplies Item 13,Office Supplies,945.16,3,0.1,2551.93,1417.69,1134.24,East
O201316,2024-10-15,C100700,P3012,Furniture Item 12,Furniture,806.55,2,0.0,1613.1,1052.27,560.83,Central
O201317,2025-07-11,C100820,P3020,Furniture Item 20,Furniture,1296.14,5,0.0,6480.7,4122.96,2357.74,South
O201318,2024-05-26,C100719,P3002,Furniture Item 2,Furniture,1401.3,4,0.0,5605.2,3992.32,1612.88,West
O201319,2024-07-07,C100234,P5011,Accessories Item 11,Accessories,385.85,1,0.1,347.27,145.42,201.85,South
O201320,2023-09-22,C100024,P4004,Consumables Item 4,Consumables,50.47,4,0.05,191.79,130.8,60.99,East
O201321,2025-03-24,C100026,P4006,Consumables Item 6,Consumables,1311.65,3,0.0,3934.95,2735.14,1199.81,East
O201322,2023-10-25,C100381,P2014,Technology Item 14,Technology,3038.06,2,0.05,5772.31,2450.0,3322.31,East
O201323,2023-09-20,C100730,P5015,Accessories Item 15,Accessories,191.35,2,0.15,325.29,200.21,125.08,South
O201324,2023-04-14,C100346,P5007,Accessories Item 7,Accessories,687.81,3,0.0,2063.43,1027.58,1035.85,West
O201325,2025-01-06,C100378,P4011,Consumables Item 11,Consumables,470.52,3,0.05,1340.98,966.38,374.6,South
O201326,2024-01-29,C100522,P4004,Consumables Item 4,Consumables,50.47,6,0.0,302.82,127.14,175.68,East
O201327,2023-05-12,C100017,P2013,Technology Item 13,Technology,2603.81,3,0.0,7811.43,3581.27,4230.16,South
O201328,2024-07-19,C100245,P1012,Office Supplies Item 12,Office Supplies,362.33,4,0.0,1449.32,640.28,809.04,West
O201329,2024-04-13,C100718,P4016,Consumables Item 16,Consumables,924.52,2,0.1,1664.14,709.07,955.07,Central
O201330,2025-08-30,C100770,P1019,Office Supplies Item 19,Office Supplies,414.61,5,0.0,2073.05,1326.81,746.24,South
O201331,2023-01-31,C100624,P1009,Office Supplies Item 9,Office Supplies,75.25,4,0.0,301.0,224.97,76.03,South
O201332,2023-03-19,C100717,P4014,Consumables Item 14,Consumables,1259.98,4,0.0,5039.92,3046.07,1993.85,South
O201333,2024-02-24,C100539,P1017,Office Supplies Item 17,Office Supplies,816.15,2,0.0,1632.3,790.41,841.89,East
O201334,2024-01-23,C100969,P3010,Furniture Item 10,Furniture,702.98,4,0.05,2671.32,1435.88,1235.44,Central
O201335,2025-03-18,C100583,P2019,Technology Item 19,Technology,1281.18,4,0.0,5124.72,2788.6,2336.12,South
O201336,2023-10-06,C100688,P3001,Furniture Item 1,Furniture,388.34,3,0.0,1165.02,676.47,488.55,West
O201337,2025-10-11,C100202,P1010,Office Supplies Item 10,Office Supplies,511.53,1,0.0,511.53,290.66,220.87,Central
O201338,2024-02-09,C100248,P1012,Office Supplies Item 12,Office Supplies,362.33,2,0.0,724.66,484.41,240.25,East
O201339,2024-10-18,C100118,P4019,Consumables Item 19,Consumables,1074.49,2,0.0,2148.98,1151.78,997.2,East
O201340,2025-01-07,C100009,P5015,Accessories Item 15,Accessories,191.35,2,0.05,363.56,241.84,121.72,Central
O201341,2024-02-18,C100598,P1015,Office Supplies Item 15,Office Supplies,1276.5,1,0.0,1276.5,789.78,486.72,West
O201342,2023-12-06,C100023,P2008,Technology Item 8,Technology,1671.55,1,0.0,1671.55,701.05,970.5,East
O201343,2024-06-27,C100967,P1004,Office Supplies Item 4,Office Supplies,601.69,2,0.0,1203.38,924.04,279.34,East
O201344,2025-05-20,C100240,P2016,Technology Item 16,Technology,1535.17,1,0.1,1381.65,651.01,730.64,Central
O201345,2025-07-24,C100585,P4005,Consumables Item 5,Consumables,1091.68,2,0.0,2183.36,1267.68,915.68,Central
O201346,2025-05-10,C100027,P5018,Accessories Item 18,Accessories,1149.97,4,0.1,4139.89,3225.14,914.75,East
O201347,2025-01-29,C100984,P3007,Furniture Item 7,Furniture,469.52,6,0.0,2817.12,1405.55,1411.57,South
O201348,2024-08-18,C100861,P5001,Accessories Item 1,Accessories,306.1,5,0.05,1453.98,594.48,859.5,East
O201349,2024-06-20,C100081,P2019,Technology Item 19,Technology,1281.18,3,0.0,3843.54,2290.83,1552.71,Central
O201350,2024-03-28,C100596,P2018,Technology Item 18,Technology,362.51,3,0.05,1033.15,505.8,527.35,East
O201351,2025-08-26,C100199,P3004,Furniture Item 4,Furniture,1197.1,3,0.0,3591.3,2272.61,1318.69,West
O201352,2024-03-14,C100555,P3011,Furniture Item 11,Furniture,542.78,5,0.0,2713.9,1972.58,741.32,Central
O201353,2024-10-17,C101000,P5017,Accessories Item 17,Accessories,955.69,4,0.0,3822.76,2310.81,1511.95,Central
O201354,2024-06-23,C100775,P5005,Accessories Item 5,Accessories,1231.71,3,0.1,3325.62,2188.3,1137.32,Central
O201355,2024-08-27,C100092,P2006,Technology Item 6,Technology,1048.28,4,0.0,4193.12,2794.55,1398.57,South
O201356,2024-02-11,C100851,P2016,Technology Item 16,Technology,1535.17,3,0.05,4375.23,3186.1,1189.13,East
O201357,2023-04-10,C100959,P4009,Consumables Item 9,Consumables,98.0,3,0.2,235.2,158.8,76.4,Central
O201358,2023-07-28,C100084,P5017,Accessories Item 17,Accessories,955.69,4,0.0,3822.76,3021.77,800.99,West
O201359,2025-10-15,C100300,P1001,Office Supplies Item 1,Office Supplies,53.51,3,0.2,128.42,74.8,53.62,South
O201360,2023-06-16,C100935,P3013,Furniture Item 13,Furniture,1077.46,3,0.0,3232.38,1357.93,1874.45,Central
O201361,2025-02-26,C100296,P1006,Office Supplies Item 6,Office Supplies,309.21,2,0.1,556.58,310.35,246.23,East
O201362,2023-03-29,C100647,P2017,Technology Item 17,Technology,3583.54,2,0.2,5733.66,4219.69,1513.97,Central
O201363,2025-10-05,C100454,P1002,Office Supplies Item 2,Office Supplies,357.2,3,0.2,857.28,388.54,468.74,South
O201364,2024-07-24,C100281,P4009,Consumables Item 9,Consumables,98.0,1,0.0,98.0,68.05,29.95,East
O201365,2023-12-18,C100059,P5010,Accessories Item 10,Accessories,678.1,1,0.1,610.29,374.88,235.41,West
O201366,2024-04-03,C100909,P3001,Furniture Item 1,Furniture,388.34,2,0.0,776.68,590.48,186.2,Central
O201367,2023-11-22,C100871,P3011,Furniture Item 11,Furniture,542.78,3,0.0,1628.34,1127.59,500.75,East
O201368,2023-08-02,C101000,P3007,Furniture Item 7,Furniture,469.52,1,0.0,469.52,311.86,157.66,Central
O201369,2023-10-19,C100342,P1013,Office Supplies Item 13,Office Supplies,945.16,4,0.0,3780.64,2853.44,927.2,East
O201370,2025-10-25,C100753,P4016,Consumables Item 16,Consumables,924.52,2,0.05,1756.59,1340.78,415.81,South
O201371,2024-06-20,C100465,P4009,Consumables Item 9,Consumables,98.0,3,0.0,294.0,162.87,131.13,Central
O201372,2024-05-11,C100880,P4006,Consumables Item 6,Consumables,1311.65,2,0.2,2098.64,1618.34,480.3,South
O201373,2023-02-21,C100342,P3019,Furniture Item 19,Furniture,1035.24,2,0.05,1966.96,829.82,1137.14,West
O201374,2023-03-21,C100610,P4008,Consumables Item 8,Consumables,241.88,2,0.15,411.2,289.91,121.29,East
O201375,2024-10-30,C100062,P3019,Furniture Item 19,Furniture,1035.24,1,0.1,931.72,498.11,433.61,West
O201376,2024-06-11,C100776,P5011,Accessories Item 11,Accessories,385.85,3,0.1,1041.8,619.83,421.97,West
O201377,2023-12-16,C100625,P1010,Office Supplies Item 10,Office Supplies,511.53,3,0.0,1534.59,1126.85,407.74,South
O201378,2023-11-12,C100429,P1013,Office Supplies Item 13,Office Supplies,945.16,3,0.0,2835.48,1856.72,978.76,South
O201379,2024-11-20,C100658,P1002,Office Supplies Item 2,Office Supplies,357.2,5,0.0,1786.0,1041.23,744.77,Central
O201380,2024-07-19,C100728,P5010,Accessories Item 10,Accessories,678.1,2,0.0,1356.2,631.41,724.79,Central
O201381,2025-07-22,C100256,P1015,Office Supplies Item 15,Office Supplies,1276.5,5,0.0,6382.5,4950.94,1431.56,South
O201382,2024-10-03,C100828,P3006,Furniture Item 6,Furniture,1126.74,2,0.05,2140.81,1141.03,999.78,South
O201383,2024-02-05,C100828,P3017,Furniture Item 17,Furniture,715.82,5,0.0,3579.1,1576.47,2002.63,Central
O201384,2022-11-12,C100874,P1010,Office Supplies Item 10,Office Supplies,511.53,2,0.0,1023.06,640.09,382.97,West
O201385,2024-02-20,C100770,P2002,Technology Item 2,Technology,613.05,2,0.0,1226.1,689.7,536.4,West
O201386,2025-05-27,C100706,P5009,Accessories Item 9,Accessories,83.46,3,0.0,250.38,159.29,91.09,Central
O201387,2023-12-06,C100347,P4019,Consumables Item 19,Consumables,1074.49,4,0.05,4083.06,2014.63,2068.43,South
O201388,2025-01-16,C100526,P4017,Consumables Item 17,Consumables,267.63,1,0.05,254.25,140.22,114.03,East
O201389,2023-04-26,C100304,P1008,Office Supplies Item 8,Office Supplies,1378.19,2,0.2,2205.1,1739.83,465.27,West
O201390,2022-12-27,C100615,P2001,Technology Item 1,Technology,2209.18,3,0.0,6627.54,5133.79,1493.75,Central
O201391,2024-01-22,C100245,P5005,Accessories Item 5,Accessories,1231.71,2,0.0,2463.42,1837.1,626.32,Central
O201392,2023-05-22,C100757,P2002,Technology Item 2,Technology,613.05,3,0.0,1839.15,1308.83,530.32,Central
O201393,2024-11-07,C100824,P5017,Accessories Item 17,Accessories,955.69,2,0.15,1624.67,751.61,873.06,West
O201394,2023-05-21,C100780,P3005,Furniture Item 5,Furniture,764.38,4,0.0,3057.52,1794.07,1263.45,Central
O201395,2023-10-29,C100736,P5011,Accessories Item 11,Accessories,385.85,3,0.0,1157.55,800.05,357.5,Central
O201396,2025-04-10,C100732,P2020,Technology Item 20,Technology,2640.06,2,0.0,5280.12,2664.91,2615.21,West
O201397,2024-01-28,C100823,P2002,Technology Item 2,Technology,613.05,5,0.0,3065.25,1266.65,1798.6,South
O201398,2023-10-22,C100412,P2010,Technology Item 10,Technology,545.3,1,0.0,545.3,309.32,235.98,Central
O201399,2023-06-04,C100878,P4002,Consumables Item 2,Consumables,643.15,2,0.05,1221.98,696.6,525.38,South
O201400,2025-06-29,C100217,P4013,Consumables Item 13,Consumables,756.61,4,0.05,2875.12,1224.92,1650.2,East
O201401,2024-05-08,C100516,P3005,Furniture Item 5,Furniture,764.38,3,0.0,2293.14,1211.34,1081.8,Central
O201402,2025-04-05,C100474,P2015,Technology Item 15,Technology,89.72,4,0.0,358.88,275.23,83.65,Central
O201403,2022-11-23,C100036,P5002,Accessories Item 2,Accessories,19.27,3,0.0,57.81,28.91,28.9,West
O201404,2023-04-04,C100178,P3002,Furniture Item 2,Furniture,1401.3,1,0.05,1331.24,835.57,495.67,East
O201405,2023-07-07,C100387,P1005,Office Supplies Item 5,Office Supplies,367.17,2,0.1,660.91,393.34,267.57,West
O201406,2024-11-18,C100769,P2007,Technology Item 7,Technology,1312.26,3,0.15,3346.26,2492.46,853.8,West
O201407,2025-01-13,C100017,P4010,Consumables Item 10,Consumables,1234.94,2,0.0,2469.88,1633.63,836.25,East
O201408,2023-03-14,C100711,P4002,Consumables Item 2,Consumables,643.15,6,0.05,3665.95,1698.7,1967.25,Central
O201409,2023-09-17,C100830,P2012,Technology Item 12,Technology,3897.09,1,0.2,3117.67,1425.24,1692.43,West
O201410,2023-11-25,C100048,P1008,Office Supplies Item 8,Office Supplies,1378.19,1,0.05,1309.28,815.67,493.61,South
O201411,2024-01-08,C100062,P5005,Accessories Item 5,Accessories,1231.71,5,0.0,6158.55,2577.89,3580.66,Central
O201412,2025-09-11,C100069,P1018,Office Supplies Item 18,Office Supplies,982.11,2,0.05,1866.01,1040.14,825.87,West
O201413,2025-03-22,C100659,P4018,Consumables Item 18,Consumables,772.22,1,0.05,733.61,410.53,323.08,West
O201414,2025-03-07,C100871,P1015,Office Supplies Item 15,Office Supplies,1276.5,5,0.0,6382.5,3054.24,3328.26,South
O201415,2022-12-21,C100366,P2006,Technology Item 6,Technology,1048.28,2,0.0,2096.56,1091.06,1005.5,South
O201416,2023-04-25,C100162,P3013,Furniture Item 13,Furniture,1077.46,4,0.05,4094.35,2178.11,1916.24,West
O201417,2025-03-19,C100739,P3004,Furniture Item 4,Furniture,1197.1,3,0.1,3232.17,1308.07,1924.1,Central
O201418,2023-07-11,C100945,P2012,Technology Item 12,Technology,3897.09,2,0.2,6235.34,4504.14,1731.2,South
O201419,2025-06-23,C100976,P2008,Technology Item 8,Technology,1671.55,4,0.0,6686.2,5235.15,1451.05,South
O201420,2024-11-08,C100488,P2019,Technology Item 19,Technology,1281.18,1,0.05,1217.12,627.68,589.44,East
O201421,2023-08-29,C100431,P2012,Technology Item 12,Technology,3897.09,3,0.0,11691.27,5200.21,6491.06,Central
O201422,2024-05-01,C100999,P4017,Consumables Item 17,Consumables,267.63,2,0.2,428.21,334.61,93.6,Central
O201423,2024-10-16,C100859,P4019,Consumables Item 19,Consumables,1074.49,5,0.0,5372.45,3740.41,1632.04,East
O201424,2024-12-18,C100489,P1018,Office Supplies Item 18,Office Supplies,982.11,2,0.0,1964.22,1485.85,478.37,South
O201425,2023-07-26,C100230,P4010,Consumables Item 10,Consumables,1234.94,3,0.0,3704.82,2016.72,1688.1,West
O201426,2025-08-06,C100370,P1011,Office Supplies Item 11,Office Supplies,610.7,2,0.05,1160.33,688.8,471.53,West
O201427,2024-05-04,C100178,P2012,Technology Item 12,Technology,3897.09,2,0.0,7794.18,6017.85,1776.33,East
O201428,2023-09-10,C100857,P1020,Office Supplies Item 20,Office Supplies,891.62,3,0.05,2541.12,1483.56,1057.56,West
O201429,2023-05-03,C100410,P5017,Accessories Item 17,Accessories,955.69,2,0.0,1911.38,1278.4,632.98,East
O201430,2024-10-13,C100568,P2020,Technology Item 20,Technology,2640.06,2,0.0,5280.12,3600.62,1679.5,South
O201431,2023-03-08,C100590,P1008,Office Supplies Item 8,Office Supplies,1378.19,5,0.0,6890.95,5063.78,1827.17,West
O201432,2024-09-30,C100270,P2015,Technology Item 15,Technology,89.72,3,0.0,269.16,212.66,56.5,East
O201433,2023-11-21,C100206,P4009,Consumables Item 9,Consumables,98.0,2,0.0,196.0,104.66,91.34,East
O201434,2023-07-29,C100793,P5019,Accessories Item 19,Accessories,123.42,5,0.05,586.24,292.52,293.72,West
O201435,2025-01-19,C100740,P4018,Consumables Item 18,Consumables,772.22,3,0.0,2316.66,998.67,1317.99,Central
O201436,2023-12-20,C100900,P2001,Technology Item 1,Technology,2209.18,3,0.0,6627.54,4921.71,1705.83,Central
O201437,2023-05-17,C100751,P2004,Technology Item 4,Technology,1323.25,1,0.0,1323.25,684.22,639.03,South
O201438,2025-10-15,C100975,P1017,Office Supplies Item 17,Office Supplies,816.15,3,0.0,2448.45,1027.97,1420.48,Central
O201439,2025-02-08,C100800,P1018,Office Supplies Item 18,Office Supplies,982.11,2,0.0,1964.22,1465.52,498.7,West
O201440,2024-07-20,C100082,P5018,Accessories Item 18,Accessories,1149.97,3,0.2,2759.93,1666.9,1093.03,West
O201441,2024-06-26,C100846,P1012,Office Supplies Item 12,Office Supplies,362.33,5,0.0,1811.65,1332.15,479.5,Central
O201442,2025-10-16,C100762,P1016,Office Supplies Item 16,Office Supplies,1112.6,3,0.05,3170.91,1971.65,1199.26,West
O201443,2025-08-06,C100193,P1004,Office Supplies Item 4,Office Supplies,601.69,1,0.05,571.61,300.38,271.23,Central
O201444,2023-01-10,C100618,P5009,Accessories Item 9,Accessories,83.46,1,0.0,83.46,37.72,45.74,West
O201445,2025-04-29,C100189,P2014,Technology Item 14,Technology,3038.06,4,0.0,12152.24,6985.89,5166.35,East
O201446,2024-06-16,C100276,P5012,Accessories Item 12,Accessories,531.07,1,0.0,531.07,218.07,313.0,West
O201447,2024-06-22,C100074,P3006,Furniture Item 6,Furniture,1126.74,3,0.0,3380.22,2166.67,1213.55,East
O201448,2024-03-28,C100010,P4015,Consumables Item 15,Consumables,978.0,3,0.1,2640.6,1507.96,1132.64,East
O201449,2023-01-23,C100635,P4017,Consumables Item 17,Consumables,267.63,4,0.05,1016.99,464.37,552.62,West
O201450,2025-07-21,C100216,P2011,Technology Item 11,Technology,4293.44,2,0.15,7298.85,4467.58,2831.27,Central
O201451,2025-10-02,C100290,P2005,Technology Item 5,Technology,4160.53,3,0.05,11857.51,8541.73,3315.78,East
O201452,2025-02-16,C100445,P4014,Consumables Item 14,Consumables,1259.98,6,0.0,7559.88,5971.7,1588.18,East
O201453,2024-06-28,C100988,P2004,Technology Item 4,Technology,1323.25,3,0.05,3771.26,2304.03,1467.23,West
O201454,2025-01-18,C100923,P4005,Consumables Item 5,Consumables,1091.68,2,0.05,2074.19,937.16,1137.03,East
O201455,2023-03-13,C100552,P2005,Technology Item 5,Technology,4160.53,1,0.05,3952.5,2862.73,1089.77,South
O201456,2025-10-24,C100193,P2008,Technology Item 8,Technology,1671.55,3,0.1,4513.18,3061.36,1451.82,South
O201457,2023-08-17,C100639,P2016,Technology Item 16,Technology,1535.17,1,0.15,1304.89,1019.89,285.0,South
O201458,2023-11-11,C100289,P5002,Accessories Item 2,Accessories,19.27,4,0.0,77.08,47.33,29.75,Central
O201459,2024-12-08,C100964,P1006,Office Supplies Item 6,Office Supplies,309.21,1,0.0,309.21,167.85,141.36,South
O201460,2024-02-10,C100583,P4006,Consumables Item 6,Consumables,1311.65,5,0.05,6230.34,4891.66,1338.68,Central
O201461,2024-02-14,C100649,P4007,Consumables Item 7,Consumables,334.97,3,0.0,1004.91,618.4,386.51,West
O201462,2023-03-29,C100144,P4012,Consumables Item 12,Consumables,605.54,1,0.05,575.26,233.76,341.5,Central
O201463,2023-01-27,C100389,P5015,Accessories Item 15,Accessories,191.35,4,0.0,765.4,451.18,314.22,West
O201464,2023-12-01,C100866,P3008,Furniture Item 8,Furniture,774.16,2,0.0,1548.32,620.8,927.52,Central
O201465,2024-12-29,C100892,P5003,Accessories Item 3,Accessories,117.58,6,0.0,705.48,490.37,215.11,South
O201466,2025-03-14,C100407,P4010,Consumables Item 10,Consumables,1234.94,2,0.05,2346.39,1469.73,876.66,West
O201467,2022-11-24,C100811,P4018,Consumables Item 18,Consumables,772.22,2,0.0,1544.44,685.61,858.83,Central
O201468,2025-06-13,C100370,P4007,Consumables Item 7,Consumables,334.97,3,0.05,954.66,692.32,262.34,East
O201469,2023-09-07,C100857,P3008,Furniture Item 8,Furniture,774.16,2,0.2,1238.66,761.25,477.41,South
O201470,2024-08-25,C100441,P4005,Consumables Item 5,Consumables,1091.68,3,0.0,3275.04,1459.44,1815.6,East
O201471,2024-01-12,C100947,P3004,Furniture Item 4,Furniture,1197.1,3,0.0,3591.3,1666.38,1924.92,South
O201472,2024-10-06,C100781,P5014,Accessories Item 14,Accessories,784.72,3,0.0,2354.16,1715.81,638.35,Central
O201473,2023-12-27,C100896,P4003,Consumables Item 3,Consumables,171.17,3,0.0,513.51,278.42,235.09,West
O201474,2023-09-17,C100920,P3006,Furniture Item 6,Furniture,1126.74,3,0.0,3380.22,2462.28,917.94,West
O201475,2024-06-09,C100651,P1019,Office Supplies Item 19,Office Supplies,414.61,10,0.0,4146.1,1773.71,2372.39,West
O201476,2025-06-04,C100564,P4004,Consumables Item 4,Consumables,50.47,3,0.0,151.41,75.33,76.08,Central
O201477,2025-02-26,C100529,P5003,Accessories Item 3,Accessories,117.58,2,0.0,235.16,165.98,69.18,East
O201478,2022-12-12,C100677,P4013,Consumables Item 13,Consumables,756.61,4,0.05,2875.12,1888.04,987.08,East
O201479,2025-05-27,C100013,P4011,Consumables Item 11,Consumables,470.52,1,0.15,399.94,209.06,190.88,East
O201480,2023-11-22,C100702,P3010,Furniture Item 10,Furniture,702.98,4,0.0,2811.92,2177.58,634.34,West
O201481,2025-04-28,C100987,P4003,Consumables Item 3,Consumables,171.17,3,0.1,462.16,223.88,238.28,West
O201482,2024-10-16,C100340,P3001,Furniture Item 1,Furniture,388.34,2,0.0,776.68,574.67,202.01,Central
O201483,2024-01-05,C100865,P1007,Office Supplies Item 7,Office Supplies,1432.06,3,0.0,4296.18,2914.09,1382.09,South
O201484,2024-05-07,C100874,P1009,Office Supplies Item 9,Office Supplies,75.25,4,0.0,301.0,134.98,166.02,South
O201485,2025-01-08,C100864,P1004,Office Supplies Item 4,Office Supplies,601.69,2,0.0,1203.38,748.56,454.82,South
O201486,2023-12-31,C100776,P5009,Accessories Item 9,Accessories,83.46,2,0.0,166.92,128.86,38.06,Central
O201487,2022-11-26,C100312,P3009,Furniture Item 9,Furniture,1285.97,4,0.0,5143.88,3330.96,1812.92,East
O201488,2023-11-20,C100733,P4016,Consumables Item 16,Consumables,924.52,2,0.15,1571.68,961.12,610.56,West
O201489,2022-12-26,C100104,P1006,Office Supplies Item 6,Office Supplies,309.21,2,0.0,618.42,337.98,280.44,East
O201490,2024-07-26,C100339,P5002,Accessories Item 2,Accessories,19.27,3,0.1,52.03,37.23,14.8,East
O201491,2023-02-14,C100198,P2001,Technology Item 1,Technology,2209.18,5,0.05,10493.6,8029.95,2463.65,West
O201492,2025-02-26,C100300,P1015,Office Supplies Item 15,Office Supplies,1276.5,6,0.0,7659.0,5371.46,2287.54,South
O201493,2024-08-31,C100444,P4007,Consumables Item 7,Consumables,334.97,1,0.0,334.97,231.16,103.81,Central
O201494,2023-11-11,C100359,P4006,Consumables Item 6,Consumables,1311.65,3,0.0,3934.95,1876.96,2057.99,South
O201495,2024-11-12,C100368,P3016,Furniture Item 16,Furniture,445.94,2,0.0,891.88,654.28,237.6,East
O201496,2025-06-24,C100169,P4008,Consumables Item 8,Consumables,241.88,6,0.0,1451.28,604.14,847.14,West
O201497,2023-09-04,C100149,P2012,Technology Item 12,Technology,3897.09,4,0.0,15588.36,10957.75,4630.61,Central
O201498,2023-01-30,C100761,P4006,Consumables Item 6,Consumables,1311.65,5,0.0,6558.25,3176.48,3381.77,West
O201499,2025-01-10,C100768,P2009,Technology Item 9,Technology,2991.89,4,0.0,11967.56,7119.56,4848.0,West
O201500,2023-02-18,C100982,P4006,Consumables Item 6,Consumables,1311.65,9,0.0,11804.85,8004.79,3800.06,South
O201501,2024-06-07,C100042,P2014,Technology Item 14,Technology,3038.06,3,0.0,9114.18,6413.02,2701.16,West
O201502,2023-10-06,C100202,P2007,Technology Item 7,Technology,1312.26,4,0.15,4461.68,3369.61,1092.07,South
O201503,2025-07-06,C100970,P3020,Furniture Item 20,Furniture,1296.14,3,0.0,3888.42,1994.9,1893.52,East
O201504,2023-10-22,C100244,P2019,Technology Item 19,Technology,1281.18,7,0.05,8519.85,4172.41,4347.44,South
O201505,2023-04-17,C100669,P3004,Furniture Item 4,Furniture,1197.1,3,0.15,3052.6,2437.5,615.1,East
O201506,2024-05-10,C100464,P5002,Accessories Item 2,Accessories,19.27,3,0.0,57.81,27.92,29.89,East
O201507,2025-04-23,C100449,P2016,Technology Item 16,Technology,1535.17,2,0.0,3070.34,2045.44,1024.9,West
O201508,2023-02-13,C100913,P1019,Office Supplies Item 19,Office Supplies,414.61,4,0.0,1658.44,1295.4,363.04,West
O201509,2023-03-30,C100798,P5011,Accessories Item 11,Accessories,385.85,3,0.15,983.92,746.42,237.5,West
O201510,2023-03-26,C100794,P3005,Furniture Item 5,Furniture,764.38,3,0.05,2178.48,1257.65,920.83,South
O201511,2024-10-16,C100437,P5004,Accessories Item 4,Accessories,566.9,4,0.0,2267.6,1485.35,782.25,Central
O201512,2025-03-23,C100893,P2001,Technology Item 1,Technology,2209.18,4,0.05,8394.88,5134.63,3260.25,West
O201513,2023-08-26,C100750,P2003,Technology Item 3,Technology,1102.81,4,0.0,4411.24,2376.17,2035.07,West
O201514,2024-08-07,C100531,P5014,Accessories Item 14,Accessories,784.72,2,0.0,1569.44,718.44,851.0,West
O201515,2024-10-23,C100565,P5009,Accessories Item 9,Accessories,83.46,4,0.1,300.46,216.74,83.72,East
O201516,2025-10-07,C100597,P5015,Accessories Item 15,Accessories,191.35,7,0.05,1272.48,555.03,717.45,Central
O201517,2024-07-30,C100273,P2007,Technology Item 7,Technology,1312.26,4,0.0,5249.04,3379.6,1869.44,East
O201518,2023-06-27,C100430,P5018,Accessories Item 18,Accessories,1149.97,2,0.1,2069.95,1320.11,749.84,South
O201519,2025-08-27,C100872,P4012,Consumables Item 12,Consumables,605.54,2,0.0,1211.08,646.63,564.45,West
O201520,2024-02-07,C100213,P1019,Office Supplies Item 19,Office Supplies,414.61,3,0.05,1181.64,536.66,644.98,Central
O201521,2024-01-27,C100949,P3001,Furniture Item 1,Furniture,388.34,2,0.0,776.68,559.1,217.58,South
O201522,2024-12-23,C100873,P2006,Technology Item 6,Technology,1048.28,2,0.15,1782.08,1042.11,739.97,East
O201523,2025-04-15,C100104,P2008,Technology Item 8,Technology,1671.55,1,0.05,1587.97,1095.87,492.1,West
O201524,2023-11-06,C100192,P4004,Consumables Item 4,Consumables,50.47,2,0.0,100.94,41.04,59.9,East
O201525,2024-03-01,C100941,P4008,Consumables Item 8,Consumables,241.88,4,0.2,774.02,332.67,441.35,West
O201526,2023-04-14,C100689,P5015,Accessories Item 15,Accessories,191.35,3,0.0,574.05,270.0,304.05,Central
O201527,2023-05-11,C100659,P4020,Consumables Item 20,Consumables,1460.03,4,0.0,5840.12,2601.98,3238.14,East
O201528,2024-10-30,C100380,P3011,Furniture Item 11,Furniture,542.78,4,0.0,2171.12,1034.94,1136.18,Central
O201529,2023-06-02,C100967,P4014,Consumables Item 14,Consumables,1259.98,3,0.0,3779.94,2549.93,1230.01,West
O201530,2024-05-27,C100081,P3008,Furniture Item 8,Furniture,774.16,2,0.0,1548.32,648.43,899.89,West
O201531,2025-06-14,C100705,P1010,Office Supplies Item 10,Office Supplies,511.53,2,0.05,971.91,403.48,568.43,South
O201532,2023-11-16,C100549,P4013,Consumables Item 13,Consumables,756.61,3,0.05,2156.34,889.84,1266.5,West
O201533,2024-09-03,C100377,P2019,Technology Item 19,Technology,1281.18,1,0.0,1281.18,870.0,411.18,West
O201534,2025-01-06,C100838,P5020,Accessories Item 20,Accessories,75.35,3,0.1,203.44,125.0,78.44,West
O201535,2023-06-27,C100154,P5020,Accessories Item 20,Accessories,75.35,4,0.05,286.33,156.94,129.39,Central
O201536,2024-09-30,C100642,P1019,Office Supplies Item 19,Office Supplies,414.61,4,0.15,1409.67,944.82,464.85,West
O201537,2024-03-19,C100571,P4004,Consumables Item 4,Consumables,50.47,6,0.15,257.4,159.96,97.44,South
O201538,2023-05-21,C100736,P1019,Office Supplies Item 19,Office Supplies,414.61,3,0.0,1243.83,501.18,742.65,East
O201539,2025-05-08,C100761,P4016,Consumables Item 16,Consumables,924.52,3,0.05,2634.88,1937.74,697.14,East
O201540,2022-12-07,C100240,P4002,Consumables Item 2,Consumables,643.15,2,0.0,1286.3,694.7,591.6,Central
O201541,2024-08-05,C100374,P1013,Office Supplies Item 13,Office Supplies,945.16,2,0.1,1701.29,952.42,748.87,East
O201542,2024-12-04,C100901,P2005,Technology Item 5,Technology,4160.53,1,0.05,3952.5,2817.8,1134.7,East
O201543,2024-10-06,C100805,P5020,Accessories Item 20,Accessories,75.35,4,0.0,301.4,143.12,158.28,East
O201544,2024-04-28,C100799,P5009,Accessories Item 9,Accessories,83.46,6,0.15,425.65,171.97,253.68,South
O201545,2024-04-23,C100204,P5012,Accessories Item 12,Accessories,531.07,1,0.05,504.52,385.22,119.3,East
O201546,2025-08-13,C100611,P3002,Furniture Item 2,Furniture,1401.3,5,0.15,5955.52,3586.36,2369.16,East
O201547,2023-11-29,C100350,P2019,Technology Item 19,Technology,1281.18,4,0.0,5124.72,2766.38,2358.34,Central
O201548,2025-02-10,C100688,P2010,Technology Item 10,Technology,545.3,2,0.1,981.54,714.19,267.35,South
O201549,2025-10-01,C100774,P1005,Office Supplies Item 5,Office Supplies,367.17,1,0.05,348.81,143.19,205.62,Central
O201550,2024-06-19,C100783,P5001,Accessories Item 1,Accessories,306.1,6,0.0,1836.6,883.25,953.35,South
O201551,2023-11-28,C100143,P1018,Office Supplies Item 18,Office Supplies,982.11,5,0.1,4419.5,2042.32,2377.18,South
O201552,2024-09-30,C100189,P2001,Technology Item 1,Technology,2209.18,3,0.05,6296.16,4376.66,1919.5,West
O201553,2024-01-15,C100272,P5006,Accessories Item 6,Accessories,15.68,4,0.05,59.58,31.27,28.31,West
O201554,2025-05-06,C100532,P3010,Furniture Item 10,Furniture,702.98,3,0.0,2108.94,1495.58,613.36,Central
O201555,2023-09-16,C100845,P1006,Office Supplies Item 6,Office Supplies,309.21,4,0.1,1113.16,463.73,649.43,West
O201556,2024-05-06,C100300,P3010,Furniture Item 10,Furniture,702.98,3,0.05,2003.49,1288.74,714.75,East
O201557,2025-10-30,C100426,P4020,Consumables Item 20,Consumables,1460.03,3,0.1,3942.08,2078.61,1863.47,South
O201558,2024-05-21,C100046,P4006,Consumables Item 6,Consumables,1311.65,4,0.0,5246.6,2490.92,2755.68,Central
O201559,2025-05-07,C100095,P1001,Office Supplies Item 1,Office Supplies,53.51,3,0.0,160.53,116.66,43.87,South
O201560,2023-06-24,C100930,P3017,Furniture Item 17,Furniture,715.82,2,0.0,1431.64,808.73,622.91,Central
O201561,2025-07-14,C100064,P2010,Technology Item 10,Technology,545.3,3,0.1,1472.31,925.57,546.74,West
O201562,2025-08-29,C100413,P3018,Furniture Item 18,Furniture,1136.61,2,0.0,2273.22,939.37,1333.85,South
O201563,2022-12-30,C100643,P3012,Furniture Item 12,Furniture,806.55,2,0.0,1613.1,1156.03,457.07,Central
O201564,2025-04-11,C100009,P2017,Technology Item 17,Technology,3583.54,2,0.05,6808.73,3504.81,3303.92,West
O201565,2023-06-13,C100459,P3008,Furniture Item 8,Furniture,774.16,3,0.0,2322.48,1573.16,749.32,South
O201566,2024-09-30,C100715,P5007,Accessories Item 7,Accessories,687.81,3,0.15,1753.92,1235.09,518.83,East
O201567,2024-06-04,C100409,P1001,Office Supplies Item 1,Office Supplies,53.51,2,0.0,107.02,47.82,59.2,Central
O201568,2025-07-21,C100470,P1019,Office Supplies Item 19,Office Supplies,414.61,3,0.2,995.06,515.8,479.26,East
O201569,2023-04-18,C100810,P3006,Furniture Item 6,Furniture,1126.74,4,0.0,4506.96,3106.99,1399.97,South
O201570,2025-10-21,C100506,P4007,Consumables Item 7,Consumables,334.97,4,0.0,1339.88,660.39,679.49,Central
O201571,2022-11-14,C100686,P1002,Office Supplies Item 2,Office Supplies,357.2,1,0.0,357.2,264.07,93.13,East
O201572,2023-04-13,C100073,P3016,Furniture Item 16,Furniture,445.94,3,0.05,1270.93,666.97,603.96,East
O201573,2024-11-26,C100084,P1017,Office Supplies Item 17,Office Supplies,816.15,1,0.0,816.15,457.8,358.35,West
O201574,2025-09-17,C100059,P5012,Accessories Item 12,Accessories,531.07,3,0.0,1593.21,700.85,892.36,Central
O201575,2024-01-20,C100021,P5002,Accessories Item 2,Accessories,19.27,2,0.15,32.76,15.04,17.72,East
O201576,2024-10-16,C100458,P5017,Accessories Item 17,Accessories,955.69,2,0.0,1911.38,975.13,936.25,South
O201577,2025-07-03,C100918,P4019,Consumables Item 19,Consumables,1074.49,3,0.05,3062.3,1284.83,1777.47,South
O201578,2025-01-27,C100157,P2002,Technology Item 2,Technology,613.05,1,0.05,582.4,277.93,304.47,Central
O201579,2023-02-12,C100831,P2007,Technology Item 7,Technology,1312.26,2,0.0,2624.52,1479.12,1145.4,West
O201580,2024-11-11,C100329,P3015,Furniture Item 15,Furniture,1408.62,4,0.05,5352.76,2954.64,2398.12,South
O201581,2023-12-31,C100573,P2012,Technology Item 12,Technology,3897.09,3,0.0,11691.27,5605.7,6085.57,South
O201582,2024-07-31,C100576,P3020,Furniture Item 20,Furniture,1296.14,4,0.0,5184.56,2240.66,2943.9,East
O201583,2025-02-27,C100837,P5003,Accessories Item 3,Accessories,117.58,3,0.0,352.74,185.99,166.75,West
O201584,2024-12-08,C100680,P2008,Technology Item 8,Technology,1671.55,4,0.1,6017.58,4201.11,1816.47,South
O201585,2023-08-04,C100203,P2008,Technology Item 8,Technology,1671.55,2,0.0,3343.1,2019.37,1323.73,West
O201586,2025-10-24,C100641,P4014,Consumables Item 14,Consumables,1259.98,1,0.0,1259.98,981.17,278.81,South
O201587,2025-04-18,C100757,P5004,Accessories Item 4,Accessories,566.9,3,0.05,1615.66,736.67,878.99,South
O201588,2023-05-07,C100106,P2005,Technology Item 5,Technology,4160.53,3,0.0,12481.59,6027.7,6453.89,West
O201589,2023-02-13,C100833,P5005,Accessories Item 5,Accessories,1231.71,3,0.15,3140.86,1608.5,1532.36,South
O201590,2024-04-29,C100122,P4018,Consumables Item 18,Consumables,772.22,3,0.0,2316.66,938.71,1377.95,East
O201591,2023-11-15,C100318,P5006,Accessories Item 6,Accessories,15.68,4,0.0,62.72,48.76,13.96,East
O201592,2023-02-18,C100182,P2006,Technology Item 6,Technology,1048.28,4,0.05,3983.46,2303.02,1680.44,East
O201593,2024-04-28,C100615,P4015,Consumables Item 15,Consumables,978.0,4,0.0,3912.0,2318.49,1593.51,West
O201594,2023-10-20,C100316,P4011,Consumables Item 11,Consumables,470.52,3,0.05,1340.98,621.07,719.91,East
O201595,2024-11-12,C100814,P1017,Office Supplies Item 17,Office Supplies,816.15,3,0.15,2081.18,1558.97,522.21,West
O201596,2023-09-13,C100773,P5002,Accessories Item 2,Accessories,19.27,3,0.0,57.81,39.14,18.67,East
O201597,2025-10-24,C100625,P1007,Office Supplies Item 7,Office Supplies,1432.06,2,0.0,2864.12,1639.84,1224.28,West
O201598,2023-09-29,C100406,P3016,Furniture Item 16,Furniture,445.94,3,0.0,1337.82,1004.96,332.86,South
O201599,2024-06-14,C100986,P4004,Consumables Item 4,Consumables,50.47,2,0.1,90.85,69.24,21.61,Central
O201600,2024-12-22,C100949,P1020,Office Supplies Item 20,Office Supplies,891.62,3,0.0,2674.86,1122.89,1551.97,South
O201601,2024-04-23,C100070,P2018,Technology Item 18,Technology,362.51,2,0.0,725.02,324.61,400.41,East
O201602,2024-11-04,C100160,P4015,Consumables Item 15,Consumables,978.0,5,0.05,4645.5,1909.54,2735.96,West
O201603,2024-07-13,C100240,P3018,Furniture Item 18,Furniture,1136.61,4,0.0,4546.44,2876.5,1669.94,East
O201604,2024-07-11,C100523,P1016,Office Supplies Item 16,Office Supplies,1112.6,6,0.0,6675.6,3252.2,3423.4,West
O201605,2025-04-27,C100138,P3011,Furniture Item 11,Furniture,542.78,3,0.15,1384.09,1021.42,362.67,Central
O201606,2025-07-19,C100495,P2007,Technology Item 7,Technology,1312.26,5,0.0,6561.3,3847.32,2713.98,Central
O201607,2023-02-07,C100679,P3011,Furniture Item 11,Furniture,542.78,4,0.0,2171.12,1595.96,575.16,East
O201608,2023-09-13,C100247,P4015,Consumables Item 15,Consumables,978.0,3,0.0,2934.0,1825.66,1108.34,East
O201609,2023-03-03,C100866,P1016,Office Supplies Item 16,Office Supplies,1112.6,1,0.1,1001.34,719.43,281.91,West
O201610,2025-01-07,C100543,P5007,Accessories Item 7,Accessories,687.81,2,0.0,1375.62,754.86,620.76,Central
O201611,2024-01-31,C100524,P3020,Furniture Item 20,Furniture,1296.14,1,0.0,1296.14,1008.6,287.54,East
O201612,2024-04-05,C100243,P4016,Consumables Item 16,Consumables,924.52,1,0.0,924.52,616.53,307.99,Central
O201613,2024-04-03,C100620,P2020,Technology Item 20,Technology,2640.06,6,0.2,12672.29,8087.41,4584.88,East
O201614,2025-05-05,C100336,P4007,Consumables Item 7,Consumables,334.97,3,0.0,1004.91,543.6,461.31,South
O201615,2024-10-17,C100422,P1002,Office Supplies Item 2,Office Supplies,357.2,6,0.0,2143.2,1660.71,482.49,West
O201616,2023-09-11,C100835,P3008,Furniture Item 8,Furniture,774.16,1,0.0,774.16,414.25,359.91,East
O201617,2024-10-09,C100194,P3012,Furniture Item 12,Furniture,806.55,2,0.0,1613.1,1184.57,428.53,Central
O201618,2024-10-10,C100308,P2004,Technology Item 4,Technology,1323.25,4,0.1,4763.7,2675.88,2087.82,West
O201619,2025-09-09,C100645,P5013,Accessories Item 13,Accessories,1059.89,1,0.05,1006.9,711.75,295.15,South
O201620,2024-05-13,C100907,P5018,Accessories Item 18,Accessories,1149.97,3,0.0,3449.91,2638.32,811.59,Central
O201621,2025-06-26,C100506,P5004,Accessories Item 4,Accessories,566.9,4,0.0,2267.6,1329.36,938.24,Central
O201622,2023-10-22,C100281,P5002,Accessories Item 2,Accessories,19.27,4,0.0,77.08,47.05,30.03,Central
O201623,2025-10-13,C100803,P4018,Consumables Item 18,Consumables,772.22,4,0.0,3088.88,1643.71,1445.17,West
O201624,2025-04-08,C100675,P5002,Accessories Item 2,Accessories,19.27,4,0.05,73.23,30.89,42.34,Central
O201625,2025-01-01,C100790,P1002,Office Supplies Item 2,Office Supplies,357.2,1,0.0,357.2,236.11,121.09,East
O201626,2023-07-23,C100933,P4005,Consumables Item 5,Consumables,1091.68,2,0.0,2183.36,977.83,1205.53,Central
O201627,2025-07-09,C100982,P1020,Office Supplies Item 20,Office Supplies,891.62,2,0.0,1783.24,965.84,817.4,Central
O201628,2025-01-10,C100439,P2014,Technology Item 14,Technology,3038.06,1,0.1,2734.25,1475.94,1258.31,Central
O201629,2022-12-13,C100715,P3001,Furniture Item 1,Furniture,388.34,3,0.15,990.27,455.92,534.35,West
O201630,2025-03-11,C100608,P3001,Furniture Item 1,Furniture,388.34,4,0.0,1553.36,1035.6,517.76,East
O201631,2023-10-16,C100483,P4015,Consumables Item 15,Consumables,978.0,2,0.0,1956.0,919.01,1036.99,Central
O201632,2025-04-30,C100223,P5011,Accessories Item 11,Accessories,385.85,3,0.2,926.04,658.72,267.32,West
O201633,2022-11-01,C100749,P2003,Technology Item 3,Technology,1102.81,1,0.0,1102.81,551.09,551.72,East
O201634,2024-06-06,C100117,P2018,Technology Item 18,Technology,362.51,4,0.0,1450.04,746.65,703.39,East
O201635,2024-01-06,C100968,P3004,Furniture Item 4,Furniture,1197.1,3,0.05,3411.73,1833.78,1577.95,West
O201636,2022-12-23,C100192,P4007,Consumables Item 7,Consumables,334.97,2,0.0,669.94,308.91,361.03,East
O201637,2025-05-28,C100788,P4002,Consumables Item 2,Consumables,643.15,4,0.0,2572.6,1475.92,1096.68,South
O201638,2024-04-03,C100618,P1012,Office Supplies Item 12,Office Supplies,362.33,2,0.15,615.96,266.17,349.79,East
O201639,2023-03-27,C100994,P2010,Technology Item 10,Technology,545.3,3,0.0,1635.9,933.85,702.05,East
O201640,2024-07-21,C100516,P5015,Accessories Item 15,Accessories,191.35,3,0.05,545.35,292.29,253.06,East
O201641,2023-08-26,C100530,P5007,Accessories Item 7,Accessories,687.81,2,0.0,1375.62,736.38,639.24,East
O201642,2024-12-28,C100307,P4005,Consumables Item 5,Consumables,1091.68,4,0.2,3493.38,2320.55,1172.83,Central
O201643,2025-02-27,C100964,P3001,Furniture Item 1,Furniture,388.34,1,0.0,388.34,274.79,113.55,East
O201644,2023-04-27,C100532,P1020,Office Supplies Item 20,Office Supplies,891.62,3,0.1,2407.37,1305.76,1101.61,East
O201645,2025-02-19,C100122,P1006,Office Supplies Item 6,Office Supplies,309.21,3,0.0,927.63,468.27,459.36,South
O201646,2025-03-27,C100649,P4015,Consumables Item 15,Consumables,978.0,4,0.0,3912.0,2338.36,1573.64,East
O201647,2024-11-28,C100592,P5019,Accessories Item 19,Accessories,123.42,2,0.0,246.84,176.51,70.33,East
O201648,2025-10-27,C100154,P1004,Office Supplies Item 4,Office Supplies,601.69,3,0.1,1624.56,1068.68,555.88,West
O201649,2024-01-19,C100870,P5013,Accessories Item 13,Accessories,1059.89,2,0.0,2119.78,880.13,1239.65,West
O201650,2024-10-08,C100537,P1010,Office Supplies Item 10,Office Supplies,511.53,5,0.1,2301.88,1362.65,939.23,Central
O201651,2024-06-24,C100452,P3011,Furniture Item 11,Furniture,542.78,3,0.0,1628.34,1296.79,331.55,South
O201652,2023-03-25,C100169,P5013,Accessories Item 13,Accessories,1059.89,4,0.1,3815.6,2065.2,1750.4,Central
O201653,2023-08-02,C100059,P2018,Technology Item 18,Technology,362.51,2,0.0,725.02,417.82,307.2,Central
O201654,2024-03-23,C100301,P1001,Office Supplies Item 1,Office Supplies,53.51,2,0.0,107.02,55.11,51.91,South
O201655,2024-11-22,C100553,P1008,Office Supplies Item 8,Office Supplies,1378.19,6,0.0,8269.14,4953.86,3315.28,Central
O201656,2024-02-20,C100550,P5001,Accessories Item 1,Accessories,306.1,3,0.0,918.3,426.43,491.87,East
O201657,2024-08-27,C100117,P5003,Accessories Item 3,Accessories,117.58,3,0.0,352.74,175.95,176.79,West
O201658,2024-05-21,C100787,P4003,Consumables Item 3,Consumables,171.17,2,0.05,325.22,222.68,102.54,West
O201659,2024-04-14,C100782,P2013,Technology Item 13,Technology,2603.81,3,0.0,7811.43,3556.66,4254.77,West
O201660,2023-04-08,C100127,P1015,Office Supplies Item 15,Office Supplies,1276.5,3,0.05,3638.02,2802.94,835.08,East
O201661,2024-09-11,C100405,P2011,Technology Item 11,Technology,4293.44,2,0.0,8586.88,4492.52,4094.36,Central
O201662,2022-11-23,C100399,P2001,Technology Item 1,Technology,2209.18,4,0.0,8836.72,5567.22,3269.5,East
O201663,2025-10-06,C100515,P1003,Office Supplies Item 3,Office Supplies,468.91,2,0.15,797.15,421.48,375.67,Central
O201664,2024-04-08,C100805,P4006,Consumables Item 6,Consumables,1311.65,4,0.0,5246.6,3101.85,2144.75,West
O201665,2024-10-29,C100885,P2015,Technology Item 15,Technology,89.72,2,0.1,161.5,122.99,38.51,West
O201666,2023-03-24,C100498,P3001,Furniture Item 1,Furniture,388.34,3,0.0,1165.02,497.97,667.05,West
O201667,2024-08-29,C100942,P3019,Furniture Item 19,Furniture,1035.24,1,0.0,1035.24,768.7,266.54,West
O201668,2024-09-11,C100528,P1016,Office Supplies Item 16,Office Supplies,1112.6,3,0.0,3337.8,2079.55,1258.25,Central
O201669,2025-06-30,C100398,P3016,Furniture Item 16,Furniture,445.94,5,0.0,2229.7,1485.04,744.66,South
O201670,2025-01-07,C100265,P3005,Furniture Item 5,Furniture,764.38,1,0.0,764.38,322.84,441.54,West
O201671,2023-01-24,C100751,P3019,Furniture Item 19,Furniture,1035.24,2,0.0,2070.48,1458.78,611.7,Central
O201672,2023-12-21,C100263,P3010,Furniture Item 10,Furniture,702.98,4,0.0,2811.92,1268.49,1543.43,South
O201673,2024-09-24,C100398,P5005,Accessories Item 5,Accessories,1231.71,2,0.0,2463.42,1936.07,527.35,East
O201674,2024-02-25,C100646,P1012,Office Supplies Item 12,Office Supplies,362.33,5,0.15,1539.9,1108.29,431.61,East
O201675,2024-01-30,C100725,P5012,Accessories Item 12,Accessories,531.07,1,0.0,531.07,317.13,213.94,West
O201676,2025-02-04,C100527,P1012,Office Supplies Item 12,Office Supplies,362.33,3,0.05,1032.64,794.79,237.85,West
O201677,2023-08-24,C100436,P2013,Technology Item 13,Technology,2603.81,3,0.0,7811.43,3652.85,4158.58,South
O201678,2025-06-07,C100840,P5004,Accessories Item 4,Accessories,566.9,2,0.1,1020.42,812.93,207.49,Central
O201679,2024-09-10,C100930,P3009,Furniture Item 9,Furniture,1285.97,2,0.0,2571.94,1766.22,805.72,West
O201680,2023-11-13,C100360,P2001,Technology Item 1,Technology,2209.18,5,0.0,11045.9,4853.03,6192.87,Central
O201681,2023-12-26,C100129,P3020,Furniture Item 20,Furniture,1296.14,4,0.0,5184.56,3186.62,1997.94,South
O201682,2023-02-13,C100864,P3012,Furniture Item 12,Furniture,806.55,5,0.0,4032.75,2759.81,1272.94,East
O201683,2023-09-26,C100634,P3014,Furniture Item 14,Furniture,668.13,2,0.1,1202.63,775.95,426.68,West
O201684,2024-01-13,C100241,P2019,Technology Item 19,Technology,1281.18,4,0.0,5124.72,2918.94,2205.78,East
O201685,2023-11-17,C100627,P3009,Furniture Item 9,Furniture,1285.97,3,0.15,3279.22,1637.17,1642.05,Central
O201686,2023-03-18,C100709,P4004,Consumables Item 4,Consumables,50.47,2,0.1,90.85,45.0,45.85,Central
O201687,2025-05-31,C100222,P5020,Accessories Item 20,Accessories,75.35,3,0.0,226.05,174.23,51.82,South
O201688,2025-02-20,C100214,P5006,Accessories Item 6,Accessories,15.68,1,0.0,15.68,7.74,7.94,West
O201689,2023-07-28,C100916,P2006,Technology Item 6,Technology,1048.28,3,0.15,2673.11,2098.29,574.82,East
O201690,2023-12-01,C100592,P4011,Consumables Item 11,Consumables,470.52,4,0.0,1882.08,911.1,970.98,South
O201691,2025-05-01,C100775,P1007,Office Supplies Item 7,Office Supplies,1432.06,3,0.1,3866.56,2140.97,1725.59,South
O201692,2024-02-07,C100135,P4012,Consumables Item 12,Consumables,605.54,4,0.15,2058.84,833.68,1225.16,East
O201693,2024-01-24,C100818,P4002,Consumables Item 2,Consumables,643.15,1,0.1,578.84,440.65,138.19,East
O201694,2022-11-20,C100754,P5010,Accessories Item 10,Accessories,678.1,4,0.05,2576.78,1138.27,1438.51,West
O201695,2023-06-27,C100386,P5008,Accessories Item 8,Accessories,497.2,3,0.1,1342.44,728.85,613.59,West
O201696,2023-12-23,C100303,P2004,Technology Item 4,Technology,1323.25,3,0.05,3771.26,2779.45,991.81,South
O201697,2025-09-20,C100782,P2020,Technology Item 20,Technology,2640.06,4,0.0,10560.24,7569.15,2991.09,East
O201698,2023-05-05,C100287,P4016,Consumables Item 16,Consumables,924.52,2,0.0,1849.04,1362.0,487.04,Central
O201699,2023-07-11,C100562,P3007,Furniture Item 7,Furniture,469.52,7,0.1,2957.98,2264.76,693.22,West
O201700,2022-11-19,C100189,P1008,Office Supplies Item 8,Office Supplies,1378.19,1,0.15,1171.46,895.5,275.96,East
O201701,2024-10-12,C100297,P3014,Furniture Item 14,Furniture,668.13,3,0.0,2004.39,1419.51,584.88,West
O201702,2023-06-11,C100526,P1009,Office Supplies Item 9,Office Supplies,75.25,3,0.0,225.75,142.89,82.86,West
O201703,2022-11-03,C100389,P1003,Office Supplies Item 3,Office Supplies,468.91,2,0.0,937.82,585.78,352.04,South
O201704,2025-03-03,C100459,P3014,Furniture Item 14,Furniture,668.13,2,0.1,1202.63,487.27,715.36,Central
O201705,2023-06-16,C100744,P2001,Technology Item 1,Technology,2209.18,2,0.0,4418.36,3044.37,1373.99,Central
O201706,2025-05-01,C100261,P5015,Accessories Item 15,Accessories,191.35,4,0.05,727.13,356.78,370.35,East
O201707,2024-03-13,C100704,P3008,Furniture Item 8,Furniture,774.16,1,0.15,658.04,481.34,176.7,East
O201708,2024-04-04,C100925,P3007,Furniture Item 7,Furniture,469.52,6,0.0,2817.12,1750.9,1066.22,East
O201709,2024-10-02,C100715,P5008,Accessories Item 8,Accessories,497.2,1,0.2,397.76,316.18,81.58,East
O201710,2025-05-05,C100773,P4008,Consumables Item 8,Consumables,241.88,3,0.2,580.51,281.03,299.48,Central
O201711,2023-08-18,C100113,P5004,Accessories Item 4,Accessories,566.9,2,0.15,963.73,664.38,299.35,West
O201712,2025-10-12,C100886,P4003,Consumables Item 3,Consumables,171.17,1,0.0,171.17,105.96,65.21,East
O201713,2024-10-15,C100864,P1016,Office Supplies Item 16,Office Supplies,1112.6,4,0.0,4450.4,3438.93,1011.47,West
O201714,2025-06-05,C100036,P4014,Consumables Item 14,Consumables,1259.98,2,0.05,2393.96,1212.3,1181.66,East
O201715,2024-08-09,C100079,P5010,Accessories Item 10,Accessories,678.1,2,0.0,1356.2,574.72,781.48,South
O201716,2025-08-24,C100275,P5013,Accessories Item 13,Accessories,1059.89,3,0.0,3179.67,1963.59,1216.08,West
O201717,2024-09-14,C100960,P1005,Office Supplies Item 5,Office Supplies,367.17,3,0.15,936.28,569.86,366.42,West
O201718,2025-03-19,C100278,P1011,Office Supplies Item 11,Office Supplies,610.7,2,0.05,1160.33,608.81,551.52,Central
O201719,2025-10-06,C100674,P2009,Technology Item 9,Technology,2991.89,3,0.0,8975.67,7132.2,1843.47,West
O201720,2023-02-02,C100312,P4019,Consumables Item 19,Consumables,1074.49,4,0.0,4297.96,1839.03,2458.93,Central
O201721,2025-05-28,C100529,P4010,Consumables Item 10,Consumables,1234.94,1,0.05,1173.19,736.54,436.65,South
O201722,2024-05-13,C100204,P3008,Furniture Item 8,Furniture,774.16,3,0.1,2090.23,1053.66,1036.57,West
O201723,2023-06-01,C100985,P1015,Office Supplies Item 15,Office Supplies,1276.5,3,0.0,3829.5,1534.73,2294.77,West
O201724,2024-01-10,C100952,P5004,Accessories Item 4,Accessories,566.9,2,0.0,1133.8,901.53,232.27,West
O201725,2025-03-01,C100017,P2014,Technology Item 14,Technology,3038.06,2,0.05,5772.31,3420.93,2351.38,Central
O201726,2024-03-22,C100714,P3020,Furniture Item 20,Furniture,1296.14,2,0.0,2592.28,1925.74,666.54,South
O201727,2025-02-13,C100476,P4002,Consumables Item 2,Consumables,643.15,3,0.0,1929.45,1420.13,509.32,West
O201728,2024-08-12,C100511,P1002,Office Supplies Item 2,Office Supplies,357.2,4,0.0,1428.8,1035.75,393.05,East
O201729,2023-05-24,C100210,P4020,Consumables Item 20,Consumables,1460.03,1,0.0,1460.03,852.08,607.95,Central
O201730,2023-11-16,C100499,P1019,Office Supplies Item 19,Office Supplies,414.61,3,0.0,1243.83,943.28,300.55,South
O201731,2023-01-16,C100402,P5018,Accessories Item 18,Accessories,1149.97,5,0.1,5174.87,2830.18,2344.69,South
O201732,2025-01-24,C100429,P3009,Furniture Item 9,Furniture,1285.97,1,0.0,1285.97,724.46,561.51,Central
O201733,2024-12-07,C100992,P4018,Consumables Item 18,Consumables,772.22,3,0.15,1969.16,989.07,980.09,East
O201734,2023-12-15,C100078,P5008,Accessories Item 8,Accessories,497.2,4,0.1,1789.92,1036.78,753.14,Central
O201735,2023-02-14,C100568,P2008,Technology Item 8,Technology,1671.55,3,0.05,4763.92,3785.41,978.51,East
O201736,2024-05-04,C100080,P3008,Furniture Item 8,Furniture,774.16,6,0.0,4644.96,2923.06,1721.9,West
O201737,2025-02-03,C100306,P5016,Accessories Item 16,Accessories,1442.31,2,0.1,2596.16,1901.53,694.63,West
O201738,2023-01-27,C100058,P2017,Technology Item 17,Technology,3583.54,5,0.15,15230.04,7696.31,7533.73,South
O201739,2025-03-30,C100530,P4014,Consumables Item 14,Consumables,1259.98,6,0.0,7559.88,5914.61,1645.27,East
O201740,2024-04-23,C100208,P3009,Furniture Item 9,Furniture,1285.97,5,0.0,6429.85,2605.82,3824.03,Central
O201741,2023-07-03,C100511,P3008,Furniture Item 8,Furniture,774.16,3,0.0,2322.48,1793.18,529.3,East
O201742,2024-05-31,C100977,P4013,Consumables Item 13,Consumables,756.61,3,0.0,2269.83,1723.26,546.57,Central
O201743,2025-07-09,C100135,P5008,Accessories Item 8,Accessories,497.2,2,0.0,994.4,424.55,569.85,East
O201744,2024-10-17,C100844,P5020,Accessories Item 20,Accessories,75.35,1,0.0,75.35,48.37,26.98,South
O201745,2023-03-22,C100994,P2009,Technology Item 9,Technology,2991.89,4,0.0,11967.56,8546.01,3421.55,Central
O201746,2025-04-11,C100522,P3020,Furniture Item 20,Furniture,1296.14,3,0.0,3888.42,2183.44,1704.98,West
O201747,2023-10-18,C100581,P2009,Technology Item 9,Technology,2991.89,3,0.1,8078.1,3528.05,4550.05,East
O201748,2024-04-28,C100853,P3018,Furniture Item 18,Furniture,1136.61,3,0.1,3068.85,2245.66,823.19,Central
O201749,2025-05-01,C100899,P3008,Furniture Item 8,Furniture,774.16,3,0.2,1857.98,1089.89,768.09,East
O201750,2023-04-01,C100083,P2003,Technology Item 3,Technology,1102.81,1,0.0,1102.81,557.25,545.56,East
O201751,2024-08-14,C100621,P2007,Technology Item 7,Technology,1312.26,1,0.0,1312.26,562.1,750.16,Central
O201752,2025-06-15,C100044,P5015,Accessories Item 15,Accessories,191.35,2,0.1,344.43,225.97,118.46,Central
O201753,2024-12-02,C100483,P1007,Office Supplies Item 7,Office Supplies,1432.06,2,0.05,2720.91,1134.4,1586.51,East
O201754,2024-07-16,C100966,P3009,Furniture Item 9,Furniture,1285.97,6,0.0,7715.82,5527.9,2187.92,West
O201755,2024-08-17,C100910,P3014,Furniture Item 14,Furniture,668.13,1,0.0,668.13,473.24,194.89,Central
O201756,2024-01-24,C100644,P4008,Consumables Item 8,Consumables,241.88,4,0.15,822.39,435.19,387.2,South
O201757,2024-10-21,C100493,P4018,Consumables Item 18,Consumables,772.22,3,0.0,2316.66,1364.32,952.34,South
O201758,2022-12-13,C100499,P3002,Furniture Item 2,Furniture,1401.3,3,0.0,4203.9,2806.89,1397.01,West
O201759,2023-07-22,C100018,P4014,Consumables Item 14,Consumables,1259.98,1,0.0,1259.98,987.38,272.6,South
O201760,2025-08-23,C100605,P3019,Furniture Item 19,Furniture,1035.24,3,0.15,2639.86,1605.19,1034.67,West
O201761,2024-06-18,C100995,P3004,Furniture Item 4,Furniture,1197.1,4,0.0,4788.4,3824.36,964.04,East
O201762,2025-09-05,C100948,P5018,Accessories Item 18,Accessories,1149.97,3,0.05,3277.41,1737.17,1540.24,West
O201763,2025-10-18,C100294,P2006,Technology Item 6,Technology,1048.28,2,0.0,2096.56,1280.15,816.41,South
O201764,2025-08-09,C100976,P2003,Technology Item 3,Technology,1102.81,3,0.0,3308.43,1476.37,1832.06,South
O201765,2023-04-26,C100148,P4013,Consumables Item 13,Consumables,756.61,8,0.0,6052.88,3768.38,2284.5,South
O201766,2023-01-02,C100472,P1008,Office Supplies Item 8,Office Supplies,1378.19,1,0.0,1378.19,846.93,531.26,Central
O201767,2025-06-15,C100995,P3013,Furniture Item 13,Furniture,1077.46,7,0.2,6033.78,4462.13,1571.65,West
O201768,2025-07-30,C100172,P1014,Office Supplies Item 14,Office Supplies,962.37,5,0.1,4330.67,3458.56,872.11,East
O201769,2024-05-14,C100563,P4011,Consumables Item 11,Consumables,470.52,2,0.0,941.04,747.63,193.41,East
O201770,2025-06-12,C100531,P1007,Office Supplies Item 7,Office Supplies,1432.06,1,0.0,1432.06,708.18,723.88,West
O201771,2025-02-27,C100120,P1009,Office Supplies Item 9,Office Supplies,75.25,3,0.0,225.75,120.86,104.89,Central
O201772,2024-06-26,C100836,P1003,Office Supplies Item 3,Office Supplies,468.91,2,0.15,797.15,406.44,390.71,West
O201773,2024-06-28,C100737,P4018,Consumables Item 18,Consumables,772.22,1,0.0,772.22,370.57,401.65,Central
O201774,2025-02-07,C100066,P1017,Office Supplies Item 17,Office Supplies,816.15,2,0.0,1632.3,750.95,881.35,Central
O201775,2024-11-15,C100141,P3004,Furniture Item 4,Furniture,1197.1,7,0.0,8379.7,5067.18,3312.52,South
O201776,2024-05-11,C100446,P5006,Accessories Item 6,Accessories,15.68,2,0.0,31.36,23.49,7.87,East
O201777,2023-01-03,C100506,P3006,Furniture Item 6,Furniture,1126.74,2,0.0,2253.48,1433.09,820.39,Central
O201778,2025-05-30,C100189,P5010,Accessories Item 10,Accessories,678.1,4,0.0,2712.4,2031.77,680.63,West
O201779,2023-07-07,C100158,P3018,Furniture Item 18,Furniture,1136.61,4,0.0,4546.44,3563.49,982.95,East
O201780,2025-05-28,C100610,P2008,Technology Item 8,Technology,1671.55,1,0.15,1420.82,786.08,634.74,West
O201781,2023-04-06,C100670,P1014,Office Supplies Item 14,Office Supplies,962.37,2,0.15,1636.03,1201.28,434.75,East
O201782,2024-11-04,C100947,P1009,Office Supplies Item 9,Office Supplies,75.25,1,0.0,75.25,31.68,43.57,West
O201783,2025-07-12,C100246,P2006,Technology Item 6,Technology,1048.28,1,0.0,1048.28,621.03,427.25,Central
O201784,2025-10-25,C100856,P1002,Office Supplies Item 2,Office Supplies,357.2,4,0.05,1357.36,742.91,614.45,South
O201785,2024-08-23,C100944,P4015,Consumables Item 15,Consumables,978.0,4,0.05,3716.4,1791.08,1925.32,Central
O201786,2025-09-09,C100748,P5001,Accessories Item 1,Accessories,306.1,2,0.0,612.2,352.23,259.97,West
O201787,2022-12-03,C100033,P2014,Technology Item 14,Technology,3038.06,2,0.0,6076.12,3508.84,2567.28,South
O201788,2024-05-11,C100361,P1019,Office Supplies Item 19,Office Supplies,414.61,4,0.1,1492.6,1079.77,412.83,South
O201789,2023-01-12,C100753,P2019,Technology Item 19,Technology,1281.18,4,0.0,5124.72,3831.07,1293.65,Central
O201790,2025-02-02,C100330,P5002,Accessories Item 2,Accessories,19.27,3,0.0,57.81,38.32,19.49,East
O201791,2025-10-14,C100512,P1013,Office Supplies Item 13,Office Supplies,945.16,4,0.05,3591.61,2346.6,1245.01,East
O201792,2022-12-31,C100850,P1005,Office Supplies Item 5,Office Supplies,367.17,2,0.0,734.34,326.1,408.24,Central
O201793,2023-07-30,C100787,P3010,Furniture Item 10,Furniture,702.98,3,0.1,1898.05,1195.97,702.08,West
O201794,2023-07-04,C100071,P2003,Technology Item 3,Technology,1102.81,5,0.1,4962.64,2529.84,2432.8,East
O201795,2024-07-20,C100313,P5008,Accessories Item 8,Accessories,497.2,1,0.0,497.2,257.5,239.7,West
O201796,2024-10-05,C100915,P2009,Technology Item 9,Technology,2991.89,3,0.15,7629.32,3340.95,4288.37,East
O201797,2024-08-23,C100728,P4012,Consumables Item 12,Consumables,605.54,3,0.0,1816.62,1188.7,627.92,South
O201798,2023-09-06,C100079,P2006,Technology Item 6,Technology,1048.28,5,0.1,4717.26,2988.49,1728.77,South
O201799,2024-03-09,C100169,P4019,Consumables Item 19,Consumables,1074.49,3,0.05,3062.3,1494.74,1567.56,West
O201800,2023-10-04,C100810,P3017,Furniture Item 17,Furniture,715.82,5,0.0,3579.1,1808.21,1770.89,East
O201801,2024-06-01,C100983,P1001,Office Supplies Item 1,Office Supplies,53.51,3,0.0,160.53,113.85,46.68,West
O201802,2022-11-10,C100180,P2008,Technology Item 8,Technology,1671.55,2,0.0,3343.1,2397.58,945.52,East
O201803,2022-12-19,C100628,P4002,Consumables Item 2,Consumables,643.15,2,0.15,1093.36,652.99,440.37,West
O201804,2024-07-15,C100260,P3007,Furniture Item 7,Furniture,469.52,1,0.0,469.52,215.79,253.73,Central
O201805,2024-10-31,C100486,P4018,Consumables Item 18,Consumables,772.22,2,0.0,1544.44,652.12,892.32,East
O201806,2025-01-03,C100772,P5018,Accessories Item 18,Accessories,1149.97,5,0.15,4887.37,2485.66,2401.71,West
O201807,2025-06-28,C100005,P3019,Furniture Item 19,Furniture,1035.24,3,0.0,3105.72,2150.63,955.09,East
O201808,2023-03-13,C100297,P2011,Technology Item 11,Technology,4293.44,1,0.0,4293.44,2749.2,1544.24,West
O201809,2023-01-22,C100620,P4010,Consumables Item 10,Consumables,1234.94,3,0.15,3149.1,2164.2,984.9,East
O201810,2022-12-27,C100855,P3009,Furniture Item 9,Furniture,1285.97,4,0.15,4372.3,2573.97,1798.33,West
O201811,2023-11-11,C100360,P1005,Office Supplies Item 5,Office Supplies,367.17,3,0.0,1101.51,773.13,328.38,West
O201812,2023-10-15,C100117,P2011,Technology Item 11,Technology,4293.44,2,0.0,8586.88,5086.2,3500.68,South
O201813,2023-07-29,C100357,P2017,Technology Item 17,Technology,3583.54,4,0.2,11467.33,4972.3,6495.03,West
O201814,2023-02-19,C100957,P4019,Consumables Item 19,Consumables,1074.49,4,0.0,4297.96,1856.48,2441.48,Central
O201815,2025-03-18,C100843,P1015,Office Supplies Item 15,Office Supplies,1276.5,4,0.0,5106.0,3740.66,1365.34,South
O201816,2025-04-05,C100439,P3012,Furniture Item 12,Furniture,806.55,2,0.0,1613.1,1051.5,561.6,Central
O201817,2023-01-15,C100331,P4009,Consumables Item 9,Consumables,98.0,3,0.0,294.0,150.43,143.57,West
O201818,2023-09-25,C100525,P5012,Accessories Item 12,Accessories,531.07,2,0.0,1062.14,746.55,315.59,East
O201819,2023-03-02,C100654,P5017,Accessories Item 17,Accessories,955.69,1,0.05,907.91,412.46,495.45,South
O201820,2022-12-11,C100188,P1011,Office Supplies Item 11,Office Supplies,610.7,1,0.0,610.7,401.9,208.8,Central
O201821,2025-05-10,C100968,P3003,Furniture Item 3,Furniture,200.93,4,0.15,683.16,543.65,139.51,East
O201822,2024-08-03,C100281,P4010,Consumables Item 10,Consumables,1234.94,5,0.0,6174.7,2840.41,3334.29,East
O201823,2025-09-12,C100511,P2003,Technology Item 3,Technology,1102.81,5,0.0,5514.05,2518.7,2995.35,West
O201824,2023-08-06,C100466,P2020,Technology Item 20,Technology,2640.06,3,0.0,7920.18,4650.21,3269.97,East
O201825,2024-12-02,C100115,P4003,Consumables Item 3,Consumables,171.17,2,0.1,308.11,202.45,105.66,Central
O201826,2024-02-12,C100940,P1002,Office Supplies Item 2,Office Supplies,357.2,3,0.0,1071.6,440.02,631.58,East
O201827,2022-11-09,C100236,P4019,Consumables Item 19,Consumables,1074.49,3,0.0,3223.47,1933.66,1289.81,West
O201828,2022-11-13,C100338,P5007,Accessories Item 7,Accessories,687.81,1,0.2,550.25,238.41,311.84,East
O201829,2025-05-12,C100522,P5006,Accessories Item 6,Accessories,15.68,4,0.2,50.18,24.92,25.26,West
O201830,2025-05-11,C100199,P4013,Consumables Item 13,Consumables,756.61,2,0.0,1513.22,1036.49,476.73,East
O201831,2025-10-11,C100764,P3007,Furniture Item 7,Furniture,469.52,2,0.0,939.04,653.15,285.89,Central
O201832,2025-10-10,C100050,P2010,Technology Item 10,Technology,545.3,2,0.05,1036.07,716.85,319.22,South
O201833,2024-08-14,C100940,P1016,Office Supplies Item 16,Office Supplies,1112.6,3,0.05,3170.91,1350.99,1819.92,South
O201834,2024-07-13,C100142,P3019,Furniture Item 19,Furniture,1035.24,3,0.15,2639.86,1886.72,753.14,East
O201835,2023-05-15,C100783,P3007,Furniture Item 7,Furniture,469.52,3,0.0,1408.56,806.94,601.62,West
O201836,2023-12-22,C100528,P2010,Technology Item 10,Technology,545.3,3,0.0,1635.9,965.38,670.52,West
O201837,2024-08-25,C100514,P1009,Office Supplies Item 9,Office Supplies,75.25,2,0.05,142.98,81.19,61.79,South
O201838,2023-03-28,C100670,P4005,Consumables Item 5,Consumables,1091.68,4,0.0,4366.72,3243.64,1123.08,Central
O201839,2025-07-28,C100030,P3019,Furniture Item 19,Furniture,1035.24,3,0.05,2950.43,1982.65,967.78,East
O201840,2023-10-30,C100082,P4004,Consumables Item 4,Consumables,50.47,1,0.15,42.9,25.74,17.16,East
O201841,2023-12-07,C100031,P1008,Office Supplies Item 8,Office Supplies,1378.19,1,0.0,1378.19,1011.2,366.99,Central
O201842,2024-06-28,C100748,P3012,Furniture Item 12,Furniture,806.55,4,0.0,3226.2,2329.79,896.41,East
O201843,2023-06-17,C100333,P1018,Office Supplies Item 18,Office Supplies,982.11,2,0.0,1964.22,789.65,1174.57,South
O201844,2024-04-20,C100660,P5011,Accessories Item 11,Accessories,385.85,3,0.0,1157.55,684.75,472.8,South
O201845,2023-07-26,C100177,P5002,Accessories Item 2,Accessories,19.27,3,0.0,57.81,24.1,33.71,Central
O201846,2025-08-31,C100370,P5016,Accessories Item 16,Accessories,1442.31,2,0.2,2307.7,1206.64,1101.06,East
O201847,2023-03-06,C100547,P3018,Furniture Item 18,Furniture,1136.61,4,0.0,4546.44,3280.42,1266.02,West
O201848,2023-09-02,C100535,P3009,Furniture Item 9,Furniture,1285.97,2,0.0,2571.94,1999.99,571.95,West
O201849,2024-07-20,C100106,P2012,Technology Item 12,Technology,3897.09,3,0.0,11691.27,5808.53,5882.74,Central
O201850,2024-09-19,C100097,P3008,Furniture Item 8,Furniture,774.16,6,0.0,4644.96,1897.79,2747.17,East
O201851,2025-09-03,C100230,P3005,Furniture Item 5,Furniture,764.38,4,0.0,3057.52,1715.07,1342.45,West
O201852,2023-08-08,C100227,P3014,Furniture Item 14,Furniture,668.13,5,0.05,3173.62,1694.86,1478.76,East
O201853,2024-01-17,C100371,P5020,Accessories Item 20,Accessories,75.35,5,0.05,357.91,240.08,117.83,West
O201854,2025-02-14,C100100,P5020,Accessories Item 20,Accessories,75.35,2,0.0,150.7,90.12,60.58,South
O201855,2023-11-24,C100445,P5005,Accessories Item 5,Accessories,1231.71,1,0.0,1231.71,689.19,542.52,South
O201856,2024-07-09,C100468,P3006,Furniture Item 6,Furniture,1126.74,3,0.0,3380.22,1662.47,1717.75,Central
O201857,2023-03-27,C100055,P5016,Accessories Item 16,Accessories,1442.31,3,0.0,4326.93,3164.68,1162.25,South
O201858,2024-04-04,C100195,P2011,Technology Item 11,Technology,4293.44,1,0.0,4293.44,2143.95,2149.49,East
O201859,2024-07-22,C100520,P2017,Technology Item 17,Technology,3583.54,4,0.1,12900.74,5442.74,7458.0,Central
O201860,2024-01-08,C100424,P1016,Office Supplies Item 16,Office Supplies,1112.6,3,0.1,3004.02,1880.05,1123.97,West
O201861,2023-03-24,C100315,P3006,Furniture Item 6,Furniture,1126.74,3,0.2,2704.18,1424.94,1279.24,West
O201862,2023-08-16,C100128,P3006,Furniture Item 6,Furniture,1126.74,3,0.05,3211.21,2199.6,1011.61,West
O201863,2022-11-14,C100032,P4018,Consumables Item 18,Consumables,772.22,3,0.0,2316.66,1001.6,1315.06,South
O201864,2023-07-15,C100093,P5008,Accessories Item 8,Accessories,497.2,2,0.0,994.4,782.12,212.28,West
O201865,2025-03-07,C100519,P5009,Accessories Item 9,Accessories,83.46,3,0.0,250.38,118.87,131.51,Central
O201866,2025-05-31,C100258,P4001,Consumables Item 1,Consumables,1495.23,2,0.05,2840.94,1542.13,1298.81,Central
O201867,2024-02-07,C100853,P3006,Furniture Item 6,Furniture,1126.74,2,0.0,2253.48,1334.92,918.56,East
O201868,2023-07-28,C100902,P3011,Furniture Item 11,Furniture,542.78,1,0.1,488.5,369.33,119.17,East
O201869,2024-07-15,C100220,P4002,Consumables Item 2,Consumables,643.15,6,0.0,3858.9,2658.85,1200.05,South
O201870,2023-01-11,C100752,P2015,Technology Item 15,Technology,89.72,3,0.2,215.33,98.61,116.72,West
O201871,2023-01-13,C100106,P5001,Accessories Item 1,Accessories,306.1,5,0.0,1530.5,880.72,649.78,South
O201872,2023-10-21,C100548,P3002,Furniture Item 2,Furniture,1401.3,2,0.0,2802.6,1729.67,1072.93,East
O201873,2024-03-11,C100416,P3005,Furniture Item 5,Furniture,764.38,3,0.15,1949.17,1327.09,622.08,South
O201874,2025-07-15,C100557,P4008,Consumables Item 8,Consumables,241.88,4,0.0,967.52,608.3,359.22,South
O201875,2024-06-02,C100810,P4015,Consumables Item 15,Consumables,978.0,3,0.15,2493.9,1453.78,1040.12,West
O201876,2025-04-28,C100309,P3007,Furniture Item 7,Furniture,469.52,2,0.0,939.04,663.17,275.87,West
O201877,2023-11-08,C100366,P4019,Consumables Item 19,Consumables,1074.49,5,0.05,5103.83,2813.35,2290.48,West
O201878,2023-10-28,C100521,P2010,Technology Item 10,Technology,545.3,2,0.0,1090.6,866.88,223.72,East
O201879,2023-02-01,C100459,P2004,Technology Item 4,Technology,1323.25,2,0.0,2646.5,2061.92,584.58,Central
O201880,2023-09-20,C100599,P4006,Consumables Item 6,Consumables,1311.65,4,0.05,4984.27,3404.02,1580.25,East
O201881,2023-11-19,C100370,P3003,Furniture Item 3,Furniture,200.93,2,0.0,401.86,302.62,99.24,South
O201882,2024-05-28,C100331,P2014,Technology Item 14,Technology,3038.06,3,0.0,9114.18,5079.06,4035.12,South
O201883,2024-11-05,C100689,P2003,Technology Item 3,Technology,1102.81,3,0.1,2977.59,1883.59,1094.0,Central
O201884,2024-11-06,C100642,P4001,Consumables Item 1,Consumables,1495.23,1,0.15,1270.95,646.99,623.96,East
O201885,2023-10-12,C100707,P5015,Accessories Item 15,Accessories,191.35,5,0.0,956.75,721.63,235.12,East
O201886,2024-10-19,C100011,P2017,Technology Item 17,Technology,3583.54,2,0.0,7167.08,4217.18,2949.9,South
O201887,2024-12-20,C100818,P1013,Office Supplies Item 13,Office Supplies,945.16,2,0.05,1795.8,1103.44,692.36,South
O201888,2025-08-16,C100507,P5017,Accessories Item 17,Accessories,955.69,2,0.1,1720.24,1283.0,437.24,West
O201889,2024-08-25,C100419,P4011,Consumables Item 11,Consumables,470.52,3,0.2,1129.25,811.83,317.42,West
O201890,2024-06-22,C100122,P5016,Accessories Item 16,Accessories,1442.31,4,0.0,5769.24,3050.18,2719.06,West
O201891,2022-11-11,C100911,P1007,Office Supplies Item 7,Office Supplies,1432.06,2,0.0,2864.12,1245.81,1618.31,South
O201892,2023-05-06,C100235,P3002,Furniture Item 2,Furniture,1401.3,2,0.0,2802.6,1302.75,1499.85,Central
O201893,2024-10-26,C100331,P2018,Technology Item 18,Technology,362.51,2,0.0,725.02,388.35,336.67,East
O201894,2025-09-04,C100543,P3012,Furniture Item 12,Furniture,806.55,2,0.0,1613.1,842.23,770.87,Central
O201895,2024-12-17,C100348,P3004,Furniture Item 4,Furniture,1197.1,2,0.0,2394.2,994.37,1399.83,East
O201896,2023-12-16,C100958,P4004,Consumables Item 4,Consumables,50.47,7,0.0,353.29,202.37,150.92,Central
O201897,2025-06-13,C100412,P1013,Office Supplies Item 13,Office Supplies,945.16,2,0.0,1890.32,836.16,1054.16,Central
O201898,2024-06-07,C100224,P5008,Accessories Item 8,Accessories,497.2,5,0.15,2113.1,1031.94,1081.16,South
O201899,2025-10-11,C100153,P2008,Technology Item 8,Technology,1671.55,4,0.05,6351.89,4541.56,1810.33,Central
O201900,2025-09-17,C100212,P5016,Accessories Item 16,Accessories,1442.31,4,0.0,5769.24,3449.73,2319.51,East
O201901,2024-05-30,C100092,P5002,Accessories Item 2,Accessories,19.27,3,0.15,49.14,26.99,22.15,Central
O201902,2025-09-06,C100921,P5018,Accessories Item 18,Accessories,1149.97,2,0.2,1839.95,872.46,967.49,South
O201903,2025-07-16,C100331,P5018,Accessories Item 18,Accessories,1149.97,2,0.0,2299.94,1716.93,583.01,Central
O201904,2024-11-12,C100467,P1001,Office Supplies Item 1,Office Supplies,53.51,3,0.0,160.53,122.24,38.29,East
O201905,2023-05-23,C100860,P3003,Furniture Item 3,Furniture,200.93,4,0.0,803.72,488.24,315.48,East
O201906,2025-10-12,C100641,P3002,Furniture Item 2,Furniture,1401.3,1,0.0,1401.3,1076.91,324.39,East
O201907,2025-07-01,C100955,P5015,Accessories Item 15,Accessories,191.35,1,0.0,191.35,112.11,79.24,East
O201908,2025-05-28,C100709,P3010,Furniture Item 10,Furniture,702.98,4,0.0,2811.92,1245.39,1566.53,East
O201909,2025-10-13,C100970,P3020,Furniture Item 20,Furniture,1296.14,4,0.0,5184.56,2109.16,3075.4,East
O201910,2025-09-20,C100554,P1001,Office Supplies Item 1,Office Supplies,53.51,2,0.0,107.02,48.3,58.72,South
O201911,2025-10-17,C100878,P3011,Furniture Item 11,Furniture,542.78,3,0.0,1628.34,1056.89,571.45,Central
O201912,2023-02-13,C100930,P1016,Office Supplies Item 16,Office Supplies,1112.6,3,0.0,3337.8,1763.57,1574.23,West
O201913,2023-07-11,C100228,P2019,Technology Item 19,Technology,1281.18,4,0.0,5124.72,3378.85,1745.87,East
O201914,2023-08-22,C100194,P1015,Office Supplies Item 15,Office Supplies,1276.5,1,0.0,1276.5,769.97,506.53,South
O201915,2024-08-29,C100530,P2013,Technology Item 13,Technology,2603.81,2,0.0,5207.62,2776.73,2430.89,West
O201916,2024-05-02,C100845,P5007,Accessories Item 7,Accessories,687.81,3,0.1,1857.09,905.28,951.81,South
O201917,2024-07-23,C100243,P3013,Furniture Item 13,Furniture,1077.46,4,0.05,4094.35,1770.47,2323.88,Central
O201918,2025-10-26,C100389,P5018,Accessories Item 18,Accessories,1149.97,3,0.0,3449.91,2459.64,990.27,East
O201919,2023-08-26,C100276,P1017,Office Supplies Item 17,Office Supplies,816.15,5,0.15,3468.64,2523.79,944.85,South
O201920,2023-02-09,C100450,P5009,Accessories Item 9,Accessories,83.46,2,0.1,150.23,92.63,57.6,West
O201921,2025-10-15,C100639,P1006,Office Supplies Item 6,Office Supplies,309.21,2,0.0,618.42,286.23,332.19,West
O201922,2023-09-28,C100587,P2011,Technology Item 11,Technology,4293.44,2,0.0,8586.88,4339.91,4246.97,Central
O201923,2025-02-13,C100574,P4009,Consumables Item 9,Consumables,98.0,4,0.0,392.0,306.57,85.43,Central
O201924,2023-11-28,C100478,P2020,Technology Item 20,Technology,2640.06,3,0.0,7920.18,3883.87,4036.31,Central
O201925,2025-03-23,C100480,P2010,Technology Item 10,Technology,545.3,6,0.0,3271.8,1383.06,1888.74,Central
O201926,2023-11-16,C100288,P4009,Consumables Item 9,Consumables,98.0,4,0.0,392.0,243.05,148.95,Central
O201927,2023-01-31,C100698,P4016,Consumables Item 16,Consumables,924.52,2,0.1,1664.14,840.0,824.14,Central
O201928,2024-01-21,C100690,P1007,Office Supplies Item 7,Office Supplies,1432.06,5,0.0,7160.3,5606.33,1553.97,South
O201929,2023-02-17,C100678,P1013,Office Supplies Item 13,Office Supplies,945.16,2,0.0,1890.32,1190.73,699.59,Central
O201930,2023-09-13,C100695,P1004,Office Supplies Item 4,Office Supplies,601.69,2,0.0,1203.38,946.25,257.13,East
O201931,2024-01-16,C100540,P3010,Furniture Item 10,Furniture,702.98,2,0.15,1195.07,853.56,341.51,Central
O201932,2023-06-06,C100330,P1003,Office Supplies Item 3,Office Supplies,468.91,1,0.0,468.91,323.19,145.72,East
O201933,2024-09-03,C100470,P1012,Office Supplies Item 12,Office Supplies,362.33,2,0.0,724.66,530.56,194.1,East
O201934,2023-08-05,C100759,P4005,Consumables Item 5,Consumables,1091.68,4,0.0,4366.72,2803.23,1563.49,East
O201935,2025-08-05,C100849,P2007,Technology Item 7,Technology,1312.26,7,0.0,9185.82,3715.19,5470.63,East
O201936,2024-05-22,C100534,P3010,Furniture Item 10,Furniture,702.98,5,0.0,3514.9,1957.75,1557.15,East
O201937,2025-08-06,C100939,P4017,Consumables Item 17,Consumables,267.63,5,0.1,1204.34,587.24,617.1,East
O201938,2025-03-24,C100467,P1017,Office Supplies Item 17,Office Supplies,816.15,3,0.0,2448.45,1404.74,1043.71,Central
O201939,2024-02-09,C100977,P4012,Consumables Item 12,Consumables,605.54,3,0.0,1816.62,1068.57,748.05,East
O201940,2025-02-16,C100984,P2012,Technology Item 12,Technology,3897.09,2,0.0,7794.18,3516.21,4277.97,East
O201941,2024-11-23,C100420,P5004,Accessories Item 4,Accessories,566.9,3,0.15,1445.59,591.78,853.81,South
O201942,2025-02-15,C100608,P3011,Furniture Item 11,Furniture,542.78,2,0.0,1085.56,494.23,591.33,South
O201943,2022-11-30,C100122,P1017,Office Supplies Item 17,Office Supplies,816.15,4,0.1,2938.14,2182.95,755.19,West
O201944,2023-10-25,C100762,P2014,Technology Item 14,Technology,3038.06,3,0.0,9114.18,6401.27,2712.91,South
O201945,2023-01-25,C100891,P2015,Technology Item 15,Technology,89.72,3,0.0,269.16,193.68,75.48,Central
O201946,2024-11-16,C100308,P5019,Accessories Item 19,Accessories,123.42,5,0.1,555.39,283.54,271.85,East
O201947,2023-09-09,C100932,P2004,Technology Item 4,Technology,1323.25,4,0.0,5293.0,2617.07,2675.93,Central
O201948,2023-10-31,C100924,P3014,Furniture Item 14,Furniture,668.13,2,0.0,1336.26,554.48,781.78,South
O201949,2025-04-23,C100334,P1018,Office Supplies Item 18,Office Supplies,982.11,3,0.0,2946.33,1735.12,1211.21,Central
O201950,2024-09-28,C100954,P3010,Furniture Item 10,Furniture,702.98,4,0.0,2811.92,1554.89,1257.03,East
O201951,2023-03-11,C100420,P3006,Furniture Item 6,Furniture,1126.74,6,0.0,6760.44,4964.56,1795.88,East
O201952,2025-01-11,C100326,P3008,Furniture Item 8,Furniture,774.16,3,0.0,2322.48,1562.44,760.04,East
O201953,2024-12-28,C100649,P2013,Technology Item 13,Technology,2603.81,2,0.0,5207.62,2383.6,2824.02,West
O201954,2023-10-17,C100789,P5007,Accessories Item 7,Accessories,687.81,2,0.0,1375.62,1093.43,282.19,West
O201955,2023-04-29,C100832,P5009,Accessories Item 9,Accessories,83.46,3,0.0,250.38,177.33,73.05,West
O201956,2024-12-13,C100844,P2007,Technology Item 7,Technology,1312.26,1,0.0,1312.26,902.96,409.3,West
O201957,2024-03-24,C100573,P1001,Office Supplies Item 1,Office Supplies,53.51,3,0.05,152.5,74.21,78.29,West
O201958,2023-10-31,C100250,P5005,Accessories Item 5,Accessories,1231.71,4,0.0,4926.84,3754.56,1172.28,West
O201959,2025-07-08,C100990,P3019,Furniture Item 19,Furniture,1035.24,2,0.05,1966.96,1159.66,807.3,East
O201960,2023-10-19,C100095,P1010,Office Supplies Item 10,Office Supplies,511.53,2,0.0,1023.06,531.03,492.03,West
O201961,2025-01-08,C100296,P5015,Accessories Item 15,Accessories,191.35,1,0.0,191.35,126.66,64.69,South
O201962,2023-12-17,C100184,P2005,Technology Item 5,Technology,4160.53,1,0.05,3952.5,1915.78,2036.72,Central
O201963,2024-11-04,C100260,P5004,Accessories Item 4,Accessories,566.9,3,0.0,1700.7,1297.68,403.02,West
O201964,2025-07-08,C100799,P3017,Furniture Item 17,Furniture,715.82,3,0.0,2147.46,1592.85,554.61,East
O201965,2023-02-26,C100667,P4006,Consumables Item 6,Consumables,1311.65,1,0.0,1311.65,768.58,543.07,East
O201966,2024-02-25,C100186,P1015,Office Supplies Item 15,Office Supplies,1276.5,3,0.0,3829.5,1823.85,2005.65,Central
O201967,2023-05-11,C100409,P2008,Technology Item 8,Technology,1671.55,6,0.0,10029.3,6003.56,4025.74,West
O201968,2024-06-13,C100069,P1013,Office Supplies Item 13,Office Supplies,945.16,4,0.0,3780.64,1737.79,2042.85,East
O201969,2024-06-12,C100838,P1014,Office Supplies Item 14,Office Supplies,962.37,4,0.0,3849.48,1955.3,1894.18,East
O201970,2024-08-20,C100773,P4006,Consumables Item 6,Consumables,1311.65,6,0.05,7476.4,4434.2,3042.2,West
O201971,2023-02-15,C100627,P2014,Technology Item 14,Technology,3038.06,3,0.0,9114.18,3722.74,5391.44,East
O201972,2023-11-17,C100859,P5019,Accessories Item 19,Accessories,123.42,6,0.0,740.52,523.02,217.5,South
O201973,2024-12-22,C100008,P2005,Technology Item 5,Technology,4160.53,2,0.15,7072.9,3386.26,3686.64,East
O201974,2023-11-25,C100265,P3014,Furniture Item 14,Furniture,668.13,3,0.0,2004.39,1496.57,507.82,South
O201975,2023-07-02,C100783,P4019,Consumables Item 19,Consumables,1074.49,4,0.0,4297.96,1757.45,2540.51,Central
O201976,2024-06-07,C100484,P1012,Office Supplies Item 12,Office Supplies,362.33,1,0.1,326.1,199.85,126.25,West
O201977,2025-03-18,C100761,P1009,Office Supplies Item 9,Office Supplies,75.25,3,0.0,225.75,160.43,65.32,West
O201978,2024-02-11,C100617,P2011,Technology Item 11,Technology,4293.44,3,0.15,10948.27,5421.36,5526.91,West
O201979,2025-03-15,C100775,P4018,Consumables Item 18,Consumables,772.22,4,0.0,3088.88,2109.77,979.11,Central
O201980,2025-05-22,C100736,P5013,Accessories Item 13,Accessories,1059.89,5,0.0,5299.45,3647.86,1651.59,East
O201981,2024-06-26,C100840,P3013,Furniture Item 13,Furniture,1077.46,6,0.0,6464.76,4235.31,2229.45,East
O201982,2025-08-11,C100371,P3003,Furniture Item 3,Furniture,200.93,3,0.0,602.79,328.94,273.85,West
O201983,2025-03-09,C100783,P2018,Technology Item 18,Technology,362.51,2,0.15,616.27,440.03,176.24,East
O201984,2022-11-13,C100677,P3002,Furniture Item 2,Furniture,1401.3,4,0.1,5044.68,3285.97,1758.71,East
O201985,2023-08-26,C100083,P4012,Consumables Item 12,Consumables,605.54,4,0.05,2301.05,1463.83,837.22,South
O201986,2025-10-10,C100807,P3008,Furniture Item 8,Furniture,774.16,4,0.0,3096.64,2253.32,843.32,South
O201987,2024-12-26,C100646,P4007,Consumables Item 7,Consumables,334.97,5,0.1,1507.37,750.45,756.92,South
O201988,2023-03-29,C100211,P4006,Consumables Item 6,Consumables,1311.65,3,0.1,3541.46,1745.92,1795.54,West
O201989,2023-03-02,C100313,P1016,Office Supplies Item 16,Office Supplies,1112.6,3,0.0,3337.8,1851.07,1486.73,East
O201990,2024-04-21,C100604,P5003,Accessories Item 3,Accessories,117.58,1,0.1,105.82,45.42,60.4,East
O201991,2023-11-11,C100337,P5014,Accessories Item 14,Accessories,784.72,3,0.15,2001.04,1070.47,930.57,South
O201992,2023-01-21,C100490,P1016,Office Supplies Item 16,Office Supplies,1112.6,2,0.05,2113.94,1189.11,924.83,South
O201993,2024-03-06,C100403,P2011,Technology Item 11,Technology,4293.44,4,0.0,17173.76,10270.31,6903.45,West
O201994,2023-10-22,C100639,P3018,Furniture Item 18,Furniture,1136.61,3,0.2,2727.86,1368.31,1359.55,Central
O201995,2025-05-13,C100191,P2008,Technology Item 8,Technology,1671.55,4,0.0,6686.2,5099.81,1586.39,South
O201996,2025-10-03,C100671,P1004,Office Supplies Item 4,Office Supplies,601.69,5,0.05,2858.03,1469.12,1388.91,Central
O201997,2025-08-01,C100843,P1010,Office Supplies Item 10,Office Supplies,511.53,2,0.0,1023.06,757.7,265.36,South
O201998,2023-03-03,C100335,P3011,Furniture Item 11,Furniture,542.78,3,0.15,1384.09,799.98,584.11,East
O201999,2024-10-08,C100522,P1018,Office Supplies Item 18,Office Supplies,982.11,3,0.0,2946.33,2024.9,921.43,West
O202000,2023-09-26,C100619,P3007,Furniture Item 7,Furniture,469.52,2,0.0,939.04,417.27,521.77,Central
O202001,2025-07-18,C100087,P2012,Technology Item 12,Technology,3897.09,4,0.0,15588.36,9631.34,5957.02,Central
O202002,2023-09-19,C100579,P2010,Technology Item 10,Technology,545.3,4,0.0,2181.2,1710.78,470.42,South
O202003,2024-12-09,C100062,P2016,Technology Item 16,Technology,1535.17,3,0.15,3914.68,2609.14,1305.54,South
O202004,2024-01-07,C100387,P1009,Office Supplies Item 9,Office Supplies,75.25,2,0.15,127.92,93.14,34.78,East
O202005,2024-10-10,C100146,P2016,Technology Item 16,Technology,1535.17,4,0.0,6140.68,3097.53,3043.15,East
O202006,2025-01-02,C100153,P2009,Technology Item 9,Technology,2991.89,5,0.0,14959.45,10771.81,4187.64,Central
O202007,2024-10-12,C100619,P1016,Office Supplies Item 16,Office Supplies,1112.6,3,0.0,3337.8,1804.09,1533.71,East
O202008,2024-04-22,C100660,P5012,Accessories Item 12,Accessories,531.07,4,0.0,2124.28,1261.89,862.39,East
O202009,2024-06-23,C100698,P2001,Technology Item 1,Technology,2209.18,1,0.1,1988.26,944.79,1043.47,Central
O202010,2023-07-15,C100349,P4004,Consumables Item 4,Consumables,50.47,3,0.05,143.84,85.48,58.36,West
O202011,2025-03-20,C100854,P4006,Consumables Item 6,Consumables,1311.65,3,0.0,3934.95,2385.68,1549.27,South
O202012,2025-04-17,C100178,P3019,Furniture Item 19,Furniture,1035.24,3,0.0,3105.72,2015.4,1090.32,West
O202013,2025-01-17,C100889,P5019,Accessories Item 19,Accessories,123.42,2,0.05,234.5,175.28,59.22,West
O202014,2024-09-07,C100847,P2008,Technology Item 8,Technology,1671.55,2,0.0,3343.1,1744.9,1598.2,East
O202015,2023-07-29,C100487,P3015,Furniture Item 15,Furniture,1408.62,4,0.0,5634.48,4471.83,1162.65,Central
O202016,2024-05-03,C100778,P5020,Accessories Item 20,Accessories,75.35,3,0.0,226.05,167.07,58.98,Central
O202017,2024-05-21,C100661,P2011,Technology Item 11,Technology,4293.44,2,0.0,8586.88,4818.69,3768.19,East
O202018,2025-07-13,C100247,P2013,Technology Item 13,Technology,2603.81,2,0.0,5207.62,2555.2,2652.42,East
O202019,2023-10-25,C100254,P5007,Accessories Item 7,Accessories,687.81,1,0.15,584.64,250.58,334.06,East
O202020,2025-01-06,C100500,P3020,Furniture Item 20,Furniture,1296.14,2,0.0,2592.28,1279.93,1312.35,Central
O202021,2025-04-05,C100541,P3001,Furniture Item 1,Furniture,388.34,4,0.1,1398.02,1053.84,344.18,East
O202022,2023-05-30,C100352,P5001,Accessories Item 1,Accessories,306.1,3,0.0,918.3,474.59,443.71,East
O202023,2023-08-14,C100512,P3006,Furniture Item 6,Furniture,1126.74,1,0.05,1070.4,487.24,583.16,East
O202024,2024-11-12,C100778,P3009,Furniture Item 9,Furniture,1285.97,2,0.0,2571.94,1052.1,1519.84,South
O202025,2025-09-12,C100013,P4005,Consumables Item 5,Consumables,1091.68,4,0.0,4366.72,2266.64,2100.08,East
O202026,2023-08-23,C100559,P3002,Furniture Item 2,Furniture,1401.3,2,0.0,2802.6,1363.36,1439.24,East
O202027,2022-11-06,C100151,P2003,Technology Item 3,Technology,1102.81,5,0.05,5238.35,2309.49,2928.86,East
O202028,2024-05-03,C100050,P2007,Technology Item 7,Technology,1312.26,3,0.05,3739.94,2918.78,821.16,West
O202029,2024-09-11,C100215,P5009,Accessories Item 9,Accessories,83.46,4,0.15,283.76,143.88,139.88,Central
O202030,2025-01-03,C100991,P2012,Technology Item 12,Technology,3897.09,2,0.0,7794.18,3136.93,4657.25,West
O202031,2023-05-22,C100644,P5003,Accessories Item 3,Accessories,117.58,3,0.0,352.74,274.33,78.41,West
O202032,2023-09-21,C100372,P5008,Accessories Item 8,Accessories,497.2,3,0.0,1491.6,941.8,549.8,South
O202033,2025-02-02,C100113,P1003,Office Supplies Item 3,Office Supplies,468.91,1,0.0,468.91,203.1,265.81,Central
O202034,2023-07-02,C100252,P3020,Furniture Item 20,Furniture,1296.14,5,0.0,6480.7,2673.73,3806.97,West
O202035,2023-09-23,C100963,P4016,Consumables Item 16,Consumables,924.52,4,0.1,3328.27,1474.89,1853.38,East
O202036,2025-07-14,C100341,P5019,Accessories Item 19,Accessories,123.42,4,0.0,493.68,314.27,179.41,Central
O202037,2025-10-06,C100053,P4019,Consumables Item 19,Consumables,1074.49,2,0.1,1934.08,821.5,1112.58,Central
O202038,2024-11-30,C100130,P1017,Office Supplies Item 17,Office Supplies,816.15,3,0.0,2448.45,1535.81,912.64,South
O202039,2025-09-02,C100836,P2012,Technology Item 12,Technology,3897.09,4,0.0,15588.36,10304.16,5284.2,South
O202040,2025-04-25,C100193,P1007,Office Supplies Item 7,Office Supplies,1432.06,4,0.0,5728.24,2629.44,3098.8,Central
O202041,2023-10-31,C100591,P5003,Accessories Item 3,Accessories,117.58,3,0.0,352.74,210.01,142.73,East
O202042,2023-01-12,C100057,P4011,Consumables Item 11,Consumables,470.52,3,0.15,1199.83,942.53,257.3,East
O202043,2025-10-05,C100097,P4009,Consumables Item 9,Consumables,98.0,2,0.1,176.4,129.58,46.82,South
O202044,2023-08-01,C100198,P3018,Furniture Item 18,Furniture,1136.61,4,0.05,4319.12,2977.37,1341.75,Central
O202045,2023-05-27,C100647,P2020,Technology Item 20,Technology,2640.06,3,0.2,6336.14,3846.63,2489.51,Central
O202046,2023-03-04,C100147,P5005,Accessories Item 5,Accessories,1231.71,3,0.0,3695.13,2060.81,1634.32,Central
O202047,2025-08-30,C100684,P3008,Furniture Item 8,Furniture,774.16,4,0.0,3096.64,1797.83,1298.81,West
O202048,2024-04-26,C100575,P3011,Furniture Item 11,Furniture,542.78,2,0.1,977.0,689.61,287.39,Central
O202049,2022-12-30,C100577,P3017,Furniture Item 17,Furniture,715.82,4,0.0,2863.28,1780.16,1083.12,East
O202050,2025-04-17,C100295,P4011,Consumables Item 11,Consumables,470.52,1,0.0,470.52,332.12,138.4,West
O202051,2025-04-04,C100723,P2017,Technology Item 17,Technology,3583.54,4,0.0,14334.16,11294.59,3039.57,East
O202052,2024-12-21,C100621,P5007,Accessories Item 7,Accessories,687.81,4,0.0,2751.24,1805.38,945.86,Central
O202053,2024-01-16,C100794,P4015,Consumables Item 15,Consumables,978.0,4,0.05,3716.4,2383.11,1333.29,West
O202054,2025-04-29,C100684,P4014,Consumables Item 14,Consumables,1259.98,4,0.0,5039.92,2834.78,2205.14,Central
O202055,2025-08-22,C100012,P5005,Accessories Item 5,Accessories,1231.71,4,0.0,4926.84,2358.49,2568.35,South
O202056,2025-02-09,C100918,P3015,Furniture Item 15,Furniture,1408.62,3,0.0,4225.86,2322.87,1902.99,Central
O202057,2025-08-04,C100333,P3001,Furniture Item 1,Furniture,388.34,1,0.0,388.34,236.13,152.21,West
O202058,2024-07-18,C100220,P5017,Accessories Item 17,Accessories,955.69,5,0.15,4061.68,1681.3,2380.38,East
O202059,2025-07-25,C100398,P1020,Office Supplies Item 20,Office Supplies,891.62,3,0.0,2674.86,1579.03,1095.83,East
O202060,2024-11-03,C100342,P2013,Technology Item 13,Technology,2603.81,4,0.0,10415.24,7757.89,2657.35,South
O202061,2023-01-30,C100798,P2020,Technology Item 20,Technology,2640.06,3,0.0,7920.18,6262.09,1658.09,Central
O202062,2023-04-16,C100512,P5019,Accessories Item 19,Accessories,123.42,1,0.0,123.42,91.6,31.82,West
O202063,2025-06-16,C100172,P2014,Technology Item 14,Technology,3038.06,4,0.0,12152.24,5696.88,6455.36,East
O202064,2023-05-26,C100468,P4002,Consumables Item 2,Consumables,643.15,3,0.05,1832.98,846.85,986.13,Central
O202065,2025-10-24,C100748,P5020,Accessories Item 20,Accessories,75.35,3,0.0,226.05,125.98,100.07,West
O202066,2024-03-30,C100987,P5011,Accessories Item 11,Accessories,385.85,2,0.0,771.7,378.27,393.43,West
O202067,2024-11-16,C100166,P1019,Office Supplies Item 19,Office Supplies,414.61,3,0.05,1181.64,792.17,389.47,East
O202068,2023-09-02,C100699,P3003,Furniture Item 3,Furniture,200.93,5,0.05,954.42,414.05,540.37,East
O202069,2023-11-30,C100170,P4009,Consumables Item 9,Consumables,98.0,3,0.0,294.0,169.78,124.22,East
O202070,2023-05-06,C100564,P4003,Consumables Item 3,Consumables,171.17,1,0.0,171.17,87.66,83.51,Central
O202071,2024-07-15,C100512,P5013,Accessories Item 13,Accessories,1059.89,2,0.0,2119.78,1352.76,767.02,East
O202072,2024-10-30,C100831,P1010,Office Supplies Item 10,Office Supplies,511.53,2,0.0,1023.06,735.4,287.66,East
O202073,2023-06-28,C100189,P1013,Office Supplies Item 13,Office Supplies,945.16,3,0.0,2835.48,2181.69,653.79,West
O202074,2024-04-16,C100120,P5013,Accessories Item 13,Accessories,1059.89,3,0.0,3179.67,2497.76,681.91,Central
O202075,2023-03-21,C100105,P1005,Office Supplies Item 5,Office Supplies,367.17,5,0.0,1835.85,992.24,843.61,East
O202076,2023-03-19,C100674,P3018,Furniture Item 18,Furniture,1136.61,7,0.1,7160.64,5315.62,1845.02,West
O202077,2024-02-02,C100807,P3019,Furniture Item 19,Furniture,1035.24,3,0.05,2950.43,1878.79,1071.64,East
O202078,2023-01-09,C100041,P4016,Consumables Item 16,Consumables,924.52,3,0.0,2773.56,1877.43,896.13,Central
O202079,2023-11-20,C100889,P3019,Furniture Item 19,Furniture,1035.24,2,0.0,2070.48,1533.09,537.39,South
O202080,2024-07-22,C100876,P4017,Consumables Item 17,Consumables,267.63,1,0.0,267.63,120.98,146.65,South
O202081,2023-05-17,C100677,P5006,Accessories Item 6,Accessories,15.68,3,0.0,47.04,36.64,10.4,Central
O202082,2023-05-24,C100321,P1015,Office Supplies Item 15,Office Supplies,1276.5,2,0.0,2553.0,1580.2,972.8,Central
O202083,2024-05-21,C100886,P4017,Consumables Item 17,Consumables,267.63,3,0.05,762.75,407.61,355.14,Central
O202084,2025-07-09,C100335,P1001,Office Supplies Item 1,Office Supplies,53.51,4,0.0,214.04,114.62,99.42,South
O202085,2025-01-13,C100160,P2018,Technology Item 18,Technology,362.51,3,0.0,1087.53,761.71,325.82,South
O202086,2025-03-08,C100264,P3013,Furniture Item 13,Furniture,1077.46,2,0.0,2154.92,1446.95,707.97,West
O202087,2025-03-31,C100865,P3012,Furniture Item 12,Furniture,806.55,4,0.1,2903.58,2008.67,894.91,Central
O202088,2025-07-01,C100530,P1001,Office Supplies Item 1,Office Supplies,53.51,3,0.1,144.48,72.41,72.07,East
O202089,2024-08-01,C100685,P1011,Office Supplies Item 11,Office Supplies,610.7,2,0.1,1099.26,514.54,584.72,Central
O202090,2023-09-21,C100477,P3018,Furniture Item 18,Furniture,1136.61,6,0.0,6819.66,4697.0,2122.66,Central
O202091,2024-01-16,C100352,P2020,Technology Item 20,Technology,2640.06,4,0.1,9504.22,4936.42,4567.8,South
O202092,2025-01-12,C100545,P5006,Accessories Item 6,Accessories,15.68,3,0.1,42.34,20.7,21.64,South
O202093,2023-08-15,C100773,P5019,Accessories Item 19,Accessories,123.42,2,0.0,246.84,119.93,126.91,West
O202094,2023-06-14,C100210,P3020,Furniture Item 20,Furniture,1296.14,4,0.0,5184.56,2381.58,2802.98,South
O202095,2025-10-23,C100496,P3004,Furniture Item 4,Furniture,1197.1,2,0.05,2274.49,1298.11,976.38,South
O202096,2025-06-24,C100895,P1006,Office Supplies Item 6,Office Supplies,309.21,3,0.15,788.49,397.7,390.79,South
O202097,2025-05-26,C100842,P2008,Technology Item 8,Technology,1671.55,2,0.2,2674.48,2026.04,648.44,Central
O202098,2024-05-13,C100382,P2011,Technology Item 11,Technology,4293.44,3,0.0,12880.32,8702.66,4177.66,Central
O202099,2024-10-14,C100676,P1008,Office Supplies Item 8,Office Supplies,1378.19,2,0.2,2205.1,1538.16,666.94,West
O202100,2024-03-12,C100481,P1005,Office Supplies Item 5,Office Supplies,367.17,3,0.0,1101.51,618.44,483.07,East
O202101,2025-02-26,C100919,P3014,Furniture Item 14,Furniture,668.13,4,0.0,2672.52,1710.64,961.88,West
O202102,2025-05-14,C100936,P1017,Office Supplies Item 17,Office Supplies,816.15,3,0.2,1958.76,1175.88,782.88,East
O202103,2022-12-30,C100005,P2018,Technology Item 18,Technology,362.51,2,0.15,616.27,287.79,328.48,South
O202104,2023-07-15,C100034,P1009,Office Supplies Item 9,Office Supplies,75.25,5,0.05,357.44,149.82,207.62,Central
O202105,2024-05-30,C100792,P4014,Consumables Item 14,Consumables,1259.98,4,0.15,4283.93,2884.83,1399.1,South
O202106,2023-06-27,C100145,P5004,Accessories Item 4,Accessories,566.9,1,0.05,538.55,241.52,297.03,West
O202107,2022-12-08,C100351,P4018,Consumables Item 18,Consumables,772.22,2,0.0,1544.44,653.2,891.24,East
O202108,2022-11-25,C100583,P1014,Office Supplies Item 14,Office Supplies,962.37,1,0.15,818.01,471.78,346.23,East
O202109,2023-12-15,C100465,P2006,Technology Item 6,Technology,1048.28,2,0.2,1677.25,1166.04,511.21,West
O202110,2024-02-04,C100348,P5013,Accessories Item 13,Accessories,1059.89,3,0.0,3179.67,2249.77,929.9,South
O202111,2025-07-15,C100742,P4002,Consumables Item 2,Consumables,643.15,5,0.0,3215.75,2409.84,805.91,Central
O202112,2023-10-23,C100125,P5011,Accessories Item 11,Accessories,385.85,2,0.0,771.7,370.17,401.53,West
O202113,2023-11-18,C100790,P2005,Technology Item 5,Technology,4160.53,3,0.1,11233.43,8922.15,2311.28,Central
O202114,2024-05-22,C100271,P4020,Consumables Item 20,Consumables,1460.03,5,0.1,6570.14,4633.81,1936.33,South
O202115,2025-10-07,C100357,P2016,Technology Item 16,Technology,1535.17,3,0.2,3684.41,1705.46,1978.95,East
O202116,2024-01-07,C100527,P5018,Accessories Item 18,Accessories,1149.97,3,0.0,3449.91,2540.13,909.78,South
O202117,2022-12-26,C100754,P4020,Consumables Item 20,Consumables,1460.03,3,0.05,4161.09,2494.92,1666.17,Central
O202118,2024-05-30,C100498,P2013,Technology Item 13,Technology,2603.81,6,0.1,14060.57,5998.5,8062.07,South
O202119,2023-07-26,C100153,P1003,Office Supplies Item 3,Office Supplies,468.91,3,0.0,1406.73,636.99,769.74,West
O202120,2023-01-08,C100053,P5007,Accessories Item 7,Accessories,687.81,1,0.05,653.42,374.77,278.65,East
O202121,2025-04-20,C100149,P1011,Office Supplies Item 11,Office Supplies,610.7,4,0.0,2442.8,1495.49,947.31,Central
O202122,2025-01-01,C100503,P3018,Furniture Item 18,Furniture,1136.61,5,0.05,5398.9,4205.73,1193.17,East
O202123,2023-07-15,C100870,P4004,Consumables Item 4,Consumables,50.47,4,0.05,191.79,93.26,98.53,South
O202124,2024-09-02,C100450,P1018,Office Supplies Item 18,Office Supplies,982.11,3,0.1,2651.7,1563.55,1088.15,Central
O202125,2024-03-04,C100219,P3007,Furniture Item 7,Furniture,469.52,3,0.0,1408.56,690.7,717.86,East
O202126,2024-11-15,C100625,P3004,Furniture Item 4,Furniture,1197.1,6,0.0,7182.6,4477.35,2705.25,East
O202127,2022-12-19,C100800,P5013,Accessories Item 13,Accessories,1059.89,3,0.1,2861.7,2185.56,676.14,South
O202128,2023-09-12,C100277,P3019,Furniture Item 19,Furniture,1035.24,4,0.0,4140.96,2596.8,1544.16,South
O202129,2023-12-18,C100452,P3010,Furniture Item 10,Furniture,702.98,5,0.0,3514.9,2123.1,1391.8,Central
O202130,2024-01-08,C100428,P4009,Consumables Item 9,Consumables,98.0,3,0.0,294.0,205.82,88.18,West
O202131,2025-08-22,C100083,P5008,Accessories Item 8,Accessories,497.2,2,0.0,994.4,456.47,537.93,South
O202132,2023-12-25,C100962,P2009,Technology Item 9,Technology,2991.89,4,0.1,10770.8,8210.0,2560.8,East
O202133,2025-02-21,C100218,P5013,Accessories Item 13,Accessories,1059.89,3,0.05,3020.69,1906.22,1114.47,East
O202134,2025-05-04,C100738,P5010,Accessories Item 10,Accessories,678.1,2,0.0,1356.2,914.79,441.41,West
O202135,2024-01-08,C100782,P4007,Consumables Item 7,Consumables,334.97,3,0.05,954.66,694.6,260.06,South
O202136,2024-08-04,C100527,P1002,Office Supplies Item 2,Office Supplies,357.2,2,0.0,714.4,467.23,247.17,Central
O202137,2022-12-27,C100404,P2005,Technology Item 5,Technology,4160.53,4,0.0,16642.12,10925.25,5716.87,East
O202138,2025-06-21,C100290,P1019,Office Supplies Item 19,Office Supplies,414.61,3,0.1,1119.45,774.49,344.96,Central
O202139,2025-07-04,C100420,P2020,Technology Item 20,Technology,2640.06,2,0.0,5280.12,2222.37,3057.75,Central
O202140,2022-12-16,C100339,P1002,Office Supplies Item 2,Office Supplies,357.2,4,0.0,1428.8,789.96,638.84,Central
O202141,2023-12-22,C100777,P5003,Accessories Item 3,Accessories,117.58,2,0.05,223.4,175.41,47.99,South
O202142,2025-02-25,C100711,P4005,Consumables Item 5,Consumables,1091.68,2,0.0,2183.36,1098.61,1084.75,Central
O202143,2023-03-19,C100670,P4002,Consumables Item 2,Consumables,643.15,3,0.0,1929.45,1190.28,739.17,East
O202144,2023-07-05,C100845,P5011,Accessories Item 11,Accessories,385.85,4,0.0,1543.4,725.66,817.74,South
O202145,2023-06-18,C100987,P3014,Furniture Item 14,Furniture,668.13,3,0.2,1603.51,848.75,754.76,East
O202146,2024-12-31,C100959,P3005,Furniture Item 5,Furniture,764.38,5,0.0,3821.9,2625.0,1196.9,South
O202147,2024-07-29,C100419,P3009,Furniture Item 9,Furniture,1285.97,3,0.0,3857.91,2535.56,1322.35,West
O202148,2023-11-09,C100909,P5019,Accessories Item 19,Accessories,123.42,2,0.1,222.16,125.68,96.48,Central
O202149,2024-11-07,C100207,P4009,Consumables Item 9,Consumables,98.0,6,0.15,499.8,387.46,112.34,South
O202150,2025-10-24,C100686,P2018,Technology Item 18,Technology,362.51,3,0.0,1087.53,772.17,315.36,West
O202151,2023-01-27,C100696,P1004,Office Supplies Item 4,Office Supplies,601.69,4,0.0,2406.76,1220.64,1186.12,West
O202152,2024-10-13,C100265,P1017,Office Supplies Item 17,Office Supplies,816.15,5,0.0,4080.75,2392.05,1688.7,South
O202153,2024-06-23,C100983,P3013,Furniture Item 13,Furniture,1077.46,1,0.0,1077.46,809.4,268.06,East
O202154,2024-04-22,C100758,P5005,Accessories Item 5,Accessories,1231.71,2,0.05,2340.25,957.13,1383.12,East
O202155,2023-06-02,C100036,P3013,Furniture Item 13,Furniture,1077.46,2,0.0,2154.92,1363.17,791.75,Central
O202156,2023-01-13,C100373,P2011,Technology Item 11,Technology,4293.44,2,0.0,8586.88,4231.48,4355.4,East
O202157,2022-12-31,C100488,P2002,Technology Item 2,Technology,613.05,1,0.05,582.4,247.83,334.57,East
O202158,2024-09-28,C100259,P1011,Office Supplies Item 11,Office Supplies,610.7,2,0.0,1221.4,934.55,286.85,South
O202159,2022-11-12,C100994,P2014,Technology Item 14,Technology,3038.06,2,0.15,5164.7,3752.22,1412.48,Central
O202160,2025-01-22,C100531,P1015,Office Supplies Item 15,Office Supplies,1276.5,3,0.0,3829.5,1815.63,2013.87,South
O202161,2022-12-02,C100924,P1010,Office Supplies Item 10,Office Supplies,511.53,1,0.0,511.53,375.86,135.67,South
O202162,2025-07-28,C100023,P5016,Accessories Item 16,Accessories,1442.31,4,0.1,5192.32,2381.05,2811.27,East
O202163,2023-06-25,C100104,P3013,Furniture Item 13,Furniture,1077.46,4,0.0,4309.84,2544.81,1765.03,South
O202164,2024-05-11,C100241,P3008,Furniture Item 8,Furniture,774.16,3,0.0,2322.48,1603.23,719.25,South
O202165,2024-08-08,C100903,P2011,Technology Item 11,Technology,4293.44,4,0.1,15456.38,9482.83,5973.55,East
O202166,2025-07-14,C100873,P2017,Technology Item 17,Technology,3583.54,2,0.0,7167.08,5305.88,1861.2,South
O202167,2025-01-28,C100716,P2008,Technology Item 8,Technology,1671.55,1,0.0,1671.55,1081.08,590.47,West
O202168,2024-02-16,C100253,P2011,Technology Item 11,Technology,4293.44,2,0.15,7298.85,4180.64,3118.21,South
O202169,2023-02-20,C100142,P4010,Consumables Item 10,Consumables,1234.94,3,0.05,3519.58,2710.3,809.28,South
O202170,2023-11-18,C100814,P1014,Office Supplies Item 14,Office Supplies,962.37,1,0.1,866.13,359.03,507.1,West
O202171,2022-11-17,C100655,P5007,Accessories Item 7,Accessories,687.81,2,0.1,1238.06,737.09,500.97,West
O202172,2024-03-07,C100451,P1016,Office Supplies Item 16,Office Supplies,1112.6,2,0.0,2225.2,1478.23,746.97,East
O202173,2025-05-14,C100783,P2005,Technology Item 5,Technology,4160.53,5,0.05,19762.52,14514.06,5248.46,West
O202174,2023-02-25,C100307,P2019,Technology Item 19,Technology,1281.18,2,0.2,2049.89,1263.68,786.21,East
O202175,2025-03-29,C100984,P4006,Consumables Item 6,Consumables,1311.65,3,0.0,3934.95,2967.77,967.18,South
O202176,2023-02-23,C100500,P2018,Technology Item 18,Technology,362.51,5,0.05,1721.92,982.37,739.55,Central
O202177,2025-01-22,C100622,P3001,Furniture Item 1,Furniture,388.34,5,0.0,1941.7,1022.99,918.71,South
O202178,2024-08-05,C100008,P5018,Accessories Item 18,Accessories,1149.97,1,0.0,1149.97,907.93,242.04,West
O202179,2023-10-02,C100069,P2020,Technology Item 20,Technology,2640.06,3,0.0,7920.18,5281.75,2638.43,East
O202180,2025-05-10,C100702,P4004,Consumables Item 4,Consumables,50.47,1,0.0,50.47,28.78,21.69,West
O202181,2023-03-27,C100691,P5009,Accessories Item 9,Accessories,83.46,3,0.0,250.38,188.1,62.28,West
O202182,2023-03-02,C100575,P5020,Accessories Item 20,Accessories,75.35,2,0.0,150.7,101.46,49.24,East
O202183,2023-01-20,C100068,P1016,Office Supplies Item 16,Office Supplies,1112.6,4,0.2,3560.32,2332.63,1227.69,Central
O202184,2024-09-15,C100718,P5002,Accessories Item 2,Accessories,19.27,1,0.0,19.27,13.32,5.95,South
O202185,2024-08-23,C100912,P4017,Consumables Item 17,Consumables,267.63,3,0.0,802.89,558.26,244.63,Central
O202186,2023-11-10,C100980,P3019,Furniture Item 19,Furniture,1035.24,4,0.0,4140.96,2472.95,1668.01,East
O202187,2023-01-02,C100408,P5011,Accessories Item 11,Accessories,385.85,4,0.2,1234.72,700.98,533.74,South
O202188,2024-03-18,C100518,P5018,Accessories Item 18,Accessories,1149.97,4,0.0,4599.88,3512.99,1086.89,West
O202189,2024-08-29,C100119,P1011,Office Supplies Item 11,Office Supplies,610.7,3,0.1,1648.89,987.52,661.37,East
O202190,2024-01-23,C100825,P1001,Office Supplies Item 1,Office Supplies,53.51,2,0.05,101.67,49.45,52.22,South
O202191,2025-03-17,C100031,P1013,Office Supplies Item 13,Office Supplies,945.16,3,0.0,2835.48,1725.79,1109.69,East
O202192,2024-09-10,C100518,P2010,Technology Item 10,Technology,545.3,1,0.0,545.3,225.63,319.67,East
O202193,2024-02-04,C100483,P4009,Consumables Item 9,Consumables,98.0,3,0.0,294.0,202.66,91.34,West
O202194,2024-02-02,C100207,P1018,Office Supplies Item 18,Office Supplies,982.11,3,0.0,2946.33,1328.19,1618.14,East
O202195,2024-02-07,C100669,P4018,Consumables Item 18,Consumables,772.22,3,0.0,2316.66,1030.19,1286.47,East
O202196,2025-04-30,C100579,P1013,Office Supplies Item 13,Office Supplies,945.16,2,0.0,1890.32,1471.69,418.63,Central
O202197,2023-11-14,C100971,P2012,Technology Item 12,Technology,3897.09,4,0.05,14808.94,10499.87,4309.07,South
O202198,2025-08-22,C100387,P4011,Consumables Item 11,Consumables,470.52,4,0.0,1882.08,1064.68,817.4,Central
O202199,2023-10-30,C100412,P4012,Consumables Item 12,Consumables,605.54,5,0.0,3027.7,1501.23,1526.47,East
O202200,2023-01-11,C100842,P3010,Furniture Item 10,Furniture,702.98,2,0.05,1335.66,984.91,350.75,South
O202201,2024-07-30,C100370,P4011,Consumables Item 11,Consumables,470.52,3,0.0,1411.56,1111.51,300.05,South
O202202,2023-10-03,C100353,P4020,Consumables Item 20,Consumables,1460.03,2,0.0,2920.06,1761.79,1158.27,East
O202203,2023-05-14,C100944,P2011,Technology Item 11,Technology,4293.44,2,0.2,6869.5,4341.73,2527.77,Central
O202204,2025-08-08,C100336,P3011,Furniture Item 11,Furniture,542.78,4,0.0,2171.12,1079.53,1091.59,West
O202205,2024-08-14,C100891,P2007,Technology Item 7,Technology,1312.26,3,0.0,3936.78,2502.61,1434.17,Central
O202206,2022-11-07,C100906,P3020,Furniture Item 20,Furniture,1296.14,5,0.0,6480.7,3630.74,2849.96,South
O202207,2025-04-23,C100289,P2013,Technology Item 13,Technology,2603.81,5,0.1,11717.14,8649.96,3067.18,South
O202208,2025-07-06,C100996,P3013,Furniture Item 13,Furniture,1077.46,2,0.0,2154.92,1187.03,967.89,West
O202209,2024-05-19,C100963,P5013,Accessories Item 13,Accessories,1059.89,5,0.0,5299.45,3495.05,1804.4,East
O202210,2024-07-08,C100965,P4012,Consumables Item 12,Consumables,605.54,6,0.05,3451.58,1661.54,1790.04,West
O202211,2024-05-26,C100140,P2013,Technology Item 13,Technology,2603.81,2,0.0,5207.62,2271.92,2935.7,West
O202212,2024-06-21,C100953,P3001,Furniture Item 1,Furniture,388.34,4,0.0,1553.36,646.42,906.94,West
O202213,2024-12-09,C100300,P1019,Office Supplies Item 19,Office Supplies,414.61,4,0.05,1575.52,892.15,683.37,South
O202214,2023-06-30,C100013,P5005,Accessories Item 5,Accessories,1231.71,3,0.0,3695.13,1719.76,1975.37,East
O202215,2024-12-05,C100664,P3001,Furniture Item 1,Furniture,388.34,2,0.0,776.68,619.32,157.36,West
O202216,2023-11-19,C100428,P5005,Accessories Item 5,Accessories,1231.71,3,0.0,3695.13,2658.1,1037.03,East
O202217,2023-11-26,C100825,P5009,Accessories Item 9,Accessories,83.46,3,0.15,212.82,144.15,68.67,South
O202218,2025-04-14,C100864,P3002,Furniture Item 2,Furniture,1401.3,4,0.2,4484.16,3234.55,1249.61,South
O202219,2024-09-18,C100400,P2003,Technology Item 3,Technology,1102.81,1,0.05,1047.67,529.18,518.49,South
O202220,2022-12-17,C100992,P4015,Consumables Item 15,Consumables,978.0,4,0.1,3520.8,2646.61,874.19,West
O202221,2024-07-11,C100109,P2013,Technology Item 13,Technology,2603.81,2,0.05,4947.24,3949.16,998.08,East
O202222,2024-02-07,C100485,P1020,Office Supplies Item 20,Office Supplies,891.62,3,0.15,2273.63,1173.06,1100.57,West
O202223,2023-03-03,C100888,P2005,Technology Item 5,Technology,4160.53,1,0.0,4160.53,3302.88,857.65,Central
O202224,2023-03-14,C100356,P5010,Accessories Item 10,Accessories,678.1,1,0.05,644.19,340.23,303.96,East
O202225,2025-02-18,C100149,P3012,Furniture Item 12,Furniture,806.55,4,0.1,2903.58,1175.05,1728.53,South
O202226,2025-02-26,C100879,P1012,Office Supplies Item 12,Office Supplies,362.33,3,0.15,923.94,505.29,418.65,South
O202227,2024-06-29,C100716,P2012,Technology Item 12,Technology,3897.09,2,0.0,7794.18,6227.6,1566.58,East
O202228,2022-11-23,C100307,P2013,Technology Item 13,Technology,2603.81,3,0.0,7811.43,5109.15,2702.28,West
O202229,2024-05-19,C100533,P4014,Consumables Item 14,Consumables,1259.98,1,0.15,1070.98,726.33,344.65,Central
O202230,2024-12-05,C100060,P4008,Consumables Item 8,Consumables,241.88,3,0.0,725.64,359.44,366.2,East
O202231,2025-06-22,C100435,P1015,Office Supplies Item 15,Office Supplies,1276.5,4,0.2,4084.8,1872.34,2212.46,East
O202232,2023-06-23,C100021,P3011,Furniture Item 11,Furniture,542.78,3,0.1,1465.51,1105.29,360.22,Central
O202233,2025-07-23,C100875,P1006,Office Supplies Item 6,Office Supplies,309.21,3,0.1,834.87,472.0,362.87,South
O202234,2025-10-18,C100382,P5011,Accessories Item 11,Accessories,385.85,4,0.0,1543.4,619.9,923.5,South
O202235,2025-02-03,C100245,P4009,Consumables Item 9,Consumables,98.0,3,0.0,294.0,152.2,141.8,East
O202236,2023-06-04,C100902,P4009,Consumables Item 9,Consumables,98.0,4,0.0,392.0,187.49,204.51,South
O202237,2024-08-18,C100073,P5002,Accessories Item 2,Accessories,19.27,2,0.15,32.76,21.02,11.74,Central
O202238,2025-05-23,C100449,P5012,Accessories Item 12,Accessories,531.07,1,0.05,504.52,354.4,150.12,East
O202239,2023-09-07,C100076,P2015,Technology Item 15,Technology,89.72,3,0.0,269.16,161.23,107.93,Central
O202240,2024-05-10,C100698,P5006,Accessories Item 6,Accessories,15.68,3,0.1,42.34,20.08,22.26,South
O202241,2025-06-29,C100590,P2014,Technology Item 14,Technology,3038.06,2,0.05,5772.31,2442.76,3329.55,East
O202242,2023-07-15,C100390,P4003,Consumables Item 3,Consumables,171.17,5,0.15,727.47,382.22,345.25,East
O202243,2024-04-16,C100577,P4008,Consumables Item 8,Consumables,241.88,1,0.0,241.88,174.73,67.15,Central
O202244,2022-12-22,C100342,P1018,Office Supplies Item 18,Office Supplies,982.11,2,0.0,1964.22,1115.29,848.93,East
O202245,2025-10-26,C100290,P2006,Technology Item 6,Technology,1048.28,5,0.0,5241.4,2625.42,2615.98,South
O202246,2023-08-27,C100568,P5006,Accessories Item 6,Accessories,15.68,3,0.0,47.04,19.21,27.83,Central
O202247,2024-09-02,C100331,P5017,Accessories Item 17,Accessories,955.69,3,0.2,2293.66,1372.58,921.08,South
O202248,2024-12-17,C100259,P4001,Consumables Item 1,Consumables,1495.23,3,0.0,4485.69,3023.04,1462.65,East
O202249,2025-02-09,C100426,P4018,Consumables Item 18,Consumables,772.22,1,0.15,656.39,312.53,343.86,South
O202250,2023-06-20,C100702,P5015,Accessories Item 15,Accessories,191.35,2,0.2,306.16,188.25,117.91,West
O202251,2025-07-02,C100006,P4014,Consumables Item 14,Consumables,1259.98,2,0.0,2519.96,1432.08,1087.88,East
O202252,2025-10-27,C100006,P5008,Accessories Item 8,Accessories,497.2,4,0.15,1690.48,1152.2,538.28,South
O202253,2022-11-28,C100191,P5005,Accessories Item 5,Accessories,1231.71,3,0.0,3695.13,2750.07,945.06,Central
O202254,2025-10-10,C100148,P3008,Furniture Item 8,Furniture,774.16,2,0.1,1393.49,728.54,664.95,East
O202255,2024-06-13,C100405,P4012,Consumables Item 12,Consumables,605.54,5,0.0,3027.7,2306.83,720.87,East
O202256,2024-12-24,C100258,P5016,Accessories Item 16,Accessories,1442.31,4,0.2,4615.39,3151.3,1464.09,East
O202257,2024-07-12,C100730,P2011,Technology Item 11,Technology,4293.44,2,0.05,8157.54,3384.29,4773.25,South
O202258,2024-06-08,C100479,P2014,Technology Item 14,Technology,3038.06,5,0.15,12911.76,9251.24,3660.52,South
O202259,2025-07-29,C100090,P5007,Accessories Item 7,Accessories,687.81,5,0.05,3267.1,1953.24,1313.86,West
O202260,2023-05-03,C100824,P5009,Accessories Item 9,Accessories,83.46,2,0.0,166.92,129.89,37.03,West
O202261,2025-09-12,C100864,P1007,Office Supplies Item 7,Office Supplies,1432.06,3,0.0,4296.18,2274.62,2021.56,East
O202262,2023-03-09,C100010,P5003,Accessories Item 3,Accessories,117.58,3,0.0,352.74,224.51,128.23,Central
O202263,2023-08-18,C100087,P1007,Office Supplies Item 7,Office Supplies,1432.06,4,0.0,5728.24,4482.11,1246.13,East
O202264,2024-03-15,C100762,P3007,Furniture Item 7,Furniture,469.52,2,0.15,798.18,405.85,392.33,West
O202265,2023-05-05,C100838,P1008,Office Supplies Item 8,Office Supplies,1378.19,3,0.0,4134.57,2434.36,1700.21,Central
O202266,2024-02-22,C100151,P4018,Consumables Item 18,Consumables,772.22,3,0.2,1853.33,1299.18,554.15,South
O202267,2024-03-06,C100988,P1001,Office Supplies Item 1,Office Supplies,53.51,4,0.15,181.93,123.06,58.87,Central
O202268,2024-03-27,C100625,P4017,Consumables Item 17,Consumables,267.63,2,0.0,535.26,393.67,141.59,South
O202269,2025-10-26,C100030,P1003,Office Supplies Item 3,Office Supplies,468.91,1,0.0,468.91,285.06,183.85,South
O202270,2024-02-10,C100128,P3013,Furniture Item 13,Furniture,1077.46,2,0.15,1831.68,966.34,865.34,Central
O202271,2023-08-12,C100078,P5012,Accessories Item 12,Accessories,531.07,2,0.0,1062.14,652.19,409.95,East
O202272,2024-06-23,C100421,P2018,Technology Item 18,Technology,362.51,2,0.0,725.02,391.5,333.52,Central
O202273,2023-05-08,C100055,P3011,Furniture Item 11,Furniture,542.78,3,0.0,1628.34,766.25,862.09,East
O202274,2025-07-16,C100480,P1015,Office Supplies Item 15,Office Supplies,1276.5,2,0.2,2042.4,1270.35,772.05,West
O202275,2025-04-08,C100305,P5020,Accessories Item 20,Accessories,75.35,2,0.05,143.16,60.03,83.13,Central
O202276,2023-11-23,C100546,P4007,Consumables Item 7,Consumables,334.97,8,0.0,2679.76,1111.11,1568.65,South
O202277,2023-06-29,C100105,P4004,Consumables Item 4,Consumables,50.47,1,0.0,50.47,21.49,28.98,West
O202278,2023-12-22,C100172,P4008,Consumables Item 8,Consumables,241.88,2,0.0,483.76,323.66,160.1,West
O202279,2023-04-25,C100499,P1005,Office Supplies Item 5,Office Supplies,367.17,6,0.0,2203.02,1239.85,963.17,West
O202280,2023-11-22,C100022,P5010,Accessories Item 10,Accessories,678.1,5,0.15,2881.92,1722.37,1159.55,West
O202281,2025-03-02,C100287,P5009,Accessories Item 9,Accessories,83.46,4,0.0,333.84,179.39,154.45,West
O202282,2024-08-24,C100391,P1010,Office Supplies Item 10,Office Supplies,511.53,2,0.05,971.91,487.37,484.54,Central
O202283,2024-01-26,C100617,P1008,Office Supplies Item 8,Office Supplies,1378.19,2,0.0,2756.38,1497.6,1258.78,Central
O202284,2023-08-04,C100149,P1012,Office Supplies Item 12,Office Supplies,362.33,4,0.0,1449.32,691.83,757.49,South
O202285,2023-06-01,C100272,P4004,Consumables Item 4,Consumables,50.47,5,0.0,252.35,169.45,82.9,West
O202286,2022-12-11,C100788,P3019,Furniture Item 19,Furniture,1035.24,1,0.1,931.72,410.6,521.12,East
O202287,2023-08-21,C100299,P4007,Consumables Item 7,Consumables,334.97,2,0.1,602.95,365.85,237.1,Central
O202288,2024-06-22,C100172,P5011,Accessories Item 11,Accessories,385.85,3,0.0,1157.55,683.8,473.75,West
O202289,2024-04-24,C100047,P3010,Furniture Item 10,Furniture,702.98,3,0.0,2108.94,1098.27,1010.67,South
O202290,2024-01-25,C100626,P2003,Technology Item 3,Technology,1102.81,3,0.1,2977.59,1312.87,1664.72,East
O202291,2025-10-20,C100787,P2020,Technology Item 20,Technology,2640.06,2,0.0,5280.12,3597.57,1682.55,Central
O202292,2024-12-29,C100816,P5017,Accessories Item 17,Accessories,955.69,2,0.0,1911.38,1200.0,711.38,West
O202293,2023-09-30,C100992,P4018,Consumables Item 18,Consumables,772.22,2,0.0,1544.44,1117.85,426.59,West
O202294,2025-04-09,C100207,P5007,Accessories Item 7,Accessories,687.81,4,0.0,2751.24,1359.69,1391.55,Central
O202295,2022-12-14,C100453,P5015,Accessories Item 15,Accessories,191.35,7,0.0,1339.45,959.88,379.57,Central
O202296,2023-03-24,C100395,P4017,Consumables Item 17,Consumables,267.63,5,0.0,1338.15,691.53,646.62,South
O202297,2023-09-29,C100975,P4016,Consumables Item 16,Consumables,924.52,4,0.0,3698.08,1645.78,2052.3,East
O202298,2025-07-25,C100925,P5019,Accessories Item 19,Accessories,123.42,2,0.0,246.84,112.06,134.78,East
O202299,2022-12-25,C100754,P1018,Office Supplies Item 18,Office Supplies,982.11,7,0.1,6187.29,3022.02,3165.27,West
O202300,2025-03-19,C100301,P2001,Technology Item 1,Technology,2209.18,3,0.0,6627.54,4460.15,2167.39,West
O202301,2025-01-05,C100708,P1001,Office Supplies Item 1,Office Supplies,53.51,3,0.0,160.53,79.88,80.65,Central
O202302,2023-09-21,C100676,P2018,Technology Item 18,Technology,362.51,1,0.0,362.51,232.57,129.94,East
O202303,2023-01-19,C100176,P3001,Furniture Item 1,Furniture,388.34,5,0.1,1747.53,878.32,869.21,West
O202304,2025-09-20,C100855,P3002,Furniture Item 2,Furniture,1401.3,4,0.0,5605.2,3060.94,2544.26,West
O202305,2025-07-12,C100783,P1009,Office Supplies Item 9,Office Supplies,75.25,2,0.1,135.45,102.39,33.06,South
O202306,2024-05-11,C100110,P2003,Technology Item 3,Technology,1102.81,6,0.05,6286.02,3772.52,2513.5,South
O202307,2025-03-14,C100684,P4018,Consumables Item 18,Consumables,772.22,3,0.15,1969.16,1260.46,708.7,South
O202308,2024-10-17,C100963,P1011,Office Supplies Item 11,Office Supplies,610.7,2,0.0,1221.4,581.03,640.37,West
O202309,2024-02-15,C100864,P4011,Consumables Item 11,Consumables,470.52,2,0.0,941.04,425.92,515.12,West
O202310,2023-01-13,C100202,P2011,Technology Item 11,Technology,4293.44,1,0.1,3864.1,2184.27,1679.83,East
O202311,2024-06-11,C100168,P5008,Accessories Item 8,Accessories,497.2,4,0.0,1988.8,1476.0,512.8,East
O202312,2024-05-17,C100614,P2006,Technology Item 6,Technology,1048.28,4,0.1,3773.81,1873.2,1900.61,South
O202313,2024-02-10,C100086,P2010,Technology Item 10,Technology,545.3,3,0.0,1635.9,1061.17,574.73,West
O202314,2024-06-21,C100654,P2014,Technology Item 14,Technology,3038.06,4,0.0,12152.24,9100.07,3052.17,South
O202315,2025-07-19,C100959,P3006,Furniture Item 6,Furniture,1126.74,2,0.1,2028.13,1569.29,458.84,Central
O202316,2024-11-06,C100849,P4009,Consumables Item 9,Consumables,98.0,2,0.1,176.4,140.68,35.72,West
O202317,2025-07-21,C100725,P1005,Office Supplies Item 5,Office Supplies,367.17,1,0.1,330.45,233.03,97.42,East
O202318,2023-07-06,C100051,P4001,Consumables Item 1,Consumables,1495.23,3,0.05,4261.41,1832.42,2428.99,South
O202319,2023-01-06,C100112,P5003,Accessories Item 3,Accessories,117.58,4,0.2,376.26,281.66,94.6,West
O202320,2024-05-26,C100463,P2018,Technology Item 18,Technology,362.51,3,0.0,1087.53,820.27,267.26,East
O202321,2024-10-03,C100442,P2008,Technology Item 8,Technology,1671.55,3,0.0,5014.65,3123.69,1890.96,East
O202322,2024-02-13,C100271,P2006,Technology Item 6,Technology,1048.28,1,0.0,1048.28,447.59,600.69,Central
O202323,2024-03-07,C100577,P4001,Consumables Item 1,Consumables,1495.23,2,0.2,2392.37,1413.09,979.28,East
O202324,2024-08-24,C100344,P2003,Technology Item 3,Technology,1102.81,2,0.0,2205.62,1068.14,1137.48,East
O202325,2023-08-13,C100183,P3006,Furniture Item 6,Furniture,1126.74,2,0.1,2028.13,1169.91,858.22,West
O202326,2023-09-08,C100503,P2010,Technology Item 10,Technology,545.3,1,0.0,545.3,376.07,169.23,East
O202327,2023-09-05,C100844,P4007,Consumables Item 7,Consumables,334.97,2,0.0,669.94,446.86,223.08,West
O202328,2024-12-14,C100010,P5012,Accessories Item 12,Accessories,531.07,3,0.05,1513.55,1077.64,435.91,West
O202329,2025-06-22,C100494,P2013,Technology Item 13,Technology,2603.81,3,0.0,7811.43,4613.5,3197.93,West
O202330,2024-01-30,C100234,P1003,Office Supplies Item 3,Office Supplies,468.91,4,0.0,1875.64,1133.48,742.16,West
O202331,2023-03-12,C100298,P4009,Consumables Item 9,Consumables,98.0,3,0.0,294.0,227.64,66.36,East
O202332,2025-05-18,C100244,P5003,Accessories Item 3,Accessories,117.58,8,0.0,940.64,613.74,326.9,West
O202333,2025-06-22,C100509,P3002,Furniture Item 2,Furniture,1401.3,2,0.0,2802.6,1959.06,843.54,West
O202334,2025-05-17,C100351,P4002,Consumables Item 2,Consumables,643.15,3,0.0,1929.45,1284.64,644.81,Central
O202335,2023-03-01,C100267,P3018,Furniture Item 18,Furniture,1136.61,2,0.05,2159.56,1417.09,742.47,Central
O202336,2024-07-26,C100630,P3017,Furniture Item 17,Furniture,715.82,3,0.0,2147.46,1643.7,503.76,South
O202337,2025-04-15,C100656,P1001,Office Supplies Item 1,Office Supplies,53.51,4,0.0,214.04,116.14,97.9,Central
O202338,2024-12-11,C100893,P4013,Consumables Item 13,Consumables,756.61,3,0.0,2269.83,1296.25,973.58,East
O202339,2025-09-28,C100201,P3020,Furniture Item 20,Furniture,1296.14,4,0.0,5184.56,2861.36,2323.2,West
O202340,2024-05-19,C100239,P4009,Consumables Item 9,Consumables,98.0,3,0.0,294.0,207.59,86.41,Central
O202341,2024-03-26,C100334,P3019,Furniture Item 19,Furniture,1035.24,4,0.1,3726.86,2785.34,941.52,South
O202342,2023-08-16,C100915,P3006,Furniture Item 6,Furniture,1126.74,4,0.05,4281.61,2324.92,1956.69,East
O202343,2023-05-19,C100415,P2014,Technology Item 14,Technology,3038.06,5,0.15,12911.76,5899.88,7011.88,East
O202344,2024-04-11,C100969,P5017,Accessories Item 17,Accessories,955.69,3,0.15,2437.01,1456.46,980.55,South
O202345,2025-05-05,C100484,P2005,Technology Item 5,Technology,4160.53,4,0.05,15810.01,12548.9,3261.11,West
O202346,2025-10-21,C100437,P3002,Furniture Item 2,Furniture,1401.3,2,0.1,2522.34,1214.44,1307.9,West
O202347,2025-01-07,C100999,P2009,Technology Item 9,Technology,2991.89,2,0.05,5684.59,3301.61,2382.98,West
O202348,2025-10-01,C100246,P2005,Technology Item 5,Technology,4160.53,4,0.05,15810.01,8040.26,7769.75,East
O202349,2022-11-12,C100858,P3014,Furniture Item 14,Furniture,668.13,3,0.05,1904.17,1464.44,439.73,Central
O202350,2025-02-10,C100008,P4013,Consumables Item 13,Consumables,756.61,3,0.0,2269.83,1408.13,861.7,South
O202351,2025-02-18,C100152,P4007,Consumables Item 7,Consumables,334.97,3,0.0,1004.91,634.6,370.31,South
O202352,2024-08-04,C100392,P1015,Office Supplies Item 15,Office Supplies,1276.5,2,0.0,2553.0,1029.64,1523.36,East
O202353,2023-02-14,C100211,P1004,Office Supplies Item 4,Office Supplies,601.69,3,0.05,1714.82,1133.69,581.13,Central
O202354,2024-09-21,C100367,P2018,Technology Item 18,Technology,362.51,1,0.0,362.51,189.43,173.08,East
O202355,2024-04-11,C100944,P1020,Office Supplies Item 20,Office Supplies,891.62,3,0.0,2674.86,1619.27,1055.59,South
O202356,2025-02-23,C100670,P2003,Technology Item 3,Technology,1102.81,2,0.0,2205.62,1350.78,854.84,West
O202357,2025-04-11,C100570,P2017,Technology Item 17,Technology,3583.54,4,0.2,11467.33,7303.43,4163.9,Central
O202358,2023-11-22,C100086,P4002,Consumables Item 2,Consumables,643.15,5,0.0,3215.75,2345.62,870.13,Central
O202359,2024-02-24,C100055,P1008,Office Supplies Item 8,Office Supplies,1378.19,4,0.05,5237.12,2721.07,2516.05,South
O202360,2023-12-13,C100713,P2017,Technology Item 17,Technology,3583.54,6,0.2,17200.99,8642.89,8558.1,South
O202361,2025-04-16,C100634,P3005,Furniture Item 5,Furniture,764.38,1,0.0,764.38,549.07,215.31,East
O202362,2024-10-11,C100446,P5017,Accessories Item 17,Accessories,955.69,2,0.15,1624.67,1116.94,507.73,West
O202363,2024-07-31,C100620,P2013,Technology Item 13,Technology,2603.81,5,0.1,11717.14,5744.28,5972.86,West
O202364,2025-09-10,C100304,P1007,Office Supplies Item 7,Office Supplies,1432.06,2,0.0,2864.12,1146.61,1717.51,East
O202365,2025-01-23,C100132,P2002,Technology Item 2,Technology,613.05,5,0.0,3065.25,2042.6,1022.65,South
O202366,2025-05-06,C100421,P1005,Office Supplies Item 5,Office Supplies,367.17,2,0.0,734.34,339.9,394.44,West
O202367,2023-05-22,C100904,P1015,Office Supplies Item 15,Office Supplies,1276.5,5,0.0,6382.5,4996.21,1386.29,East
O202368,2023-12-22,C100385,P2001,Technology Item 1,Technology,2209.18,3,0.2,5302.03,3402.65,1899.38,East
O202369,2023-12-21,C100988,P5009,Accessories Item 9,Accessories,83.46,3,0.0,250.38,185.25,65.13,West
O202370,2023-01-24,C100198,P1017,Office Supplies Item 17,Office Supplies,816.15,1,0.15,693.73,501.05,192.68,South
O202371,2023-04-16,C100047,P3016,Furniture Item 16,Furniture,445.94,3,0.0,1337.82,833.62,504.2,Central
O202372,2023-11-19,C100740,P3010,Furniture Item 10,Furniture,702.98,4,0.2,2249.54,1294.25,955.29,East
O202373,2024-02-11,C100757,P1007,Office Supplies Item 7,Office Supplies,1432.06,4,0.0,5728.24,3429.61,2298.63,East
O202374,2025-10-31,C100203,P3010,Furniture Item 10,Furniture,702.98,3,0.05,2003.49,1444.91,558.58,South
O202375,2025-01-18,C100261,P3020,Furniture Item 20,Furniture,1296.14,3,0.0,3888.42,2551.5,1336.92,East
O202376,2025-07-24,C100690,P5003,Accessories Item 3,Accessories,117.58,3,0.0,352.74,170.12,182.62,South
O202377,2024-02-16,C100024,P1007,Office Supplies Item 7,Office Supplies,1432.06,2,0.0,2864.12,1843.75,1020.37,South
O202378,2025-07-20,C100687,P2020,Technology Item 20,Technology,2640.06,4,0.0,10560.24,5933.45,4626.79,Central
O202379,2023-08-02,C100786,P3005,Furniture Item 5,Furniture,764.38,1,0.0,764.38,324.49,439.89,South
O202380,2025-09-09,C100340,P3019,Furniture Item 19,Furniture,1035.24,5,0.0,5176.2,2859.89,2316.31,East
O202381,2024-03-04,C100412,P5008,Accessories Item 8,Accessories,497.2,3,0.0,1491.6,732.44,759.16,South
O202382,2023-09-22,C100973,P4015,Consumables Item 15,Consumables,978.0,1,0.05,929.1,683.29,245.81,East
O202383,2024-04-12,C100261,P3015,Furniture Item 15,Furniture,1408.62,2,0.05,2676.38,1182.96,1493.42,West
O202384,2025-04-10,C100286,P4004,Consumables Item 4,Consumables,50.47,3,0.1,136.27,74.16,62.11,West
O202385,2023-01-28,C100513,P4005,Consumables Item 5,Consumables,1091.68,4,0.1,3930.05,2665.35,1264.7,West
O202386,2024-02-29,C100086,P3014,Furniture Item 14,Furniture,668.13,3,0.1,1803.95,1369.12,434.83,East
O202387,2024-10-08,C100850,P5016,Accessories Item 16,Accessories,1442.31,3,0.0,4326.93,2311.13,2015.8,Central
O202388,2023-10-16,C100430,P2020,Technology Item 20,Technology,2640.06,3,0.0,7920.18,5089.31,2830.87,Central
O202389,2023-11-22,C100581,P3013,Furniture Item 13,Furniture,1077.46,3,0.0,3232.38,1776.06,1456.32,South
O202390,2023-01-26,C100031,P3004,Furniture Item 4,Furniture,1197.1,3,0.0,3591.3,1727.96,1863.34,West
O202391,2023-09-03,C100710,P4003,Consumables Item 3,Consumables,171.17,3,0.0,513.51,272.31,241.2,West
O202392,2024-01-14,C100603,P1002,Office Supplies Item 2,Office Supplies,357.2,2,0.0,714.4,467.48,246.92,South
O202393,2024-11-09,C100440,P4019,Consumables Item 19,Consumables,1074.49,2,0.0,2148.98,1475.35,673.63,South
O202394,2023-07-22,C100985,P2001,Technology Item 1,Technology,2209.18,2,0.0,4418.36,2422.33,1996.03,Central
O202395,2025-07-04,C100349,P5008,Accessories Item 8,Accessories,497.2,1,0.05,472.34,217.75,254.59,South
O202396,2024-11-04,C100895,P3010,Furniture Item 10,Furniture,702.98,3,0.0,2108.94,961.3,1147.64,West
O202397,2023-12-26,C100412,P5001,Accessories Item 1,Accessories,306.1,2,0.0,612.2,443.87,168.33,West
O202398,2024-03-07,C100528,P3012,Furniture Item 12,Furniture,806.55,3,0.0,2419.65,1600.14,819.51,South
O202399,2024-07-25,C100310,P1009,Office Supplies Item 9,Office Supplies,75.25,2,0.0,150.5,104.03,46.47,Central
O202400,2025-07-20,C100949,P5019,Accessories Item 19,Accessories,123.42,3,0.0,370.26,220.42,149.84,East
O202401,2023-12-16,C100396,P1020,Office Supplies Item 20,Office Supplies,891.62,3,0.0,2674.86,1559.25,1115.61,East
O202402,2023-04-22,C100788,P5003,Accessories Item 3,Accessories,117.58,2,0.0,235.16,113.93,121.23,Central
O202403,2022-11-04,C100338,P1018,Office Supplies Item 18,Office Supplies,982.11,2,0.0,1964.22,917.95,1046.27,South
O202404,2025-03-03,C100674,P5004,Accessories Item 4,Accessories,566.9,1,0.0,566.9,261.66,305.24,East
O202405,2025-07-13,C100437,P2010,Technology Item 10,Technology,545.3,5,0.0,2726.5,2172.24,554.26,Central
O202406,2025-09-26,C100704,P4005,Consumables Item 5,Consumables,1091.68,5,0.0,5458.4,3975.66,1482.74,West
O202407,2024-06-05,C100663,P2004,Technology Item 4,Technology,1323.25,3,0.1,3572.78,2323.92,1248.86,West
O202408,2025-09-20,C100365,P5008,Accessories Item 8,Accessories,497.2,3,0.0,1491.6,724.56,767.04,East
O202409,2023-11-16,C100923,P3007,Furniture Item 7,Furniture,469.52,3,0.0,1408.56,753.67,654.89,South
O202410,2025-08-31,C100113,P5003,Accessories Item 3,Accessories,117.58,4,0.0,470.32,254.12,216.2,East
O202411,2023-10-10,C100785,P5014,Accessories Item 14,Accessories,784.72,2,0.0,1569.44,927.65,641.79,East
O202412,2023-04-15,C100176,P5010,Accessories Item 10,Accessories,678.1,4,0.2,2169.92,1234.25,935.67,West
O202413,2024-09-30,C100149,P3004,Furniture Item 4,Furniture,1197.1,4,0.0,4788.4,3704.6,1083.8,East
O202414,2023-10-08,C100178,P2009,Technology Item 9,Technology,2991.89,1,0.0,2991.89,2059.39,932.5,East
O202415,2025-09-08,C100936,P4017,Consumables Item 17,Consumables,267.63,5,0.0,1338.15,578.83,759.32,West
O202416,2025-07-07,C100382,P4008,Consumables Item 8,Consumables,241.88,2,0.15,411.2,223.69,187.51,West
O202417,2024-04-28,C100223,P1017,Office Supplies Item 17,Office Supplies,816.15,4,0.15,2774.91,1257.55,1517.36,Central
O202418,2025-08-30,C100259,P5017,Accessories Item 17,Accessories,955.69,3,0.1,2580.36,1320.48,1259.88,East
O202419,2023-05-11,C100785,P1005,Office Supplies Item 5,Office Supplies,367.17,4,0.0,1468.68,1150.79,317.89,Central
O202420,2023-09-16,C100189,P5012,Accessories Item 12,Accessories,531.07,2,0.15,902.82,615.82,287.0,West
O202421,2024-06-02,C100306,P5008,Accessories Item 8,Accessories,497.2,1,0.0,497.2,200.44,296.76,South
O202422,2024-02-18,C100378,P5001,Accessories Item 1,Accessories,306.1,3,0.05,872.38,463.71,408.67,West
O202423,2024-07-29,C100602,P3010,Furniture Item 10,Furniture,702.98,1,0.15,597.53,343.87,253.66,South
O202424,2024-01-01,C100343,P2020,Technology Item 20,Technology,2640.06,1,0.1,2376.05,1523.05,853.0,West
O202425,2025-10-18,C100774,P3006,Furniture Item 6,Furniture,1126.74,3,0.0,3380.22,2027.76,1352.46,West
O202426,2023-02-05,C100156,P3011,Furniture Item 11,Furniture,542.78,3,0.05,1546.92,661.94,884.98,West
O202427,2024-03-10,C100712,P1011,Office Supplies Item 11,Office Supplies,610.7,4,0.0,2442.8,1480.87,961.93,West
O202428,2024-08-22,C100055,P1012,Office Supplies Item 12,Office Supplies,362.33,3,0.0,1086.99,491.43,595.56,Central
O202429,2022-11-09,C100766,P1013,Office Supplies Item 13,Office Supplies,945.16,3,0.05,2693.71,1636.91,1056.8,Central
O202430,2024-01-31,C100442,P4004,Consumables Item 4,Consumables,50.47,4,0.0,201.88,100.62,101.26,South
O202431,2023-07-31,C100685,P1008,Office Supplies Item 8,Office Supplies,1378.19,2,0.0,2756.38,1261.53,1494.85,Central
O202432,2025-05-28,C100200,P4005,Consumables Item 5,Consumables,1091.68,3,0.0,3275.04,1687.2,1587.84,East
O202433,2025-08-28,C100403,P1009,Office Supplies Item 9,Office Supplies,75.25,3,0.05,214.46,94.33,120.13,South
O202434,2023-05-27,C100614,P5012,Accessories Item 12,Accessories,531.07,4,0.0,2124.28,1091.02,1033.26,Central
O202435,2025-09-22,C100797,P1002,Office Supplies Item 2,Office Supplies,357.2,3,0.0,1071.6,800.24,271.36,West
O202436,2023-05-23,C100663,P4018,Consumables Item 18,Consumables,772.22,4,0.15,2625.55,1372.82,1252.73,South
O202437,2024-04-01,C100623,P1013,Office Supplies Item 13,Office Supplies,945.16,4,0.0,3780.64,2223.35,1557.29,South
O202438,2024-03-31,C100928,P1002,Office Supplies Item 2,Office Supplies,357.2,3,0.0,1071.6,651.45,420.15,East
O202439,2024-01-17,C100778,P4008,Consumables Item 8,Consumables,241.88,1,0.2,193.5,91.2,102.3,East
O202440,2024-09-19,C100603,P4016,Consumables Item 16,Consumables,924.52,4,0.0,3698.08,2132.73,1565.35,East
O202441,2025-02-27,C100177,P3008,Furniture Item 8,Furniture,774.16,4,0.0,3096.64,2295.21,801.43,Central
O202442,2025-02-10,C100449,P4014,Consumables Item 14,Consumables,1259.98,4,0.0,5039.92,2178.31,2861.61,Central
O202443,2023-10-05,C100743,P1003,Office Supplies Item 3,Office Supplies,468.91,3,0.05,1336.39,1027.85,308.54,Central
O202444,2023-11-22,C100541,P4008,Consumables Item 8,Consumables,241.88,3,0.1,653.08,488.79,164.29,Central
O202445,2025-09-14,C100955,P1006,Office Supplies Item 6,Office Supplies,309.21,3,0.05,881.25,654.18,227.07,East
O202446,2024-03-20,C100301,P5007,Accessories Item 7,Accessories,687.81,4,0.0,2751.24,1318.99,1432.25,East
O202447,2024-09-10,C100707,P1005,Office Supplies Item 5,Office Supplies,367.17,3,0.0,1101.51,653.99,447.52,South
O202448,2024-09-20,C100307,P1003,Office Supplies Item 3,Office Supplies,468.91,2,0.0,937.82,606.27,331.55,South
O202449,2025-04-03,C100751,P1010,Office Supplies Item 10,Office Supplies,511.53,4,0.05,1943.81,855.24,1088.57,East
O202450,2024-07-15,C100869,P3003,Furniture Item 3,Furniture,200.93,3,0.0,602.79,375.38,227.41,East
O202451,2025-04-11,C100991,P1019,Office Supplies Item 19,Office Supplies,414.61,3,0.0,1243.83,915.48,328.35,West
O202452,2025-06-10,C100896,P1014,Office Supplies Item 14,Office Supplies,962.37,3,0.1,2598.4,2012.78,585.62,East
O202453,2024-12-23,C100267,P2001,Technology Item 1,Technology,2209.18,4,0.05,8394.88,4292.57,4102.31,East
O202454,2024-03-09,C100214,P3003,Furniture Item 3,Furniture,200.93,1,0.15,170.79,88.04,82.75,West
O202455,2025-09-27,C100594,P2008,Technology Item 8,Technology,1671.55,1,0.0,1671.55,849.64,821.91,East
O202456,2024-11-16,C100640,P2001,Technology Item 1,Technology,2209.18,2,0.0,4418.36,2038.54,2379.82,Central
O202457,2024-01-11,C100483,P2016,Technology Item 16,Technology,1535.17,2,0.0,3070.34,1757.11,1313.23,South
O202458,2023-10-11,C100262,P2004,Technology Item 4,Technology,1323.25,2,0.05,2514.17,1794.58,719.59,South
O202459,2024-05-03,C100067,P3014,Furniture Item 14,Furniture,668.13,8,0.1,4810.54,3294.43,1516.11,Central
O202460,2025-01-28,C100574,P2018,Technology Item 18,Technology,362.51,2,0.05,688.77,523.55,165.22,Central
O202461,2024-04-24,C100133,P1017,Office Supplies Item 17,Office Supplies,816.15,2,0.0,1632.3,885.19,747.11,West
O202462,2023-03-24,C100649,P2002,Technology Item 2,Technology,613.05,3,0.05,1747.19,1098.79,648.4,East
O202463,2024-06-10,C100540,P5003,Accessories Item 3,Accessories,117.58,3,0.0,352.74,249.25,103.49,Central
O202464,2024-08-18,C100512,P3005,Furniture Item 5,Furniture,764.38,1,0.1,687.94,522.33,165.61,West
O202465,2023-10-11,C100211,P4014,Consumables Item 14,Consumables,1259.98,6,0.0,7559.88,5660.1,1899.78,East
O202466,2024-09-26,C100988,P4001,Consumables Item 1,Consumables,1495.23,2,0.0,2990.46,1753.03,1237.43,Central
O202467,2023-07-26,C100987,P1011,Office Supplies Item 11,Office Supplies,610.7,2,0.0,1221.4,931.61,289.79,East
O202468,2023-04-18,C100717,P4001,Consumables Item 1,Consumables,1495.23,6,0.0,8971.38,5182.07,3789.31,South
O202469,2022-12-03,C100253,P2018,Technology Item 18,Technology,362.51,3,0.0,1087.53,827.75,259.78,South
O202470,2023-11-12,C100038,P4006,Consumables Item 6,Consumables,1311.65,3,0.0,3934.95,2796.92,1138.03,East
O202471,2023-11-28,C100043,P2013,Technology Item 13,Technology,2603.81,2,0.0,5207.62,2544.75,2662.87,East
O202472,2024-03-03,C100629,P3003,Furniture Item 3,Furniture,200.93,3,0.0,602.79,465.27,137.52,East
O202473,2024-10-22,C100405,P2011,Technology Item 11,Technology,4293.44,2,0.1,7728.19,3840.8,3887.39,South
O202474,2025-06-03,C100987,P2015,Technology Item 15,Technology,89.72,5,0.0,448.6,342.45,106.15,East
O202475,2025-09-18,C100702,P2017,Technology Item 17,Technology,3583.54,3,0.15,9138.03,5903.57,3234.46,West
O202476,2022-12-09,C100046,P3007,Furniture Item 7,Furniture,469.52,1,0.15,399.09,266.17,132.92,East
O202477,2025-09-06,C100454,P5020,Accessories Item 20,Accessories,75.35,3,0.0,226.05,100.31,125.74,West
O202478,2025-10-15,C100678,P2003,Technology Item 3,Technology,1102.81,3,0.0,3308.43,1410.37,1898.06,Central
O202479,2023-06-14,C100305,P2016,Technology Item 16,Technology,1535.17,3,0.0,4605.51,3626.09,979.42,West
O202480,2023-01-06,C100715,P2020,Technology Item 20,Technology,2640.06,3,0.0,7920.18,4235.48,3684.7,Central
O202481,2025-02-12,C100233,P5010,Accessories Item 10,Accessories,678.1,1,0.05,644.19,475.25,168.94,Central
O202482,2025-09-12,C100245,P5009,Accessories Item 9,Accessories,83.46,3,0.0,250.38,170.71,79.67,West
O202483,2025-07-26,C100721,P5001,Accessories Item 1,Accessories,306.1,3,0.0,918.3,589.23,329.07,Central
O202484,2023-06-25,C100760,P1015,Office Supplies Item 15,Office Supplies,1276.5,2,0.0,2553.0,1720.94,832.06,South
O202485,2025-06-14,C100295,P2017,Technology Item 17,Technology,3583.54,1,0.0,3583.54,1561.54,2022.0,Central
O202486,2025-05-07,C100839,P1004,Office Supplies Item 4,Office Supplies,601.69,2,0.15,1022.87,577.88,444.99,Central
O202487,2024-02-16,C100383,P2002,Technology Item 2,Technology,613.05,1,0.0,613.05,394.09,218.96,Central
O202488,2024-05-06,C100158,P5001,Accessories Item 1,Accessories,306.1,4,0.0,1224.4,914.66,309.74,East
O202489,2024-09-25,C100405,P2002,Technology Item 2,Technology,613.05,4,0.0,2452.2,1681.9,770.3,South
O202490,2023-09-13,C100001,P5001,Accessories Item 1,Accessories,306.1,4,0.05,1163.18,582.9,580.28,East
O202491,2024-06-20,C100217,P4018,Consumables Item 18,Consumables,772.22,2,0.0,1544.44,1226.24,318.2,West
O202492,2024-12-07,C100928,P4018,Consumables Item 18,Consumables,772.22,1,0.0,772.22,507.51,264.71,West
O202493,2025-04-04,C100507,P1017,Office Supplies Item 17,Office Supplies,816.15,4,0.0,3264.6,1960.48,1304.12,East
O202494,2024-05-14,C100761,P4012,Consumables Item 12,Consumables,605.54,3,0.0,1816.62,1294.44,522.18,Central
O202495,2023-07-16,C100904,P5018,Accessories Item 18,Accessories,1149.97,1,0.05,1092.47,700.36,392.11,East
O202496,2024-11-26,C100581,P5010,Accessories Item 10,Accessories,678.1,5,0.0,3390.5,2319.09,1071.41,South
O202497,2023-03-03,C100030,P5014,Accessories Item 14,Accessories,784.72,4,0.05,2981.94,1928.88,1053.06,South
O202498,2023-10-08,C100627,P5006,Accessories Item 6,Accessories,15.68,2,0.0,31.36,14.79,16.57,West
O202499,2025-10-18,C100520,P4020,Consumables Item 20,Consumables,1460.03,2,0.0,2920.06,1802.68,1117.38,West
O202500,2023-07-18,C100881,P5014,Accessories Item 14,Accessories,784.72,3,0.05,2236.45,1147.84,1088.61,East
O202501,2023-02-03,C100275,P4020,Consumables Item 20,Consumables,1460.03,2,0.0,2920.06,1834.13,1085.93,South
O202502,2022-12-11,C100492,P2018,Technology Item 18,Technology,362.51,2,0.05,688.77,310.09,378.68,West
O202503,2023-07-12,C100827,P2004,Technology Item 4,Technology,1323.25,3,0.0,3969.75,1956.24,2013.51,East
O202504,2022-11-07,C100951,P5020,Accessories Item 20,Accessories,75.35,3,0.2,180.84,130.84,50.0,South
O202505,2024-10-28,C100926,P5019,Accessories Item 19,Accessories,123.42,5,0.0,617.1,346.88,270.22,Central
O202506,2023-01-08,C100847,P1006,Office Supplies Item 6,Office Supplies,309.21,1,0.0,309.21,207.02,102.19,East
O202507,2024-04-25,C100036,P4008,Consumables Item 8,Consumables,241.88,4,0.0,967.52,579.68,387.84,South
O202508,2023-01-28,C100311,P5002,Accessories Item 2,Accessories,19.27,3,0.0,57.81,31.0,26.81,Central
O202509,2023-06-01,C100044,P1006,Office Supplies Item 6,Office Supplies,309.21,2,0.05,587.5,351.37,236.13,West
O202510,2025-02-11,C100155,P2006,Technology Item 6,Technology,1048.28,2,0.0,2096.56,1521.01,575.55,East
O202511,2023-07-24,C100077,P5011,Accessories Item 11,Accessories,385.85,6,0.2,1852.08,949.45,902.63,West
O202512,2025-04-30,C100590,P3001,Furniture Item 1,Furniture,388.34,3,0.0,1165.02,662.4,502.62,Central
O202513,2023-08-20,C100613,P4015,Consumables Item 15,Consumables,978.0,5,0.0,4890.0,2352.25,2537.75,East
O202514,2023-09-29,C100438,P2018,Technology Item 18,Technology,362.51,3,0.05,1033.15,558.39,474.76,East
O202515,2025-08-01,C100432,P4020,Consumables Item 20,Consumables,1460.03,5,0.15,6205.13,4678.94,1526.19,Central
O202516,2022-12-17,C100542,P5003,Accessories Item 3,Accessories,117.58,3,0.0,352.74,251.96,100.78,Central
O202517,2024-07-14,C100039,P3003,Furniture Item 3,Furniture,200.93,1,0.2,160.74,88.32,72.42,South
O202518,2024-01-01,C100239,P3013,Furniture Item 13,Furniture,1077.46,2,0.15,1831.68,829.67,1002.01,South
O202519,2023-05-29,C100013,P1015,Office Supplies Item 15,Office Supplies,1276.5,1,0.2,1021.2,580.03,441.17,South
O202520,2025-04-06,C100122,P5010,Accessories Item 10,Accessories,678.1,2,0.1,1220.58,865.01,355.57,West
O202521,2023-04-03,C100144,P3016,Furniture Item 16,Furniture,445.94,2,0.15,758.1,316.52,441.58,Central
O202522,2023-12-20,C100684,P3016,Furniture Item 16,Furniture,445.94,3,0.0,1337.82,933.98,403.84,East
O202523,2024-12-08,C100455,P2011,Technology Item 11,Technology,4293.44,2,0.1,7728.19,5193.07,2535.12,East
O202524,2025-07-10,C100368,P5003,Accessories Item 3,Accessories,117.58,2,0.0,235.16,100.15,135.01,Central
O202525,2024-06-01,C100759,P3017,Furniture Item 17,Furniture,715.82,2,0.0,1431.64,936.66,494.98,Central
O202526,2024-11-09,C100247,P3011,Furniture Item 11,Furniture,542.78,3,0.0,1628.34,845.86,782.48,Central
O202527,2023-04-12,C100923,P2004,Technology Item 4,Technology,1323.25,4,0.2,4234.4,1994.04,2240.36,West
O202528,2025-09-04,C100045,P3018,Furniture Item 18,Furniture,1136.61,2,0.0,2273.22,1259.26,1013.96,East
O202529,2023-05-14,C100765,P4013,Consumables Item 13,Consumables,756.61,1,0.1,680.95,328.32,352.63,East
O202530,2024-04-25,C100375,P5007,Accessories Item 7,Accessories,687.81,4,0.0,2751.24,2007.92,743.32,South
O202531,2023-10-25,C100291,P1004,Office Supplies Item 4,Office Supplies,601.69,4,0.0,2406.76,1677.03,729.73,East
O202532,2025-02-27,C100207,P1010,Office Supplies Item 10,Office Supplies,511.53,6,0.0,3069.18,2431.71,637.47,West
O202533,2024-01-01,C100924,P4003,Consumables Item 3,Consumables,171.17,3,0.0,513.51,315.11,198.4,South
O202534,2024-03-11,C100995,P4013,Consumables Item 13,Consumables,756.61,3,0.2,1815.86,791.14,1024.72,East
O202535,2025-02-05,C100519,P5003,Accessories Item 3,Accessories,117.58,5,0.0,587.9,321.64,266.26,East
O202536,2024-02-29,C100958,P1015,Office Supplies Item 15,Office Supplies,1276.5,2,0.05,2425.35,1783.74,641.61,Central
O202537,2023-09-26,C100242,P5018,Accessories Item 18,Accessories,1149.97,3,0.0,3449.91,1927.62,1522.29,West
O202538,2025-04-07,C100622,P4003,Consumables Item 3,Consumables,171.17,3,0.15,436.48,254.15,182.33,West
O202539,2025-07-18,C100114,P1019,Office Supplies Item 19,Office Supplies,414.61,2,0.1,746.3,421.5,324.8,Central
O202540,2023-07-17,C100819,P4003,Consumables Item 3,Consumables,171.17,1,0.0,171.17,84.58,86.59,West
O202541,2023-08-19,C100302,P3016,Furniture Item 16,Furniture,445.94,4,0.0,1783.76,765.73,1018.03,Central
O202542,2023-03-23,C100276,P2001,Technology Item 1,Technology,2209.18,6,0.0,13255.08,6259.37,6995.71,South
O202543,2024-11-16,C100096,P2014,Technology Item 14,Technology,3038.06,3,0.0,9114.18,4972.49,4141.69,South
O202544,2024-07-19,C100294,P1017,Office Supplies Item 17,Office Supplies,816.15,3,0.0,2448.45,1219.76,1228.69,West
O202545,2023-01-29,C100701,P1018,Office Supplies Item 18,Office Supplies,982.11,3,0.2,2357.06,1482.81,874.25,West
O202546,2024-10-20,C100360,P5001,Accessories Item 1,Accessories,306.1,4,0.1,1101.96,711.38,390.58,West
O202547,2024-02-24,C100288,P4006,Consumables Item 6,Consumables,1311.65,5,0.0,6558.25,4118.75,2439.5,West
O202548,2023-01-23,C100154,P3011,Furniture Item 11,Furniture,542.78,1,0.2,434.22,188.44,245.78,West
O202549,2024-09-03,C100570,P4005,Consumables Item 5,Consumables,1091.68,2,0.0,2183.36,1455.74,727.62,East
O202550,2024-03-31,C100423,P3003,Furniture Item 3,Furniture,200.93,1,0.0,200.93,111.28,89.65,East
O202551,2024-02-28,C100916,P3017,Furniture Item 17,Furniture,715.82,4,0.0,2863.28,2151.08,712.2,Central
O202552,2024-12-21,C100850,P1010,Office Supplies Item 10,Office Supplies,511.53,1,0.0,511.53,312.16,199.37,West
O202553,2023-02-12,C100050,P2017,Technology Item 17,Technology,3583.54,3,0.0,10750.62,4663.68,6086.94,Central
O202554,2023-10-05,C100207,P3008,Furniture Item 8,Furniture,774.16,7,0.0,5419.12,2187.63,3231.49,West
O202555,2024-09-17,C100564,P4009,Consumables Item 9,Consumables,98.0,3,0.05,279.3,190.2,89.1,South
O202556,2025-04-18,C100854,P3016,Furniture Item 16,Furniture,445.94,3,0.15,1137.15,637.04,500.11,Central
O202557,2024-06-29,C100883,P4016,Consumables Item 16,Consumables,924.52,1,0.05,878.29,452.49,425.8,East
O202558,2023-06-11,C100662,P2016,Technology Item 16,Technology,1535.17,2,0.0,3070.34,1777.33,1293.01,West
O202559,2025-08-29,C100565,P2011,Technology Item 11,Technology,4293.44,1,0.0,4293.44,1841.7,2451.74,Central
O202560,2025-10-12,C100213,P3015,Furniture Item 15,Furniture,1408.62,4,0.0,5634.48,3137.24,2497.24,West
O202561,2024-03-17,C100066,P2018,Technology Item 18,Technology,362.51,2,0.1,652.52,343.15,309.37,East
O202562,2025-01-30,C100232,P4013,Consumables Item 13,Consumables,756.61,4,0.0,3026.44,2179.27,847.17,West
O202563,2024-07-16,C100885,P5010,Accessories Item 10,Accessories,678.1,3,0.0,2034.3,956.0,1078.3,East
O202564,2023-04-14,C100811,P1015,Office Supplies Item 15,Office Supplies,1276.5,1,0.0,1276.5,896.78,379.72,Central
O202565,2025-09-16,C100850,P1016,Office Supplies Item 16,Office Supplies,1112.6,4,0.2,3560.32,2136.77,1423.55,East
O202566,2025-10-29,C100663,P4017,Consumables Item 17,Consumables,267.63,3,0.0,802.89,347.45,455.44,South
O202567,2022-11-19,C100717,P5009,Accessories Item 9,Accessories,83.46,5,0.15,354.7,279.46,75.24,West
O202568,2025-09-11,C100320,P5014,Accessories Item 14,Accessories,784.72,2,0.0,1569.44,1088.7,480.74,South
O202569,2025-07-16,C100767,P3013,Furniture Item 13,Furniture,1077.46,1,0.05,1023.59,515.93,507.66,East
O202570,2024-01-24,C100137,P3016,Furniture Item 16,Furniture,445.94,4,0.0,1783.76,1128.59,655.17,Central
O202571,2024-05-05,C100881,P1007,Office Supplies Item 7,Office Supplies,1432.06,2,0.1,2577.71,1958.99,618.72,East
O202572,2025-10-07,C100647,P3017,Furniture Item 17,Furniture,715.82,2,0.0,1431.64,1105.69,325.95,Central
O202573,2024-09-25,C100937,P3015,Furniture Item 15,Furniture,1408.62,2,0.0,2817.24,1950.84,866.4,East
O202574,2024-06-09,C100566,P3012,Furniture Item 12,Furniture,806.55,2,0.0,1613.1,1114.76,498.34,South
O202575,2024-10-21,C100065,P1004,Office Supplies Item 4,Office Supplies,601.69,3,0.0,1805.07,922.29,882.78,West
O202576,2023-02-15,C100514,P3003,Furniture Item 3,Furniture,200.93,3,0.15,512.37,407.8,104.57,East
O202577,2024-12-15,C100132,P2020,Technology Item 20,Technology,2640.06,2,0.1,4752.11,2363.66,2388.45,West
O202578,2025-04-16,C100334,P2010,Technology Item 10,Technology,545.3,2,0.1,981.54,427.72,553.82,Central
O202579,2023-10-02,C100032,P1010,Office Supplies Item 10,Office Supplies,511.53,2,0.0,1023.06,809.19,213.87,East
O202580,2024-06-29,C100868,P5014,Accessories Item 14,Accessories,784.72,3,0.0,2354.16,1085.59,1268.57,Central
O202581,2025-02-15,C100898,P1007,Office Supplies Item 7,Office Supplies,1432.06,3,0.2,3436.94,2091.88,1345.06,West
O202582,2024-06-24,C100872,P2016,Technology Item 16,Technology,1535.17,3,0.1,4144.96,2434.32,1710.64,West
O202583,2023-12-08,C100498,P2015,Technology Item 15,Technology,89.72,4,0.0,358.88,265.31,93.57,Central
O202584,2024-04-23,C100243,P5008,Accessories Item 8,Accessories,497.2,8,0.05,3778.72,2111.03,1667.69,East
O202585,2025-10-31,C100192,P2019,Technology Item 19,Technology,1281.18,3,0.05,3651.36,2194.0,1457.36,West
O202586,2022-11-24,C100142,P2016,Technology Item 16,Technology,1535.17,5,0.0,7675.85,3204.63,4471.22,West
O202587,2024-07-16,C100660,P1020,Office Supplies Item 20,Office Supplies,891.62,4,0.0,3566.48,1723.09,1843.39,East
O202588,2025-10-15,C100601,P3009,Furniture Item 9,Furniture,1285.97,5,0.0,6429.85,4714.35,1715.5,East
O202589,2025-07-13,C100561,P5016,Accessories Item 16,Accessories,1442.31,3,0.15,3677.89,2174.9,1502.99,West
O202590,2023-06-11,C100648,P3019,Furniture Item 19,Furniture,1035.24,3,0.0,3105.72,1529.17,1576.55,West
O202591,2023-04-28,C100988,P3009,Furniture Item 9,Furniture,1285.97,6,0.0,7715.82,4224.9,3490.92,East
O202592,2025-01-08,C100191,P5010,Accessories Item 10,Accessories,678.1,2,0.1,1220.58,627.42,593.16,East
O202593,2024-01-08,C100942,P2006,Technology Item 6,Technology,1048.28,4,0.05,3983.46,2479.66,1503.8,East
O202594,2025-01-01,C100149,P2016,Technology Item 16,Technology,1535.17,6,0.2,7368.82,3099.17,4269.65,West
O202595,2025-04-02,C100599,P3003,Furniture Item 3,Furniture,200.93,4,0.0,803.72,393.81,409.91,East
O202596,2024-03-06,C100416,P5019,Accessories Item 19,Accessories,123.42,2,0.05,234.5,127.1,107.4,Central
O202597,2025-01-18,C100520,P3003,Furniture Item 3,Furniture,200.93,4,0.0,803.72,619.9,183.82,East
O202598,2025-06-18,C100735,P5019,Accessories Item 19,Accessories,123.42,1,0.0,123.42,80.14,43.28,Central
O202599,2023-12-25,C100869,P4016,Consumables Item 16,Consumables,924.52,4,0.0,3698.08,2225.14,1472.94,East
O202600,2024-08-10,C100016,P2013,Technology Item 13,Technology,2603.81,2,0.05,4947.24,2356.52,2590.72,West
O202601,2024-02-19,C100808,P5020,Accessories Item 20,Accessories,75.35,2,0.05,143.16,89.21,53.95,West
O202602,2023-04-19,C100106,P4018,Consumables Item 18,Consumables,772.22,2,0.0,1544.44,1191.7,352.74,West
O202603,2023-04-23,C100283,P5017,Accessories Item 17,Accessories,955.69,5,0.0,4778.45,2993.81,1784.64,East
O202604,2024-02-13,C100104,P3005,Furniture Item 5,Furniture,764.38,3,0.05,2178.48,1014.97,1163.51,South
O202605,2023-10-11,C100361,P3005,Furniture Item 5,Furniture,764.38,2,0.0,1528.76,1221.25,307.51,East
O202606,2024-01-19,C100658,P5008,Accessories Item 8,Accessories,497.2,3,0.0,1491.6,894.28,597.32,East
O202607,2025-09-07,C100035,P1015,Office Supplies Item 15,Office Supplies,1276.5,1,0.0,1276.5,673.76,602.74,East
O202608,2025-10-29,C100113,P5015,Accessories Item 15,Accessories,191.35,5,0.0,956.75,575.34,381.41,South
O202609,2024-07-20,C100308,P1017,Office Supplies Item 17,Office Supplies,816.15,4,0.0,3264.6,1650.18,1614.42,East
O202610,2024-06-14,C100911,P1012,Office Supplies Item 12,Office Supplies,362.33,4,0.05,1376.85,567.47,809.38,West
O202611,2024-04-10,C100959,P2002,Technology Item 2,Technology,613.05,6,0.0,3678.3,2780.09,898.21,East
O202612,2024-01-30,C100053,P2003,Technology Item 3,Technology,1102.81,4,0.15,3749.55,2143.05,1606.5,Central
O202613,2025-01-19,C100859,P5010,Accessories Item 10,Accessories,678.1,2,0.0,1356.2,950.91,405.29,Central
O202614,2023-05-07,C100081,P4018,Consumables Item 18,Consumables,772.22,4,0.0,3088.88,2435.59,653.29,West
O202615,2025-08-17,C100616,P1012,Office Supplies Item 12,Office Supplies,362.33,2,0.05,688.43,449.57,238.86,South
O202616,2024-10-11,C100834,P4008,Consumables Item 8,Consumables,241.88,5,0.0,1209.4,818.34,391.06,Central
O202617,2024-04-12,C100369,P3011,Furniture Item 11,Furniture,542.78,4,0.05,2062.56,1603.22,459.34,South
O202618,2024-01-08,C100242,P1013,Office Supplies Item 13,Office Supplies,945.16,1,0.1,850.64,516.02,334.62,Central
O202619,2023-08-15,C100031,P3017,Furniture Item 17,Furniture,715.82,6,0.15,3650.68,1927.41,1723.27,West
O202620,2024-03-13,C100829,P3015,Furniture Item 15,Furniture,1408.62,4,0.2,4507.58,3464.32,1043.26,East
O202621,2023-08-30,C100704,P5002,Accessories Item 2,Accessories,19.27,4,0.0,77.08,32.96,44.12,Central
O202622,2023-01-26,C100869,P2008,Technology Item 8,Technology,1671.55,8,0.0,13372.4,6496.89,6875.51,West
O202623,2025-02-07,C100361,P3004,Furniture Item 4,Furniture,1197.1,2,0.0,2394.2,1284.5,1109.7,Central
O202624,2024-01-12,C100233,P1019,Office Supplies Item 19,Office Supplies,414.61,3,0.1,1119.45,797.99,321.46,South
O202625,2024-04-24,C100610,P3006,Furniture Item 6,Furniture,1126.74,3,0.0,3380.22,2574.24,805.98,East
O202626,2025-09-11,C100034,P1003,Office Supplies Item 3,Office Supplies,468.91,5,0.05,2227.32,1293.44,933.88,Central
O202627,2025-02-10,C100243,P5003,Accessories Item 3,Accessories,117.58,3,0.0,352.74,181.47,171.27,West
O202628,2025-01-05,C100951,P1020,Office Supplies Item 20,Office Supplies,891.62,2,0.0,1783.24,965.24,818.0,East
O202629,2024-05-13,C100059,P2005,Technology Item 5,Technology,4160.53,3,0.0,12481.59,8270.54,4211.05,Central
O202630,2024-12-01,C100771,P4015,Consumables Item 15,Consumables,978.0,3,0.0,2934.0,1359.04,1574.96,West
O202631,2024-02-10,C100529,P3016,Furniture Item 16,Furniture,445.94,2,0.0,891.88,552.05,339.83,South
O202632,2024-09-05,C100078,P5001,Accessories Item 1,Accessories,306.1,2,0.0,612.2,388.98,223.22,West
O202633,2024-09-15,C100718,P4001,Consumables Item 1,Consumables,1495.23,3,0.0,4485.69,3064.36,1421.33,South
O202634,2023-03-18,C100302,P3015,Furniture Item 15,Furniture,1408.62,4,0.0,5634.48,3614.85,2019.63,West
O202635,2024-05-31,C100678,P2015,Technology Item 15,Technology,89.72,2,0.0,179.44,78.74,100.7,West
O202636,2024-10-10,C100803,P4018,Consumables Item 18,Consumables,772.22,4,0.0,3088.88,2086.6,1002.28,West
O202637,2023-06-16,C100897,P3019,Furniture Item 19,Furniture,1035.24,4,0.1,3726.86,1523.16,2203.7,East
O202638,2023-08-08,C100112,P2019,Technology Item 19,Technology,1281.18,2,0.05,2434.24,1353.74,1080.5,Central
O202639,2024-09-14,C100413,P3017,Furniture Item 17,Furniture,715.82,4,0.0,2863.28,1622.98,1240.3,West
O202640,2025-02-05,C100900,P5003,Accessories Item 3,Accessories,117.58,2,0.0,235.16,105.03,130.13,South
O202641,2024-01-05,C100317,P4007,Consumables Item 7,Consumables,334.97,5,0.0,1674.85,676.54,998.31,West
O202642,2025-09-29,C100865,P2014,Technology Item 14,Technology,3038.06,2,0.15,5164.7,2212.89,2951.81,West
O202643,2023-08-29,C100145,P3001,Furniture Item 1,Furniture,388.34,2,0.0,776.68,449.32,327.36,East
O202644,2024-04-16,C100668,P2002,Technology Item 2,Technology,613.05,3,0.05,1747.19,866.85,880.34,Central
O202645,2024-12-08,C100690,P2007,Technology Item 7,Technology,1312.26,2,0.0,2624.52,1122.22,1502.3,South
O202646,2024-01-18,C100858,P2001,Technology Item 1,Technology,2209.18,4,0.0,8836.72,4441.0,4395.72,East
O202647,2025-09-22,C100648,P3001,Furniture Item 1,Furniture,388.34,3,0.1,1048.52,641.2,407.32,East
O202648,2023-07-18,C100930,P2011,Technology Item 11,Technology,4293.44,3,0.0,12880.32,8975.72,3904.6,Central
O202649,2024-11-08,C100827,P2007,Technology Item 7,Technology,1312.26,2,0.0,2624.52,1482.33,1142.19,East
O202650,2025-01-04,C100018,P2017,Technology Item 17,Technology,3583.54,1,0.15,3046.01,1965.47,1080.54,West
O202651,2023-01-09,C100351,P4006,Consumables Item 6,Consumables,1311.65,3,0.0,3934.95,2513.28,1421.67,Central
O202652,2025-07-10,C100955,P3014,Furniture Item 14,Furniture,668.13,2,0.0,1336.26,1013.59,322.67,West
O202653,2024-02-24,C100155,P1009,Office Supplies Item 9,Office Supplies,75.25,3,0.0,225.75,106.5,119.25,East
O202654,2022-11-24,C100784,P5003,Accessories Item 3,Accessories,117.58,5,0.2,470.32,277.76,192.56,Central
O202655,2025-06-22,C100506,P3002,Furniture Item 2,Furniture,1401.3,4,0.1,5044.68,3292.82,1751.86,West
O202656,2024-11-15,C100778,P2016,Technology Item 16,Technology,1535.17,1,0.0,1535.17,933.21,601.96,East
O202657,2025-02-22,C100360,P1010,Office Supplies Item 10,Office Supplies,511.53,5,0.15,2174.0,1261.22,912.78,West
O202658,2023-09-21,C100332,P3019,Furniture Item 19,Furniture,1035.24,1,0.0,1035.24,817.2,218.04,East
O202659,2025-01-06,C100918,P2020,Technology Item 20,Technology,2640.06,8,0.0,21120.48,16406.51,4713.97,Central
O202660,2022-11-18,C100528,P3014,Furniture Item 14,Furniture,668.13,1,0.0,668.13,430.66,237.47,Central
O202661,2022-12-14,C100012,P2019,Technology Item 19,Technology,1281.18,3,0.05,3651.36,2102.56,1548.8,East
O202662,2023-04-04,C100075,P1007,Office Supplies Item 7,Office Supplies,1432.06,5,0.05,6802.28,4776.24,2026.04,Central
O202663,2025-03-16,C100212,P1004,Office Supplies Item 4,Office Supplies,601.69,3,0.0,1805.07,1092.38,712.69,East
O202664,2025-05-10,C100691,P1015,Office Supplies Item 15,Office Supplies,1276.5,4,0.0,5106.0,4075.75,1030.25,Central
O202665,2024-11-12,C100641,P4016,Consumables Item 16,Consumables,924.52,5,0.2,3698.08,2493.89,1204.19,Central
O202666,2023-06-13,C100283,P3008,Furniture Item 8,Furniture,774.16,6,0.1,4180.46,1786.16,2394.3,East
O202667,2023-06-05,C100195,P1006,Office Supplies Item 6,Office Supplies,309.21,3,0.05,881.25,494.17,387.08,East
O202668,2022-12-01,C100780,P4013,Consumables Item 13,Consumables,756.61,4,0.0,3026.44,2094.62,931.82,South
O202669,2025-10-18,C100030,P2015,Technology Item 15,Technology,89.72,5,0.1,403.74,297.54,106.2,Central
O202670,2025-04-16,C100009,P4012,Consumables Item 12,Consumables,605.54,5,0.05,2876.31,2086.33,789.98,South
O202671,2025-05-23,C100309,P4011,Consumables Item 11,Consumables,470.52,4,0.2,1505.66,1190.82,314.84,West
O202672,2024-01-19,C100445,P4008,Consumables Item 8,Consumables,241.88,3,0.0,725.64,432.23,293.41,West
O202673,2024-04-13,C100310,P3018,Furniture Item 18,Furniture,1136.61,2,0.05,2159.56,984.82,1174.74,West
O202674,2024-11-07,C100677,P4017,Consumables Item 17,Consumables,267.63,3,0.2,642.31,424.5,217.81,West
O202675,2025-03-23,C100705,P1019,Office Supplies Item 19,Office Supplies,414.61,3,0.0,1243.83,532.73,711.1,Central
O202676,2024-05-19,C100426,P4002,Consumables Item 2,Consumables,643.15,5,0.05,3054.96,2411.61,643.35,South
O202677,2023-01-15,C100817,P4011,Consumables Item 11,Consumables,470.52,1,0.2,376.42,264.78,111.64,East
O202678,2024-04-30,C100772,P1010,Office Supplies Item 10,Office Supplies,511.53,7,0.0,3580.71,2839.0,741.71,West
O202679,2023-07-25,C100704,P2005,Technology Item 5,Technology,4160.53,2,0.05,7905.01,4354.88,3550.13,West
O202680,2023-09-13,C100591,P3004,Furniture Item 4,Furniture,1197.1,3,0.0,3591.3,1459.21,2132.09,West
O202681,2022-11-25,C100691,P5019,Accessories Item 19,Accessories,123.42,2,0.0,246.84,150.21,96.63,West
O202682,2023-04-09,C100091,P3018,Furniture Item 18,Furniture,1136.61,1,0.0,1136.61,509.74,626.87,South
O202683,2024-06-18,C100456,P2005,Technology Item 5,Technology,4160.53,2,0.0,8321.06,5590.51,2730.55,South
O202684,2025-04-18,C100444,P5013,Accessories Item 13,Accessories,1059.89,2,0.05,2013.79,1206.3,807.49,East
O202685,2024-03-16,C100727,P4016,Consumables Item 16,Consumables,924.52,2,0.0,1849.04,1296.88,552.16,Central
O202686,2025-08-09,C100079,P2020,Technology Item 20,Technology,2640.06,4,0.15,8976.2,4635.56,4340.64,West
O202687,2024-10-03,C100475,P4016,Consumables Item 16,Consumables,924.52,2,0.0,1849.04,1352.88,496.16,West
O202688,2022-11-01,C100927,P4010,Consumables Item 10,Consumables,1234.94,6,0.05,7039.16,4648.16,2391.0,East
O202689,2024-11-10,C100103,P1010,Office Supplies Item 10,Office Supplies,511.53,5,0.0,2557.65,2033.55,524.1,East
O202690,2023-09-16,C100623,P4006,Consumables Item 6,Consumables,1311.65,5,0.0,6558.25,3091.71,3466.54,South
O202691,2023-11-17,C100456,P2005,Technology Item 5,Technology,4160.53,2,0.0,8321.06,3498.75,4822.31,Central
O202692,2025-04-16,C100990,P4011,Consumables Item 11,Consumables,470.52,4,0.0,1882.08,1393.53,488.55,West
O202693,2024-10-17,C100314,P5007,Accessories Item 7,Accessories,687.81,4,0.1,2476.12,1325.67,1150.45,Central
O202694,2023-09-03,C100247,P1011,Office Supplies Item 11,Office Supplies,610.7,5,0.1,2748.15,1573.31,1174.84,East
O202695,2023-11-26,C100234,P2016,Technology Item 16,Technology,1535.17,1,0.1,1381.65,1064.24,317.41,Central
O202696,2025-07-17,C100594,P3009,Furniture Item 9,Furniture,1285.97,2,0.05,2443.34,1408.04,1035.3,Central
O202697,2023-08-25,C100644,P3008,Furniture Item 8,Furniture,774.16,2,0.05,1470.9,763.7,707.2,West
O202698,2023-06-21,C100235,P5007,Accessories Item 7,Accessories,687.81,1,0.0,687.81,291.49,396.32,East
O202699,2023-07-29,C100790,P1007,Office Supplies Item 7,Office Supplies,1432.06,4,0.0,5728.24,3306.19,2422.05,South
O202700,2025-10-19,C100387,P5011,Accessories Item 11,Accessories,385.85,2,0.05,733.12,485.31,247.81,West
O202701,2024-09-07,C100847,P4017,Consumables Item 17,Consumables,267.63,4,0.0,1070.52,543.47,527.05,East
O202702,2024-10-06,C100611,P3011,Furniture Item 11,Furniture,542.78,7,0.0,3799.46,2610.65,1188.81,Central
O202703,2023-06-22,C100943,P1017,Office Supplies Item 17,Office Supplies,816.15,2,0.0,1632.3,965.19,667.11,Central
O202704,2025-02-22,C100038,P2012,Technology Item 12,Technology,3897.09,2,0.0,7794.18,5792.97,2001.21,Central
O202705,2024-03-05,C100161,P2006,Technology Item 6,Technology,1048.28,8,0.0,8386.24,3897.04,4489.2,Central
O202706,2024-03-17,C100462,P2002,Technology Item 2,Technology,613.05,3,0.0,1839.15,1292.61,546.54,Central
O202707,2025-04-08,C100944,P1013,Office Supplies Item 13,Office Supplies,945.16,2,0.0,1890.32,1461.26,429.06,East
O202708,2024-06-14,C100449,P1012,Office Supplies Item 12,Office Supplies,362.33,2,0.0,724.66,504.77,219.89,South
O202709,2024-11-15,C100117,P4011,Consumables Item 11,Consumables,470.52,4,0.0,1882.08,1058.43,823.65,East
O202710,2024-01-02,C100241,P1001,Office Supplies Item 1,Office Supplies,53.51,4,0.0,214.04,105.35,108.69,East
O202711,2024-09-27,C100026,P2013,Technology Item 13,Technology,2603.81,1,0.0,2603.81,1143.98,1459.83,West
O202712,2024-08-07,C100648,P1014,Office Supplies Item 14,Office Supplies,962.37,1,0.1,866.13,569.0,297.13,West
O202713,2024-11-01,C100562,P4004,Consumables Item 4,Consumables,50.47,3,0.0,151.41,69.22,82.19,East
O202714,2025-01-08,C100976,P3003,Furniture Item 3,Furniture,200.93,3,0.1,542.51,398.92,143.59,West
O202715,2023-10-30,C100806,P3018,Furniture Item 18,Furniture,1136.61,3,0.0,3409.83,2674.31,735.52,West
O202716,2023-05-21,C100906,P3001,Furniture Item 1,Furniture,388.34,2,0.0,776.68,352.86,423.82,West
O202717,2025-03-31,C100298,P5001,Accessories Item 1,Accessories,306.1,4,0.0,1224.4,673.94,550.46,East
O202718,2023-03-26,C100805,P4008,Consumables Item 8,Consumables,241.88,2,0.0,483.76,374.87,108.89,East
O202719,2025-02-13,C100154,P2019,Technology Item 19,Technology,1281.18,3,0.0,3843.54,2261.08,1582.46,Central
O202720,2024-07-31,C100732,P1001,Office Supplies Item 1,Office Supplies,53.51,4,0.05,203.34,124.88,78.46,South
O202721,2023-03-15,C100652,P3001,Furniture Item 1,Furniture,388.34,1,0.05,368.92,257.88,111.04,East
O202722,2024-07-18,C100468,P3005,Furniture Item 5,Furniture,764.38,3,0.0,2293.14,1110.37,1182.77,Central
O202723,2023-01-03,C100049,P5008,Accessories Item 8,Accessories,497.2,3,0.0,1491.6,1180.84,310.76,South
O202724,2024-03-05,C100654,P5018,Accessories Item 18,Accessories,1149.97,1,0.05,1092.47,778.22,314.25,East
O202725,2022-12-11,C100046,P5018,Accessories Item 18,Accessories,1149.97,2,0.0,2299.94,1068.44,1231.5,South
O202726,2025-08-23,C100675,P5008,Accessories Item 8,Accessories,497.2,2,0.15,845.24,375.65,469.59,South
O202727,2025-05-01,C100285,P4019,Consumables Item 19,Consumables,1074.49,2,0.15,1826.63,1413.78,412.85,East
O202728,2025-07-02,C100780,P5001,Accessories Item 1,Accessories,306.1,3,0.15,780.56,526.11,254.45,East
O202729,2023-11-03,C100628,P1013,Office Supplies Item 13,Office Supplies,945.16,5,0.0,4725.8,1963.22,2762.58,South
O202730,2025-05-06,C100082,P4011,Consumables Item 11,Consumables,470.52,1,0.0,470.52,214.93,255.59,West
O202731,2025-08-24,C100044,P1009,Office Supplies Item 9,Office Supplies,75.25,4,0.15,255.85,107.23,148.62,East
O202732,2023-07-02,C100706,P4003,Consumables Item 3,Consumables,171.17,2,0.0,342.34,270.32,72.02,West
O202733,2025-04-20,C100770,P5019,Accessories Item 19,Accessories,123.42,2,0.0,246.84,147.89,98.95,East
O202734,2023-04-15,C100955,P2003,Technology Item 3,Technology,1102.81,1,0.0,1102.81,644.99,457.82,South
O202735,2025-09-15,C100273,P3014,Furniture Item 14,Furniture,668.13,2,0.0,1336.26,1045.37,290.89,East
O202736,2025-09-06,C100394,P3007,Furniture Item 7,Furniture,469.52,2,0.05,892.09,536.91,355.18,West
O202737,2024-10-28,C100786,P2019,Technology Item 19,Technology,1281.18,2,0.15,2178.01,1322.27,855.74,Central
O202738,2024-02-26,C100790,P5007,Accessories Item 7,Accessories,687.81,2,0.1,1238.06,982.57,255.49,South
O202739,2024-04-26,C100595,P2006,Technology Item 6,Technology,1048.28,2,0.05,1991.73,885.47,1106.26,South
O202740,2025-05-19,C100058,P1001,Office Supplies Item 1,Office Supplies,53.51,3,0.0,160.53,127.51,33.02,West
O202741,2023-12-05,C100565,P1014,Office Supplies Item 14,Office Supplies,962.37,5,0.0,4811.85,2243.63,2568.22,South
O202742,2024-07-11,C100001,P5016,Accessories Item 16,Accessories,1442.31,7,0.0,10096.17,5948.31,4147.86,West
O202743,2025-03-28,C100216,P4014,Consumables Item 14,Consumables,1259.98,2,0.0,2519.96,1348.29,1171.67,Central
O202744,2023-02-09,C100317,P4005,Consumables Item 5,Consumables,1091.68,2,0.0,2183.36,1707.76,475.6,West
O202745,2025-03-29,C100228,P4009,Consumables Item 9,Consumables,98.0,3,0.05,279.3,165.96,113.34,South
O202746,2025-02-07,C100473,P4007,Consumables Item 7,Consumables,334.97,2,0.0,669.94,274.14,395.8,Central
O202747,2024-11-28,C100484,P3009,Furniture Item 9,Furniture,1285.97,1,0.2,1028.78,502.74,526.04,East
O202748,2023-04-12,C100766,P3010,Furniture Item 10,Furniture,702.98,2,0.2,1124.77,643.73,481.04,East
O202749,2024-03-16,C100671,P3018,Furniture Item 18,Furniture,1136.61,3,0.0,3409.83,2286.48,1123.35,South
O202750,2024-04-30,C100287,P3013,Furniture Item 13,Furniture,1077.46,1,0.0,1077.46,673.16,404.3,South
O202751,2023-11-16,C100511,P5011,Accessories Item 11,Accessories,385.85,2,0.1,694.53,513.93,180.6,West
O202752,2025-03-19,C100578,P3017,Furniture Item 17,Furniture,715.82,3,0.2,1717.97,1256.48,461.49,West
O202753,2025-04-23,C100915,P5006,Accessories Item 6,Accessories,15.68,3,0.15,39.98,25.44,14.54,South
O202754,2025-07-29,C100821,P1018,Office Supplies Item 18,Office Supplies,982.11,6,0.0,5892.66,3703.69,2188.97,East
O202755,2024-07-01,C100972,P1016,Office Supplies Item 16,Office Supplies,1112.6,1,0.0,1112.6,568.83,543.77,East
O202756,2023-09-03,C100458,P1002,Office Supplies Item 2,Office Supplies,357.2,3,0.0,1071.6,839.24,232.36,Central
O202757,2022-12-25,C100095,P1013,Office Supplies Item 13,Office Supplies,945.16,4,0.0,3780.64,1628.47,2152.17,East
O202758,2025-07-10,C100493,P3005,Furniture Item 5,Furniture,764.38,2,0.0,1528.76,854.29,674.47,West
O202759,2023-09-29,C100765,P4020,Consumables Item 20,Consumables,1460.03,2,0.1,2628.05,1745.9,882.15,East
O202760,2023-03-07,C100150,P4012,Consumables Item 12,Consumables,605.54,5,0.0,3027.7,2356.35,671.35,Central
O202761,2024-10-05,C100023,P3003,Furniture Item 3,Furniture,200.93,2,0.1,361.67,217.22,144.45,East
O202762,2023-07-01,C100756,P4012,Consumables Item 12,Consumables,605.54,4,0.0,2422.16,1836.89,585.27,East
O202763,2024-06-22,C100215,P3014,Furniture Item 14,Furniture,668.13,3,0.0,2004.39,885.78,1118.61,East
O202764,2024-03-17,C100399,P4014,Consumables Item 14,Consumables,1259.98,5,0.0,6299.9,3859.53,2440.37,West
O202765,2024-06-26,C100410,P5017,Accessories Item 17,Accessories,955.69,4,0.0,3822.76,2012.38,1810.38,East
O202766,2023-08-30,C100131,P2011,Technology Item 11,Technology,4293.44,4,0.1,15456.38,11101.99,4354.39,East
O202767,2023-06-23,C100855,P4016,Consumables Item 16,Consumables,924.52,7,0.0,6471.64,3740.59,2731.05,West
O202768,2025-09-27,C100148,P1009,Office Supplies Item 9,Office Supplies,75.25,3,0.15,191.89,113.23,78.66,East
O202769,2023-03-19,C100381,P4013,Consumables Item 13,Consumables,756.61,4,0.2,2421.15,1031.2,1389.95,East
O202770,2023-05-14,C100109,P3008,Furniture Item 8,Furniture,774.16,1,0.1,696.74,400.77,295.97,Central
O202771,2024-08-08,C100552,P1018,Office Supplies Item 18,Office Supplies,982.11,2,0.0,1964.22,849.19,1115.03,South
O202772,2022-11-01,C100121,P5014,Accessories Item 14,Accessories,784.72,4,0.0,3138.88,1631.67,1507.21,Central
O202773,2024-05-14,C100295,P5016,Accessories Item 16,Accessories,1442.31,4,0.0,5769.24,2600.5,3168.74,Central
O202774,2024-10-13,C100120,P5007,Accessories Item 7,Accessories,687.81,1,0.0,687.81,367.15,320.66,South
O202775,2023-12-18,C100456,P1011,Office Supplies Item 11,Office Supplies,610.7,4,0.2,1954.24,959.44,994.8,East
O202776,2024-04-21,C100530,P4002,Consumables Item 2,Consumables,643.15,3,0.0,1929.45,991.88,937.57,West
O202777,2024-01-03,C100169,P5004,Accessories Item 4,Accessories,566.9,6,0.1,3061.26,1406.2,1655.06,Central
O202778,2023-06-23,C100710,P1019,Office Supplies Item 19,Office Supplies,414.61,5,0.1,1865.74,1074.37,791.37,West
O202779,2023-10-15,C100923,P5020,Accessories Item 20,Accessories,75.35,3,0.2,180.84,108.33,72.51,Central
O202780,2023-12-01,C100996,P5010,Accessories Item 10,Accessories,678.1,2,0.0,1356.2,996.34,359.86,Central
O202781,2023-12-21,C100143,P4014,Consumables Item 14,Consumables,1259.98,2,0.0,2519.96,1551.11,968.85,South
O202782,2025-05-04,C100037,P2004,Technology Item 4,Technology,1323.25,2,0.0,2646.5,1300.76,1345.74,South
O202783,2025-10-10,C100698,P1013,Office Supplies Item 13,Office Supplies,945.16,4,0.1,3402.58,2362.61,1039.97,East
O202784,2023-01-20,C100261,P3006,Furniture Item 6,Furniture,1126.74,3,0.0,3380.22,1753.99,1626.23,East
O202785,2022-12-06,C100231,P3013,Furniture Item 13,Furniture,1077.46,1,0.0,1077.46,756.98,320.48,East
O202786,2025-10-26,C100254,P5018,Accessories Item 18,Accessories,1149.97,1,0.0,1149.97,638.08,511.89,East
O202787,2024-08-02,C100329,P2009,Technology Item 9,Technology,2991.89,3,0.0,8975.67,5434.5,3541.17,Central
O202788,2025-03-31,C100903,P2016,Technology Item 16,Technology,1535.17,2,0.0,3070.34,1846.82,1223.52,West
O202789,2024-11-26,C100297,P4011,Consumables Item 11,Consumables,470.52,4,0.0,1882.08,1472.27,409.81,South
O202790,2024-07-15,C100980,P5014,Accessories Item 14,Accessories,784.72,4,0.15,2668.05,1231.21,1436.84,East
O202791,2024-02-11,C100010,P1017,Office Supplies Item 17,Office Supplies,816.15,1,0.0,816.15,632.86,183.29,East
O202792,2023-10-22,C100446,P3008,Furniture Item 8,Furniture,774.16,6,0.1,4180.46,2611.93,1568.53,South
O202793,2024-10-09,C100922,P4017,Consumables Item 17,Consumables,267.63,3,0.05,762.75,608.27,154.48,Central
O202794,2025-08-16,C100836,P2004,Technology Item 4,Technology,1323.25,2,0.0,2646.5,1665.32,981.18,West
O202795,2025-04-20,C100230,P3014,Furniture Item 14,Furniture,668.13,3,0.1,1803.95,1195.21,608.74,Central
O202796,2024-09-03,C100536,P5015,Accessories Item 15,Accessories,191.35,2,0.0,382.7,267.82,114.88,East
O202797,2024-01-13,C100078,P5011,Accessories Item 11,Accessories,385.85,4,0.05,1466.23,1068.46,397.77,Central
O202798,2024-04-14,C100425,P5005,Accessories Item 5,Accessories,1231.71,4,0.05,4680.5,2766.29,1914.21,West
O202799,2023-03-07,C100193,P1001,Office Supplies Item 1,Office Supplies,53.51,1,0.05,50.83,34.13,16.7,East
O202800,2023-05-24,C100401,P4019,Consumables Item 19,Consumables,1074.49,5,0.0,5372.45,3470.35,1902.1,East
O202801,2022-11-29,C100109,P4007,Consumables Item 7,Consumables,334.97,2,0.0,669.94,377.07,292.87,South
O202802,2024-01-19,C100792,P1006,Office Supplies Item 6,Office Supplies,309.21,2,0.1,556.58,405.37,151.21,West
O202803,2025-06-23,C100923,P4018,Consumables Item 18,Consumables,772.22,1,0.05,733.61,349.92,383.69,Central
O202804,2024-02-07,C100263,P3015,Furniture Item 15,Furniture,1408.62,6,0.1,7606.55,3551.14,4055.41,Central
O202805,2023-03-31,C100329,P2018,Technology Item 18,Technology,362.51,3,0.05,1033.15,717.6,315.55,West
O202806,2023-06-28,C100363,P2013,Technology Item 13,Technology,2603.81,1,0.0,2603.81,1705.48,898.33,East
O202807,2023-07-24,C100867,P1008,Office Supplies Item 8,Office Supplies,1378.19,4,0.0,5512.76,2905.58,2607.18,South
O202808,2025-05-01,C100378,P5010,Accessories Item 10,Accessories,678.1,4,0.05,2576.78,1685.35,891.43,Central
O202809,2024-03-11,C100780,P4019,Consumables Item 19,Consumables,1074.49,4,0.1,3868.16,2739.66,1128.5,West
O202810,2024-09-15,C100341,P4018,Consumables Item 18,Consumables,772.22,3,0.0,2316.66,1127.72,1188.94,West
O202811,2023-04-07,C100259,P1020,Office Supplies Item 20,Office Supplies,891.62,3,0.0,2674.86,1692.0,982.86,Central
O202812,2023-04-21,C100335,P3015,Furniture Item 15,Furniture,1408.62,2,0.0,2817.24,2056.21,761.03,East
O202813,2024-03-08,C100085,P3008,Furniture Item 8,Furniture,774.16,4,0.0,3096.64,1748.04,1348.6,Central
O202814,2025-06-27,C100522,P5003,Accessories Item 3,Accessories,117.58,2,0.0,235.16,147.84,87.32,Central
O202815,2024-09-06,C100801,P3016,Furniture Item 16,Furniture,445.94,4,0.0,1783.76,769.54,1014.22,East
O202816,2024-08-20,C100814,P5017,Accessories Item 17,Accessories,955.69,1,0.0,955.69,699.74,255.95,Central
O202817,2025-04-21,C100571,P5020,Accessories Item 20,Accessories,75.35,4,0.0,301.4,216.54,84.86,South
O202818,2024-08-27,C100308,P5008,Accessories Item 8,Accessories,497.2,1,0.1,447.48,260.66,186.82,East
O202819,2023-11-02,C100262,P1010,Office Supplies Item 10,Office Supplies,511.53,3,0.0,1534.59,687.03,847.56,East
O202820,2024-05-03,C100898,P3012,Furniture Item 12,Furniture,806.55,4,0.0,3226.2,2142.71,1083.49,Central
O202821,2024-08-04,C100797,P3010,Furniture Item 10,Furniture,702.98,2,0.05,1335.66,840.39,495.27,East
O202822,2023-07-13,C100631,P2014,Technology Item 14,Technology,3038.06,1,0.1,2734.25,2099.34,634.91,South
O202823,2023-05-27,C100680,P2016,Technology Item 16,Technology,1535.17,4,0.0,6140.68,3143.56,2997.12,West
O202824,2024-01-24,C100865,P4001,Consumables Item 1,Consumables,1495.23,4,0.15,5083.78,2099.25,2984.53,South
O202825,2023-02-03,C100701,P5020,Accessories Item 20,Accessories,75.35,3,0.0,226.05,113.45,112.6,Central
O202826,2025-02-16,C100452,P1016,Office Supplies Item 16,Office Supplies,1112.6,4,0.0,4450.4,2541.9,1908.5,East
O202827,2024-02-21,C100251,P4019,Consumables Item 19,Consumables,1074.49,3,0.0,3223.47,1489.82,1733.65,West
O202828,2024-09-13,C100324,P1018,Office Supplies Item 18,Office Supplies,982.11,2,0.05,1866.01,1477.68,388.33,West
O202829,2024-12-01,C100925,P4011,Consumables Item 11,Consumables,470.52,4,0.0,1882.08,920.26,961.82,South
O202830,2023-05-09,C100229,P3007,Furniture Item 7,Furniture,469.52,5,0.0,2347.6,1575.58,772.02,South
O202831,2024-10-11,C100702,P5006,Accessories Item 6,Accessories,15.68,1,0.0,15.68,9.12,6.56,Central
O202832,2024-11-25,C100828,P2012,Technology Item 12,Technology,3897.09,1,0.0,3897.09,2424.22,1472.87,East
O202833,2025-02-13,C100636,P3003,Furniture Item 3,Furniture,200.93,3,0.0,602.79,466.0,136.79,West
O202834,2023-03-13,C100596,P5003,Accessories Item 3,Accessories,117.58,5,0.0,587.9,360.16,227.74,East
O202835,2022-12-25,C100297,P2020,Technology Item 20,Technology,2640.06,2,0.0,5280.12,2756.7,2523.42,East
O202836,2024-03-24,C100727,P4005,Consumables Item 5,Consumables,1091.68,5,0.1,4912.56,2398.93,2513.63,West
O202837,2024-08-31,C100237,P2015,Technology Item 15,Technology,89.72,3,0.0,269.16,203.7,65.46,East
O202838,2023-12-15,C100978,P4009,Consumables Item 9,Consumables,98.0,3,0.05,279.3,221.96,57.34,South
O202839,2025-07-14,C100625,P3010,Furniture Item 10,Furniture,702.98,3,0.0,2108.94,1056.02,1052.92,East
O202840,2024-11-03,C100217,P1012,Office Supplies Item 12,Office Supplies,362.33,4,0.2,1159.46,798.61,360.85,Central
O202841,2023-07-17,C100833,P4016,Consumables Item 16,Consumables,924.52,2,0.1,1664.14,1002.31,661.83,West
O202842,2023-08-26,C100246,P5005,Accessories Item 5,Accessories,1231.71,3,0.1,3325.62,2259.54,1066.08,South
O202843,2024-05-14,C100448,P3018,Furniture Item 18,Furniture,1136.61,10,0.05,10797.79,8483.67,2314.12,Central
O202844,2023-08-24,C100847,P5003,Accessories Item 3,Accessories,117.58,2,0.0,235.16,120.03,115.13,Central
O202845,2023-10-28,C100319,P4003,Consumables Item 3,Consumables,171.17,2,0.0,342.34,238.26,104.08,West
O202846,2024-06-11,C100994,P4013,Consumables Item 13,Consumables,756.61,2,0.1,1361.9,783.34,578.56,South
O202847,2023-03-07,C100432,P3009,Furniture Item 9,Furniture,1285.97,3,0.0,3857.91,2550.13,1307.78,East
O202848,2023-05-16,C100404,P2016,Technology Item 16,Technology,1535.17,2,0.0,3070.34,1727.56,1342.78,West
O202849,2023-06-09,C100886,P3014,Furniture Item 14,Furniture,668.13,3,0.05,1904.17,1301.18,602.99,South
O202850,2025-07-22,C100037,P3007,Furniture Item 7,Furniture,469.52,5,0.0,2347.6,1255.97,1091.63,South
O202851,2023-01-30,C100576,P2012,Technology Item 12,Technology,3897.09,2,0.15,6625.05,3944.17,2680.88,East
O202852,2023-12-16,C100731,P5019,Accessories Item 19,Accessories,123.42,2,0.1,222.16,151.85,70.31,Central
O202853,2022-11-08,C100342,P5015,Accessories Item 15,Accessories,191.35,3,0.05,545.35,227.46,317.89,West
O202854,2024-04-27,C100389,P3013,Furniture Item 13,Furniture,1077.46,3,0.0,3232.38,1717.16,1515.22,Central
O202855,2024-02-11,C100034,P2012,Technology Item 12,Technology,3897.09,4,0.05,14808.94,9158.94,5650.0,Central
O202856,2023-09-16,C100039,P4002,Consumables Item 2,Consumables,643.15,3,0.0,1929.45,829.0,1100.45,East
O202857,2023-07-27,C100579,P2017,Technology Item 17,Technology,3583.54,2,0.0,7167.08,4882.66,2284.42,South
O202858,2022-12-31,C100209,P5016,Accessories Item 16,Accessories,1442.31,3,0.15,3677.89,2667.63,1010.26,East
O202859,2025-01-05,C100830,P2018,Technology Item 18,Technology,362.51,3,0.0,1087.53,506.06,581.47,South
O202860,2024-05-06,C100856,P2010,Technology Item 10,Technology,545.3,2,0.1,981.54,680.59,300.95,South
O202861,2025-05-14,C100152,P3018,Furniture Item 18,Furniture,1136.61,5,0.1,5114.74,3367.95,1746.79,East
O202862,2024-08-22,C100899,P2012,Technology Item 12,Technology,3897.09,4,0.2,12470.69,7037.85,5432.84,Central
O202863,2024-10-16,C100365,P4006,Consumables Item 6,Consumables,1311.65,4,0.0,5246.6,2444.89,2801.71,East
O202864,2024-12-18,C100199,P3011,Furniture Item 11,Furniture,542.78,3,0.0,1628.34,1273.28,355.06,East
O202865,2023-05-13,C100601,P1011,Office Supplies Item 11,Office Supplies,610.7,1,0.15,519.1,303.99,215.11,South
O202866,2024-02-25,C100760,P3019,Furniture Item 19,Furniture,1035.24,3,0.1,2795.15,1323.38,1471.77,East
O202867,2025-03-04,C100835,P1020,Office Supplies Item 20,Office Supplies,891.62,5,0.1,4012.29,2757.51,1254.78,West
O202868,2024-03-12,C100079,P2017,Technology Item 17,Technology,3583.54,2,0.1,6450.37,4148.61,2301.76,South
O202869,2023-05-31,C100477,P4013,Consumables Item 13,Consumables,756.61,3,0.0,2269.83,1648.98,620.85,East
O202870,2024-08-26,C100434,P3009,Furniture Item 9,Furniture,1285.97,1,0.0,1285.97,1026.77,259.2,Central
O202871,2024-08-31,C100797,P1019,Office Supplies Item 19,Office Supplies,414.61,3,0.0,1243.83,519.85,723.98,Central
O202872,2023-06-09,C100842,P3015,Furniture Item 15,Furniture,1408.62,5,0.05,6690.94,4655.06,2035.88,Central
O202873,2023-07-31,C100032,P2020,Technology Item 20,Technology,2640.06,3,0.0,7920.18,6301.71,1618.47,South
O202874,2023-08-06,C100087,P1007,Office Supplies Item 7,Office Supplies,1432.06,3,0.05,4081.37,2511.24,1570.13,West
O202875,2025-01-24,C100551,P1005,Office Supplies Item 5,Office Supplies,367.17,2,0.0,734.34,503.96,230.38,Central
O202876,2023-08-03,C100393,P3002,Furniture Item 2,Furniture,1401.3,3,0.0,4203.9,2423.31,1780.59,South
O202877,2025-08-01,C100613,P5008,Accessories Item 8,Accessories,497.2,4,0.0,1988.8,1079.34,909.46,South
O202878,2024-03-28,C100244,P3008,Furniture Item 8,Furniture,774.16,5,0.05,3677.26,2495.33,1181.93,West
O202879,2025-05-11,C100232,P1007,Office Supplies Item 7,Office Supplies,1432.06,7,0.15,8520.76,6776.01,1744.75,Central
O202880,2024-08-03,C100910,P1011,Office Supplies Item 11,Office Supplies,610.7,2,0.1,1099.26,480.01,619.25,Central
O202881,2024-03-19,C100580,P4013,Consumables Item 13,Consumables,756.61,1,0.0,756.61,430.4,326.21,South
O202882,2024-06-12,C100192,P3009,Furniture Item 9,Furniture,1285.97,1,0.0,1285.97,998.23,287.74,West
O202883,2024-12-11,C100916,P2010,Technology Item 10,Technology,545.3,2,0.1,981.54,436.9,544.64,East
O202884,2024-11-09,C100540,P3001,Furniture Item 1,Furniture,388.34,1,0.0,388.34,256.45,131.89,West
O202885,2024-09-05,C100270,P1003,Office Supplies Item 3,Office Supplies,468.91,4,0.0,1875.64,1072.99,802.65,Central
O202886,2025-08-10,C100940,P5006,Accessories Item 6,Accessories,15.68,3,0.0,47.04,25.91,21.13,Central
O202887,2023-03-08,C100738,P2020,Technology Item 20,Technology,2640.06,2,0.0,5280.12,2554.39,2725.73,Central
O202888,2024-03-17,C100077,P3011,Furniture Item 11,Furniture,542.78,2,0.0,1085.56,510.79,574.77,West
O202889,2025-04-20,C100735,P5004,Accessories Item 4,Accessories,566.9,2,0.0,1133.8,687.67,446.13,East
O202890,2024-04-26,C100993,P2012,Technology Item 12,Technology,3897.09,1,0.0,3897.09,2147.2,1749.89,East
O202891,2024-03-06,C100884,P3008,Furniture Item 8,Furniture,774.16,2,0.0,1548.32,923.76,624.56,West
O202892,2025-09-10,C100167,P4011,Consumables Item 11,Consumables,470.52,4,0.05,1787.98,855.32,932.66,East
O202893,2024-10-14,C100284,P4011,Consumables Item 11,Consumables,470.52,4,0.0,1882.08,1016.48,865.6,South
O202894,2024-12-30,C100704,P1020,Office Supplies Item 20,Office Supplies,891.62,2,0.0,1783.24,1424.04,359.2,East
O202895,2023-12-21,C100089,P5009,Accessories Item 9,Accessories,83.46,5,0.05,396.43,216.94,179.49,Central
O202896,2023-03-28,C100544,P2015,Technology Item 15,Technology,89.72,4,0.2,287.1,162.24,124.86,East
O202897,2025-06-27,C100649,P2004,Technology Item 4,Technology,1323.25,1,0.0,1323.25,539.82,783.43,East
O202898,2022-11-29,C100156,P2020,Technology Item 20,Technology,2640.06,3,0.0,7920.18,4374.56,3545.62,East
O202899,2023-09-04,C100250,P4017,Consumables Item 17,Consumables,267.63,4,0.0,1070.52,755.1,315.42,Central
O202900,2023-04-11,C100095,P3012,Furniture Item 12,Furniture,806.55,5,0.05,3831.11,2322.57,1508.54,West
O202901,2025-03-18,C100017,P2019,Technology Item 19,Technology,1281.18,3,0.2,3074.83,2038.05,1036.78,East
O202902,2025-03-01,C100117,P4008,Consumables Item 8,Consumables,241.88,4,0.0,967.52,602.4,365.12,West
O202903,2022-12-31,C100983,P4001,Consumables Item 1,Consumables,1495.23,1,0.1,1345.71,595.07,750.64,Central
O202904,2023-03-05,C100333,P4016,Consumables Item 16,Consumables,924.52,3,0.0,2773.56,1477.91,1295.65,Central
O202905,2025-10-30,C100823,P5001,Accessories Item 1,Accessories,306.1,2,0.0,612.2,414.88,197.32,East
O202906,2025-02-15,C100522,P4005,Consumables Item 5,Consumables,1091.68,4,0.15,3711.71,2298.2,1413.51,South
O202907,2024-02-09,C100080,P4002,Consumables Item 2,Consumables,643.15,2,0.0,1286.3,861.8,424.5,East
O202908,2023-07-01,C100646,P5001,Accessories Item 1,Accessories,306.1,5,0.0,1530.5,832.7,697.8,South
O202909,2024-02-16,C100432,P1002,Office Supplies Item 2,Office Supplies,357.2,2,0.2,571.52,272.89,298.63,East
O202910,2025-06-16,C100203,P1006,Office Supplies Item 6,Office Supplies,309.21,4,0.0,1236.84,905.27,331.57,Central
O202911,2024-04-16,C100116,P4015,Consumables Item 15,Consumables,978.0,6,0.0,5868.0,3230.45,2637.55,West
O202912,2024-03-08,C100963,P3003,Furniture Item 3,Furniture,200.93,2,0.0,401.86,266.03,135.83,Central
O202913,2025-04-17,C100220,P5002,Accessories Item 2,Accessories,19.27,2,0.0,38.54,21.29,17.25,West
O202914,2023-01-21,C100253,P2020,Technology Item 20,Technology,2640.06,1,0.0,2640.06,2035.23,604.83,East
O202915,2025-03-05,C100169,P5009,Accessories Item 9,Accessories,83.46,1,0.0,83.46,66.5,16.96,West
O202916,2025-03-28,C100847,P2019,Technology Item 19,Technology,1281.18,1,0.05,1217.12,802.78,414.34,East
O202917,2025-05-11,C100316,P2008,Technology Item 8,Technology,1671.55,3,0.15,4262.45,2731.64,1530.81,Central
O202918,2022-11-12,C100717,P4020,Consumables Item 20,Consumables,1460.03,2,0.0,2920.06,2150.13,769.93,South
O202919,2024-01-23,C100810,P4003,Consumables Item 3,Consumables,171.17,2,0.0,342.34,207.63,134.71,West
O202920,2024-12-01,C100372,P4004,Consumables Item 4,Consumables,50.47,2,0.05,95.89,71.71,24.18,West
O202921,2022-11-26,C100760,P1012,Office Supplies Item 12,Office Supplies,362.33,2,0.0,724.66,409.56,315.1,East
O202922,2024-03-22,C100877,P3001,Furniture Item 1,Furniture,388.34,7,0.0,2718.38,1122.04,1596.34,West
O202923,2023-01-01,C100977,P2009,Technology Item 9,Technology,2991.89,3,0.05,8526.89,6571.13,1955.76,East
O202924,2023-06-17,C100583,P2003,Technology Item 3,Technology,1102.81,4,0.05,4190.68,2885.75,1304.93,East
O202925,2024-06-29,C100156,P5005,Accessories Item 5,Accessories,1231.71,4,0.0,4926.84,2977.32,1949.52,East
O202926,2025-09-24,C100614,P4020,Consumables Item 20,Consumables,1460.03,4,0.0,5840.12,4543.37,1296.75,South
O202927,2025-04-09,C100013,P3011,Furniture Item 11,Furniture,542.78,5,0.0,2713.9,2048.2,665.7,South
O202928,2024-11-30,C100508,P3005,Furniture Item 5,Furniture,764.38,2,0.0,1528.76,677.81,850.95,South
O202929,2024-06-17,C100465,P5010,Accessories Item 10,Accessories,678.1,5,0.0,3390.5,2203.01,1187.49,South
O202930,2025-09-14,C100783,P2002,Technology Item 2,Technology,613.05,3,0.0,1839.15,1131.52,707.63,Central
O202931,2025-09-21,C100804,P1010,Office Supplies Item 10,Office Supplies,511.53,3,0.05,1457.86,1035.94,421.92,East
O202932,2025-09-01,C100220,P1007,Office Supplies Item 7,Office Supplies,1432.06,4,0.15,4869.0,2533.38,2335.62,Central
O202933,2022-11-01,C100015,P4013,Consumables Item 13,Consumables,756.61,1,0.2,605.29,244.08,361.21,Central
O202934,2023-03-13,C100750,P5009,Accessories Item 9,Accessories,83.46,1,0.05,79.29,37.6,41.69,West
O202935,2023-01-25,C100117,P1015,Office Supplies Item 15,Office Supplies,1276.5,5,0.0,6382.5,3091.53,3290.97,Central
O202936,2024-03-30,C100331,P4017,Consumables Item 17,Consumables,267.63,3,0.0,802.89,414.75,388.14,Central
O202937,2023-04-24,C100056,P3006,Furniture Item 6,Furniture,1126.74,7,0.0,7887.18,4323.41,3563.77,West
O202938,2024-12-02,C100351,P5010,Accessories Item 10,Accessories,678.1,2,0.0,1356.2,925.77,430.43,East
O202939,2025-09-10,C100132,P5005,Accessories Item 5,Accessories,1231.71,1,0.2,985.37,423.41,561.96,Central
O202940,2025-07-24,C100995,P5007,Accessories Item 7,Accessories,687.81,4,0.0,2751.24,1635.94,1115.3,East
O202941,2024-05-31,C100226,P4001,Consumables Item 1,Consumables,1495.23,3,0.1,4037.12,2420.08,1617.04,East
O202942,2022-12-19,C100308,P5012,Accessories Item 12,Accessories,531.07,6,0.2,2549.14,1647.63,901.51,South
O202943,2024-04-11,C100475,P4001,Consumables Item 1,Consumables,1495.23,8,0.1,10765.66,5643.56,5122.1,West
O202944,2023-03-25,C100906,P3011,Furniture Item 11,Furniture,542.78,3,0.1,1465.51,738.49,727.02,South
O202945,2024-12-01,C100222,P2018,Technology Item 18,Technology,362.51,2,0.0,725.02,430.34,294.68,Central
O202946,2025-05-17,C100173,P1012,Office Supplies Item 12,Office Supplies,362.33,4,0.0,1449.32,962.12,487.2,West
O202947,2025-01-02,C100340,P5008,Accessories Item 8,Accessories,497.2,4,0.0,1988.8,830.99,1157.81,South
O202948,2023-09-15,C100797,P4017,Consumables Item 17,Consumables,267.63,5,0.1,1204.34,623.16,581.18,East
O202949,2024-09-28,C100506,P4006,Consumables Item 6,Consumables,1311.65,3,0.0,3934.95,2813.19,1121.76,South
O202950,2025-02-24,C100821,P3014,Furniture Item 14,Furniture,668.13,2,0.0,1336.26,793.31,542.95,Central
O202951,2024-12-22,C100157,P2019,Technology Item 19,Technology,1281.18,5,0.0,6405.9,5001.28,1404.62,South
O202952,2022-12-12,C100151,P4016,Consumables Item 16,Consumables,924.52,5,0.0,4622.6,3453.16,1169.44,South
O202953,2024-04-12,C100697,P2019,Technology Item 19,Technology,1281.18,3,0.0,3843.54,2066.2,1777.34,West
O202954,2023-08-19,C100178,P4018,Consumables Item 18,Consumables,772.22,3,0.2,1853.33,1279.74,573.59,South
O202955,2025-06-26,C100533,P2010,Technology Item 10,Technology,545.3,6,0.0,3271.8,1667.71,1604.09,Central
O202956,2023-02-05,C100112,P3008,Furniture Item 8,Furniture,774.16,5,0.0,3870.8,1819.74,2051.06,East
O202957,2023-01-13,C100683,P5003,Accessories Item 3,Accessories,117.58,4,0.0,470.32,353.87,116.45,South
O202958,2025-10-27,C100138,P2011,Technology Item 11,Technology,4293.44,2,0.0,8586.88,4637.77,3949.11,South
O202959,2024-11-27,C100233,P2005,Technology Item 5,Technology,4160.53,6,0.0,24963.18,12016.46,12946.72,East
O202960,2023-05-27,C100332,P4008,Consumables Item 8,Consumables,241.88,3,0.05,689.36,541.83,147.53,South
O202961,2023-12-15,C100542,P3011,Furniture Item 11,Furniture,542.78,1,0.05,515.64,212.66,302.98,Central
O202962,2023-09-27,C100893,P1013,Office Supplies Item 13,Office Supplies,945.16,3,0.0,2835.48,1550.33,1285.15,East
O202963,2023-10-10,C100307,P5020,Accessories Item 20,Accessories,75.35,4,0.1,271.26,112.67,158.59,West
O202964,2025-07-16,C100161,P4003,Consumables Item 3,Consumables,171.17,5,0.15,727.47,437.68,289.79,Central
O202965,2024-12-10,C100402,P3002,Furniture Item 2,Furniture,1401.3,4,0.0,5605.2,3141.55,2463.65,West
O202966,2023-01-13,C100590,P3014,Furniture Item 14,Furniture,668.13,2,0.0,1336.26,919.7,416.56,Central
O202967,2023-07-12,C100278,P4007,Consumables Item 7,Consumables,334.97,1,0.0,334.97,261.82,73.15,South
O202968,2025-06-16,C100320,P4020,Consumables Item 20,Consumables,1460.03,2,0.0,2920.06,1775.03,1145.03,South
O202969,2025-01-28,C100533,P5010,Accessories Item 10,Accessories,678.1,3,0.0,2034.3,1045.96,988.34,East
O202970,2025-07-13,C100897,P3016,Furniture Item 16,Furniture,445.94,2,0.0,891.88,667.9,223.98,West
O202971,2023-09-28,C100497,P1019,Office Supplies Item 19,Office Supplies,414.61,2,0.15,704.84,452.38,252.46,East
O202972,2024-11-16,C100363,P3006,Furniture Item 6,Furniture,1126.74,3,0.0,3380.22,2100.45,1279.77,Central
O202973,2025-02-13,C100372,P1015,Office Supplies Item 15,Office Supplies,1276.5,3,0.2,3063.6,1456.53,1607.07,South
O202974,2024-01-29,C100892,P2012,Technology Item 12,Technology,3897.09,4,0.0,15588.36,6488.45,9099.91,East
O202975,2023-09-09,C100655,P3009,Furniture Item 9,Furniture,1285.97,4,0.0,5143.88,3006.92,2136.96,West
O202976,2025-08-14,C100036,P2001,Technology Item 1,Technology,2209.18,7,0.0,15464.26,9452.05,6012.21,South
O202977,2023-06-16,C100303,P4005,Consumables Item 5,Consumables,1091.68,2,0.15,1855.86,836.69,1019.17,Central
O202978,2025-02-11,C100438,P4010,Consumables Item 10,Consumables,1234.94,1,0.0,1234.94,523.32,711.62,East
O202979,2025-03-07,C100726,P2007,Technology Item 7,Technology,1312.26,1,0.05,1246.65,606.41,640.24,West
O202980,2025-01-26,C100032,P2003,Technology Item 3,Technology,1102.81,3,0.0,3308.43,1406.87,1901.56,South
O202981,2025-08-14,C100186,P3007,Furniture Item 7,Furniture,469.52,4,0.0,1878.08,793.4,1084.68,West
O202982,2024-04-11,C100174,P5015,Accessories Item 15,Accessories,191.35,5,0.05,908.91,525.05,383.86,Central
O202983,2025-06-07,C100566,P1012,Office Supplies Item 12,Office Supplies,362.33,4,0.05,1376.85,996.97,379.88,Central
O202984,2024-01-01,C100673,P5005,Accessories Item 5,Accessories,1231.71,4,0.0,4926.84,3279.28,1647.56,Central
O202985,2022-12-12,C100250,P4006,Consumables Item 6,Consumables,1311.65,4,0.0,5246.6,3524.48,1722.12,West
O202986,2024-02-08,C100763,P1005,Office Supplies Item 5,Office Supplies,367.17,4,0.0,1468.68,741.65,727.03,East
O202987,2023-08-05,C100935,P1009,Office Supplies Item 9,Office Supplies,75.25,2,0.0,150.5,60.87,89.63,Central
O202988,2025-02-13,C100279,P1020,Office Supplies Item 20,Office Supplies,891.62,5,0.1,4012.29,2328.17,1684.12,South
O202989,2022-11-19,C100683,P5002,Accessories Item 2,Accessories,19.27,2,0.0,38.54,21.23,17.31,South
O202990,2023-01-05,C100695,P4003,Consumables Item 3,Consumables,171.17,1,0.05,162.61,126.66,35.95,Central
O202991,2023-04-16,C100002,P5006,Accessories Item 6,Accessories,15.68,7,0.05,104.27,44.71,59.56,West
O202992,2025-08-16,C100194,P4012,Consumables Item 12,Consumables,605.54,2,0.05,1150.53,817.53,333.0,West
O202993,2023-12-08,C100166,P5018,Accessories Item 18,Accessories,1149.97,5,0.0,5749.85,3186.37,2563.48,East
O202994,2023-12-14,C100759,P4013,Consumables Item 13,Consumables,756.61,4,0.1,2723.8,1993.41,730.39,South
O202995,2023-02-20,C100925,P4011,Consumables Item 11,Consumables,470.52,6,0.05,2681.96,1603.71,1078.25,East
O202996,2024-06-19,C100756,P2010,Technology Item 10,Technology,545.3,4,0.1,1963.08,1429.52,533.56,East
O202997,2024-08-12,C100110,P5002,Accessories Item 2,Accessories,19.27,7,0.05,128.15,75.19,52.96,Central
O202998,2025-09-28,C100380,P5011,Accessories Item 11,Accessories,385.85,5,0.0,1929.25,1081.81,847.44,Central
O202999,2023-02-13,C100835,P1016,Office Supplies Item 16,Office Supplies,1112.6,4,0.0,4450.4,3495.72,954.68,Central
O203000,2023-09-20,C100999,P5005,Accessories Item 5,Accessories,1231.71,2,0.0,2463.42,1348.83,1114.59,Central
O203001,2025-07-19,C100583,P1005,Office Supplies Item 5,Office Supplies,367.17,2,0.0,734.34,530.28,204.06,West
O203002,2024-01-03,C100676,P2009,Technology Item 9,Technology,2991.89,5,0.05,14211.48,6065.64,8145.84,East
O203003,2024-07-27,C100285,P3007,Furniture Item 7,Furniture,469.52,3,0.0,1408.56,598.72,809.84,South
O203004,2024-10-30,C100887,P2002,Technology Item 2,Technology,613.05,3,0.0,1839.15,1057.96,781.19,South
O203005,2025-04-07,C100421,P4018,Consumables Item 18,Consumables,772.22,4,0.0,3088.88,1959.05,1129.83,West
O203006,2025-10-20,C100113,P3017,Furniture Item 17,Furniture,715.82,3,0.0,2147.46,1381.7,765.76,West
O203007,2023-11-28,C100228,P5003,Accessories Item 3,Accessories,117.58,2,0.0,235.16,97.49,137.67,West
O203008,2023-05-23,C100471,P2015,Technology Item 15,Technology,89.72,3,0.0,269.16,182.68,86.48,Central
O203009,2023-07-16,C100813,P5008,Accessories Item 8,Accessories,497.2,4,0.05,1889.36,853.93,1035.43,Central
O203010,2024-02-29,C100528,P3020,Furniture Item 20,Furniture,1296.14,4,0.0,5184.56,4055.04,1129.52,East
O203011,2024-01-20,C100496,P4010,Consumables Item 10,Consumables,1234.94,3,0.0,3704.82,1976.22,1728.6,West
O203012,2025-08-20,C100031,P3020,Furniture Item 20,Furniture,1296.14,2,0.0,2592.28,1308.01,1284.27,Central
O203013,2023-10-08,C100162,P3018,Furniture Item 18,Furniture,1136.61,3,0.0,3409.83,1761.2,1648.63,South
O203014,2023-03-13,C100818,P1003,Office Supplies Item 3,Office Supplies,468.91,4,0.0,1875.64,1453.51,422.13,West
O203015,2024-01-17,C100705,P2014,Technology Item 14,Technology,3038.06,4,0.0,12152.24,7207.94,4944.3,Central
O203016,2023-07-11,C100722,P3005,Furniture Item 5,Furniture,764.38,4,0.0,3057.52,1754.62,1302.9,West
O203017,2023-07-23,C100378,P3010,Furniture Item 10,Furniture,702.98,5,0.0,3514.9,2201.59,1313.31,East
O203018,2023-02-01,C100446,P1002,Office Supplies Item 2,Office Supplies,357.2,3,0.1,964.44,744.84,219.6,Central
O203019,2023-03-18,C100744,P1015,Office Supplies Item 15,Office Supplies,1276.5,4,0.0,5106.0,2672.15,2433.85,Central
O203020,2025-07-29,C100427,P2017,Technology Item 17,Technology,3583.54,1,0.0,3583.54,1692.61,1890.93,West
O203021,2023-09-03,C100696,P1015,Office Supplies Item 15,Office Supplies,1276.5,3,0.0,3829.5,2443.97,1385.53,Central
O203022,2023-07-24,C100504,P3020,Furniture Item 20,Furniture,1296.14,3,0.15,3305.16,1972.09,1333.07,South
O203023,2024-08-07,C100527,P5016,Accessories Item 16,Accessories,1442.31,4,0.05,5480.78,2328.17,3152.61,Central
O203024,2023-09-14,C100944,P5005,Accessories Item 5,Accessories,1231.71,2,0.0,2463.42,1499.67,963.75,South
O203025,2025-04-19,C100817,P4004,Consumables Item 4,Consumables,50.47,2,0.0,100.94,63.08,37.86,East
O203026,2024-01-28,C100721,P5001,Accessories Item 1,Accessories,306.1,2,0.0,612.2,414.86,197.34,South
O203027,2023-05-10,C100684,P5018,Accessories Item 18,Accessories,1149.97,5,0.1,5174.87,4130.67,1044.2,West
O203028,2025-02-08,C100778,P5016,Accessories Item 16,Accessories,1442.31,3,0.0,4326.93,2460.43,1866.5,East
O203029,2023-05-06,C100532,P3012,Furniture Item 12,Furniture,806.55,3,0.0,2419.65,1461.67,957.98,East
O203030,2025-01-27,C100582,P2003,Technology Item 3,Technology,1102.81,4,0.15,3749.55,1612.31,2137.24,Central
O203031,2025-08-17,C100520,P5019,Accessories Item 19,Accessories,123.42,1,0.0,123.42,90.42,33.0,East
O203032,2023-03-12,C100941,P2017,Technology Item 17,Technology,3583.54,4,0.0,14334.16,6296.46,8037.7,West
O203033,2025-03-21,C100034,P3001,Furniture Item 1,Furniture,388.34,3,0.1,1048.52,811.06,237.46,Central
O203034,2024-07-27,C100736,P3017,Furniture Item 17,Furniture,715.82,2,0.1,1288.48,695.01,593.47,Central
O203035,2024-09-21,C100691,P5017,Accessories Item 17,Accessories,955.69,4,0.05,3631.62,1943.04,1688.58,Central
O203036,2024-09-22,C100758,P2005,Technology Item 5,Technology,4160.53,3,0.15,10609.35,5638.27,4971.08,Central
O203037,2025-09-23,C100490,P2017,Technology Item 17,Technology,3583.54,3,0.2,8600.5,6710.07,1890.43,South
O203038,2024-06-04,C100772,P2020,Technology Item 20,Technology,2640.06,2,0.15,4488.1,3554.77,933.33,South
O203039,2023-04-20,C100620,P5005,Accessories Item 5,Accessories,1231.71,2,0.0,2463.42,1944.37,519.05,East
O203040,2024-12-23,C100754,P3006,Furniture Item 6,Furniture,1126.74,2,0.0,2253.48,1536.68,716.8,South
O203041,2025-10-18,C100423,P3020,Furniture Item 20,Furniture,1296.14,3,0.0,3888.42,1728.1,2160.32,East
O203042,2023-04-30,C100468,P5018,Accessories Item 18,Accessories,1149.97,2,0.1,2069.95,1147.88,922.07,Central
O203043,2022-11-19,C100024,P1019,Office Supplies Item 19,Office Supplies,414.61,5,0.0,2073.05,1069.12,1003.93,South
O203044,2025-03-30,C100216,P5011,Accessories Item 11,Accessories,385.85,4,0.0,1543.4,1054.69,488.71,Central
O203045,2023-04-24,C100055,P1009,Office Supplies Item 9,Office Supplies,75.25,1,0.0,75.25,44.93,30.32,South
O203046,2022-12-24,C100026,P4009,Consumables Item 9,Consumables,98.0,4,0.0,392.0,253.47,138.53,South
O203047,2024-09-25,C100281,P1005,Office Supplies Item 5,Office Supplies,367.17,2,0.05,697.62,281.48,416.14,South
O203048,2025-03-12,C100804,P5009,Accessories Item 9,Accessories,83.46,3,0.0,250.38,178.56,71.82,West
O203049,2023-10-15,C100327,P2006,Technology Item 6,Technology,1048.28,2,0.05,1991.73,1555.18,436.55,South
O203050,2024-01-17,C100970,P1019,Office Supplies Item 19,Office Supplies,414.61,5,0.0,2073.05,1384.28,688.77,East
O203051,2025-02-10,C100186,P2010,Technology Item 10,Technology,545.3,1,0.0,545.3,403.94,141.36,West
O203052,2024-06-02,C100495,P5020,Accessories Item 20,Accessories,75.35,3,0.2,180.84,106.93,73.91,Central
O203053,2023-08-09,C100012,P3008,Furniture Item 8,Furniture,774.16,2,0.0,1548.32,631.84,916.48,South
O203054,2023-10-26,C100641,P1016,Office Supplies Item 16,Office Supplies,1112.6,2,0.0,2225.2,1771.68,453.52,East
O203055,2025-05-03,C100884,P4011,Consumables Item 11,Consumables,470.52,2,0.2,752.83,318.85,433.98,South
O203056,2025-01-31,C100434,P1018,Office Supplies Item 18,Office Supplies,982.11,1,0.0,982.11,468.57,513.54,South
O203057,2025-04-10,C100921,P3016,Furniture Item 16,Furniture,445.94,4,0.05,1694.57,713.37,981.2,South
O203058,2025-06-10,C100208,P2001,Technology Item 1,Technology,2209.18,2,0.05,4197.44,2728.27,1469.17,East
O203059,2024-08-02,C100133,P2011,Technology Item 11,Technology,4293.44,3,0.0,12880.32,8157.01,4723.31,South
O203060,2025-08-28,C100339,P1001,Office Supplies Item 1,Office Supplies,53.51,3,0.0,160.53,77.68,82.85,Central
O203061,2024-05-16,C100196,P1003,Office Supplies Item 3,Office Supplies,468.91,3,0.0,1406.73,1100.99,305.74,East
O203062,2024-03-05,C100262,P5015,Accessories Item 15,Accessories,191.35,2,0.0,382.7,292.92,89.78,South
O203063,2023-10-07,C100282,P2005,Technology Item 5,Technology,4160.53,2,0.0,8321.06,4259.75,4061.31,East
O203064,2024-02-15,C100369,P1008,Office Supplies Item 8,Office Supplies,1378.19,4,0.0,5512.76,3657.97,1854.79,West
O203065,2023-07-07,C100103,P4005,Consumables Item 5,Consumables,1091.68,3,0.05,3111.29,2308.87,802.42,East
O203066,2023-06-23,C100632,P4002,Consumables Item 2,Consumables,643.15,5,0.05,3054.96,1661.65,1393.31,West
O203067,2025-02-01,C100183,P1007,Office Supplies Item 7,Office Supplies,1432.06,4,0.1,5155.42,2585.1,2570.32,Central
O203068,2024-07-24,C100423,P1007,Office Supplies Item 7,Office Supplies,1432.06,1,0.0,1432.06,719.58,712.48,South
O203069,2024-04-12,C100009,P1008,Office Supplies Item 8,Office Supplies,1378.19,2,0.0,2756.38,2007.15,749.23,South
O203070,2023-03-02,C100557,P1019,Office Supplies Item 19,Office Supplies,414.61,4,0.0,1658.44,970.57,687.87,West
O203071,2025-04-10,C100244,P1017,Office Supplies Item 17,Office Supplies,816.15,3,0.2,1958.76,1343.97,614.79,West
O203072,2022-11-10,C100782,P1011,Office Supplies Item 11,Office Supplies,610.7,2,0.1,1099.26,725.64,373.62,East
O203073,2025-02-15,C100624,P3009,Furniture Item 9,Furniture,1285.97,6,0.15,6558.45,3426.73,3131.72,West
O203074,2024-11-22,C100567,P1011,Office Supplies Item 11,Office Supplies,610.7,2,0.0,1221.4,590.22,631.18,South
O203075,2025-04-04,C100393,P3001,Furniture Item 1,Furniture,388.34,5,0.0,1941.7,874.38,1067.32,East
O203076,2024-02-07,C100527,P4002,Consumables Item 2,Consumables,643.15,4,0.0,2572.6,1053.62,1518.98,East
O203077,2024-10-12,C100037,P3012,Furniture Item 12,Furniture,806.55,4,0.0,3226.2,1395.34,1830.86,South
O203078,2024-10-28,C100178,P4006,Consumables Item 6,Consumables,1311.65,3,0.05,3738.2,1878.44,1859.76,Central
O203079,2024-10-17,C100639,P4008,Consumables Item 8,Consumables,241.88,5,0.0,1209.4,828.97,380.43,West
O203080,2023-01-19,C100629,P5012,Accessories Item 12,Accessories,531.07,6,0.05,3027.1,1398.42,1628.68,South
O203081,2024-02-23,C100852,P5017,Accessories Item 17,Accessories,955.69,1,0.1,860.12,524.12,336.0,East
O203082,2025-04-20,C100072,P4015,Consumables Item 15,Consumables,978.0,2,0.0,1956.0,974.19,981.81,South
O203083,2025-04-09,C100352,P4007,Consumables Item 7,Consumables,334.97,2,0.15,569.45,344.36,225.09,West
O203084,2022-11-18,C100623,P2020,Technology Item 20,Technology,2640.06,4,0.0,10560.24,7392.22,3168.02,Central
O203085,2023-05-21,C100149,P1005,Office Supplies Item 5,Office Supplies,367.17,2,0.05,697.62,353.27,344.35,West
O203086,2024-11-10,C100697,P5005,Accessories Item 5,Accessories,1231.71,4,0.05,4680.5,2523.54,2156.96,East
O203087,2023-09-15,C100105,P2002,Technology Item 2,Technology,613.05,2,0.0,1226.1,845.03,381.07,Central
O203088,2023-06-05,C100659,P2017,Technology Item 17,Technology,3583.54,4,0.0,14334.16,8866.18,5467.98,East
O203089,2025-09-23,C100221,P1011,Office Supplies Item 11,Office Supplies,610.7,4,0.05,2320.66,1016.05,1304.61,East
O203090,2023-07-24,C100826,P3004,Furniture Item 4,Furniture,1197.1,3,0.0,3591.3,2525.62,1065.68,West
O203091,2024-10-24,C100863,P5006,Accessories Item 6,Accessories,15.68,2,0.2,25.09,12.82,12.27,West
O203092,2024-12-14,C100374,P3013,Furniture Item 13,Furniture,1077.46,1,0.0,1077.46,596.94,480.52,Central
O203093,2023-12-18,C100518,P4017,Consumables Item 17,Consumables,267.63,2,0.0,535.26,266.6,268.66,Central
O203094,2025-09-01,C100260,P4001,Consumables Item 1,Consumables,1495.23,2,0.2,2392.37,1476.91,915.46,West
O203095,2023-12-06,C100299,P4007,Consumables Item 7,Consumables,334.97,6,0.0,2009.82,1372.92,636.9,West
O203096,2024-10-24,C100861,P1013,Office Supplies Item 13,Office Supplies,945.16,3,0.0,2835.48,2045.19,790.29,South
O203097,2023-08-09,C100042,P5012,Accessories Item 12,Accessories,531.07,2,0.1,955.93,734.97,220.96,East
O203098,2024-10-23,C100771,P1011,Office Supplies Item 11,Office Supplies,610.7,3,0.0,1832.1,996.09,836.01,Central
O203099,2024-11-20,C100897,P1011,Office Supplies Item 11,Office Supplies,610.7,5,0.0,3053.5,2360.5,693.0,West
O203100,2023-07-26,C100492,P5005,Accessories Item 5,Accessories,1231.71,5,0.0,6158.55,3983.24,2175.31,West
O203101,2023-08-25,C100439,P5005,Accessories Item 5,Accessories,1231.71,1,0.15,1046.95,581.93,465.02,Central
O203102,2024-05-23,C100783,P1007,Office Supplies Item 7,Office Supplies,1432.06,1,0.0,1432.06,1081.09,350.97,South
O203103,2024-03-23,C100047,P1017,Office Supplies Item 17,Office Supplies,816.15,3,0.05,2326.03,1469.71,856.32,Central
O203104,2024-04-29,C100085,P3008,Furniture Item 8,Furniture,774.16,3,0.0,2322.48,1351.02,971.46,Central
O203105,2024-12-14,C100686,P1014,Office Supplies Item 14,Office Supplies,962.37,3,0.0,2887.11,1168.13,1718.98,West
O203106,2023-10-31,C100058,P4003,Consumables Item 3,Consumables,171.17,1,0.0,171.17,117.59,53.58,West
O203107,2024-04-30,C100991,P4004,Consumables Item 4,Consumables,50.47,3,0.2,121.13,52.2,68.93,West
O203108,2023-07-29,C100711,P5017,Accessories Item 17,Accessories,955.69,3,0.0,2867.07,1478.71,1388.36,East
O203109,2024-11-08,C100209,P4015,Consumables Item 15,Consumables,978.0,3,0.0,2934.0,2302.24,631.76,Central
O203110,2024-04-20,C100248,P4017,Consumables Item 17,Consumables,267.63,2,0.0,535.26,247.34,287.92,West
O203111,2022-12-29,C100211,P4005,Consumables Item 5,Consumables,1091.68,2,0.0,2183.36,1145.64,1037.72,Central
O203112,2023-01-25,C100039,P2014,Technology Item 14,Technology,3038.06,4,0.0,12152.24,9392.9,2759.34,West
O203113,2024-12-02,C100252,P1009,Office Supplies Item 9,Office Supplies,75.25,2,0.0,150.5,80.53,69.97,South
O203114,2023-11-25,C100643,P4017,Consumables Item 17,Consumables,267.63,4,0.0,1070.52,568.95,501.57,West
O203115,2024-10-19,C100926,P2017,Technology Item 17,Technology,3583.54,3,0.1,9675.56,6377.95,3297.61,Central
O203116,2025-03-05,C100803,P2010,Technology Item 10,Technology,545.3,4,0.0,2181.2,987.09,1194.11,Central
O203117,2023-03-29,C100762,P3001,Furniture Item 1,Furniture,388.34,2,0.0,776.68,612.88,163.8,Central
O203118,2024-06-05,C100953,P3005,Furniture Item 5,Furniture,764.38,2,0.0,1528.76,779.68,749.08,East
O203119,2023-03-01,C100413,P3007,Furniture Item 7,Furniture,469.52,3,0.0,1408.56,1006.1,402.46,East
O203120,2024-12-04,C100946,P1007,Office Supplies Item 7,Office Supplies,1432.06,2,0.0,2864.12,1475.15,1388.97,Central
O203121,2024-06-27,C100446,P1014,Office Supplies Item 14,Office Supplies,962.37,2,0.0,1924.74,981.9,942.84,South
O203122,2023-07-14,C100052,P3008,Furniture Item 8,Furniture,774.16,4,0.05,2941.81,1244.4,1697.41,Central
O203123,2024-12-05,C100374,P1006,Office Supplies Item 6,Office Supplies,309.21,3,0.0,927.63,415.33,512.3,West
O203124,2025-03-13,C100526,P2014,Technology Item 14,Technology,3038.06,3,0.0,9114.18,5548.59,3565.59,East
O203125,2025-01-08,C100931,P4020,Consumables Item 20,Consumables,1460.03,2,0.0,2920.06,1841.79,1078.27,Central
O203126,2022-12-29,C100156,P5020,Accessories Item 20,Accessories,75.35,6,0.1,406.89,295.54,111.35,South
O203127,2025-08-18,C100954,P3006,Furniture Item 6,Furniture,1126.74,2,0.0,2253.48,955.67,1297.81,East
O203128,2025-10-28,C100542,P3019,Furniture Item 19,Furniture,1035.24,2,0.0,2070.48,1123.15,947.33,Central
O203129,2023-11-23,C100090,P4010,Consumables Item 10,Consumables,1234.94,8,0.0,9879.52,4742.8,5136.72,East
O203130,2024-12-25,C100903,P1008,Office Supplies Item 8,Office Supplies,1378.19,1,0.15,1171.46,636.28,535.18,South
O203131,2024-06-15,C100679,P2004,Technology Item 4,Technology,1323.25,6,0.0,7939.5,4301.01,3638.49,Central
O203132,2025-04-27,C100351,P4007,Consumables Item 7,Consumables,334.97,1,0.0,334.97,181.46,153.51,East
O203133,2024-05-19,C100069,P1004,Office Supplies Item 4,Office Supplies,601.69,2,0.0,1203.38,630.39,572.99,East
O203134,2023-12-04,C100163,P5016,Accessories Item 16,Accessories,1442.31,4,0.05,5480.78,3867.19,1613.59,Central
O203135,2025-04-17,C100242,P1001,Office Supplies Item 1,Office Supplies,53.51,2,0.0,107.02,72.33,34.69,Central
O203136,2023-08-20,C100495,P2014,Technology Item 14,Technology,3038.06,3,0.05,8658.47,4646.03,4012.44,Central
O203137,2024-02-28,C100383,P1009,Office Supplies Item 9,Office Supplies,75.25,4,0.15,255.85,117.33,138.52,West
O203138,2025-01-11,C100052,P4003,Consumables Item 3,Consumables,171.17,2,0.0,342.34,207.91,134.43,Central
O203139,2025-04-08,C100654,P4016,Consumables Item 16,Consumables,924.52,3,0.0,2773.56,2128.82,644.74,South
O203140,2023-07-02,C100063,P1010,Office Supplies Item 10,Office Supplies,511.53,2,0.0,1023.06,459.79,563.27,South
O203141,2025-06-17,C100509,P1010,Office Supplies Item 10,Office Supplies,511.53,5,0.0,2557.65,1793.45,764.2,West
O203142,2025-01-24,C100292,P3010,Furniture Item 10,Furniture,702.98,5,0.05,3339.16,2136.23,1202.93,West
O203143,2023-07-31,C100091,P3004,Furniture Item 4,Furniture,1197.1,3,0.0,3591.3,2282.04,1309.26,East
O203144,2024-04-03,C100664,P3008,Furniture Item 8,Furniture,774.16,2,0.0,1548.32,1198.19,350.13,West
O203145,2024-05-21,C100424,P5007,Accessories Item 7,Accessories,687.81,3,0.0,2063.43,1614.38,449.05,Central
O203146,2024-07-30,C100669,P1006,Office Supplies Item 6,Office Supplies,309.21,2,0.15,525.66,261.53,264.13,West
O203147,2023-04-08,C100821,P5008,Accessories Item 8,Accessories,497.2,3,0.0,1491.6,1079.01,412.59,West
O203148,2024-08-13,C100365,P2004,Technology Item 4,Technology,1323.25,1,0.0,1323.25,857.89,465.36,South
O203149,2023-04-25,C100150,P5005,Accessories Item 5,Accessories,1231.71,6,0.0,7390.26,4164.69,3225.57,East
O203150,2024-07-12,C100840,P5015,Accessories Item 15,Accessories,191.35,1,0.05,181.78,121.11,60.67,South
O203151,2023-05-30,C100271,P3018,Furniture Item 18,Furniture,1136.61,6,0.0,6819.66,5335.61,1484.05,East
O203152,2024-01-21,C100881,P4004,Consumables Item 4,Consumables,50.47,2,0.0,100.94,61.25,39.69,East
O203153,2024-06-08,C100581,P5014,Accessories Item 14,Accessories,784.72,2,0.2,1255.55,974.35,281.2,West
O203154,2023-04-16,C100116,P3016,Furniture Item 16,Furniture,445.94,3,0.0,1337.82,879.15,458.67,South
O203155,2024-02-03,C100704,P5018,Accessories Item 18,Accessories,1149.97,5,0.0,5749.85,3410.6,2339.25,South
O203156,2025-05-04,C100516,P5002,Accessories Item 2,Accessories,19.27,1,0.1,17.34,11.4,5.94,Central
O203157,2025-09-18,C100587,P1012,Office Supplies Item 12,Office Supplies,362.33,2,0.0,724.66,464.52,260.14,West
O203158,2024-10-14,C100914,P2015,Technology Item 15,Technology,89.72,2,0.0,179.44,102.04,77.4,West
O203159,2025-02-18,C100810,P4011,Consumables Item 11,Consumables,470.52,3,0.0,1411.56,882.2,529.36,Central
O203160,2025-03-17,C100241,P5009,Accessories Item 9,Accessories,83.46,3,0.05,237.86,162.05,75.81,South
O203161,2024-09-18,C100030,P1006,Office Supplies Item 6,Office Supplies,309.21,5,0.2,1236.84,909.75,327.09,South
O203162,2023-09-26,C100143,P4005,Consumables Item 5,Consumables,1091.68,1,0.0,1091.68,569.56,522.12,South
O203163,2023-02-03,C100326,P4020,Consumables Item 20,Consumables,1460.03,2,0.0,2920.06,1185.13,1734.93,Central
O203164,2024-12-24,C100695,P3020,Furniture Item 20,Furniture,1296.14,4,0.0,5184.56,3216.95,1967.61,West
O203165,2024-08-10,C100949,P4008,Consumables Item 8,Consumables,241.88,2,0.0,483.76,288.18,195.58,East
O203166,2023-10-19,C100016,P2009,Technology Item 9,Technology,2991.89,3,0.05,8526.89,3595.61,4931.28,West
O203167,2025-05-18,C100111,P2018,Technology Item 18,Technology,362.51,3,0.05,1033.15,674.65,358.5,West
O203168,2025-05-29,C100872,P5012,Accessories Item 12,Accessories,531.07,2,0.0,1062.14,824.82,237.32,East
O203169,2025-07-11,C100713,P2002,Technology Item 2,Technology,613.05,4,0.2,1961.76,1100.34,861.42,West
O203170,2025-09-08,C100107,P1008,Office Supplies Item 8,Office Supplies,1378.19,2,0.0,2756.38,2088.63,667.75,Central
O203171,2024-08-07,C100379,P4003,Consumables Item 3,Consumables,171.17,2,0.0,342.34,248.28,94.06,Central
O203172,2024-07-18,C100162,P5016,Accessories Item 16,Accessories,1442.31,2,0.1,2596.16,1206.4,1389.76,East
O203173,2023-03-19,C100283,P5017,Accessories Item 17,Accessories,955.69,2,0.0,1911.38,1366.47,544.91,West
O203174,2024-10-16,C100269,P1013,Office Supplies Item 13,Office Supplies,945.16,5,0.0,4725.8,2867.06,1858.74,Central
O203175,2024-12-01,C100484,P2007,Technology Item 7,Technology,1312.26,2,0.0,2624.52,2014.19,610.33,South
O203176,2023-07-13,C100667,P1018,Office Supplies Item 18,Office Supplies,982.11,4,0.0,3928.44,1869.04,2059.4,East
O203177,2024-09-06,C100073,P1018,Office Supplies Item 18,Office Supplies,982.11,4,0.0,3928.44,1767.87,2160.57,Central
O203178,2023-01-31,C100197,P4017,Consumables Item 17,Consumables,267.63,2,0.15,454.97,225.9,229.07,East
O203179,2025-10-28,C100243,P5006,Accessories Item 6,Accessories,15.68,4,0.0,62.72,26.58,36.14,East
O203180,2022-12-07,C100598,P4002,Consumables Item 2,Consumables,643.15,2,0.0,1286.3,679.21,607.09,East
O203181,2023-03-20,C100799,P1014,Office Supplies Item 14,Office Supplies,962.37,5,0.0,4811.85,2469.46,2342.39,West
O203182,2025-03-16,C100259,P1011,Office Supplies Item 11,Office Supplies,610.7,2,0.1,1099.26,622.72,476.54,South
O203183,2024-09-10,C100798,P5006,Accessories Item 6,Accessories,15.68,2,0.0,31.36,18.35,13.01,South
O203184,2023-03-17,C100149,P5020,Accessories Item 20,Accessories,75.35,2,0.1,135.63,62.1,73.53,West
O203185,2023-05-09,C100867,P1017,Office Supplies Item 17,Office Supplies,816.15,2,0.0,1632.3,1057.32,574.98,West
O203186,2023-10-08,C100390,P3011,Furniture Item 11,Furniture,542.78,5,0.0,2713.9,1328.26,1385.64,East
O203187,2025-08-25,C100988,P5016,Accessories Item 16,Accessories,1442.31,5,0.05,6850.97,3074.52,3776.45,West
O203188,2025-06-29,C100416,P1014,Office Supplies Item 14,Office Supplies,962.37,3,0.0,2887.11,1973.41,913.7,East
O203189,2024-08-23,C100426,P3017,Furniture Item 17,Furniture,715.82,4,0.0,2863.28,1171.35,1691.93,East
O203190,2023-07-01,C100997,P5013,Accessories Item 13,Accessories,1059.89,1,0.05,1006.9,551.12,455.78,East
O203191,2023-12-20,C100702,P1006,Office Supplies Item 6,Office Supplies,309.21,3,0.0,927.63,424.63,503.0,Central
O203192,2024-10-07,C100217,P3017,Furniture Item 17,Furniture,715.82,2,0.2,1145.31,862.55,282.76,East
O203193,2023-10-09,C100928,P1004,Office Supplies Item 4,Office Supplies,601.69,7,0.0,4211.83,3073.72,1138.11,Central
O203194,2024-09-12,C100867,P1011,Office Supplies Item 11,Office Supplies,610.7,2,0.05,1160.33,492.22,668.11,East
O203195,2024-08-14,C100086,P4014,Consumables Item 14,Consumables,1259.98,3,0.1,3401.95,2109.82,1292.13,South
O203196,2023-03-26,C100216,P5012,Accessories Item 12,Accessories,531.07,1,0.0,531.07,275.17,255.9,East
O203197,2023-09-19,C100423,P1011,Office Supplies Item 11,Office Supplies,610.7,2,0.0,1221.4,582.63,638.77,East
O203198,2023-03-02,C100320,P5019,Accessories Item 19,Accessories,123.42,2,0.0,246.84,129.5,117.34,West
O203199,2023-09-07,C100118,P4019,Consumables Item 19,Consumables,1074.49,2,0.2,1719.18,1248.73,470.45,South
O203200,2024-06-23,C100926,P1008,Office Supplies Item 8,Office Supplies,1378.19,4,0.05,5237.12,2216.05,3021.07,South
O203201,2024-02-18,C100959,P5004,Accessories Item 4,Accessories,566.9,3,0.0,1700.7,1121.26,579.44,Central
O203202,2024-05-23,C100882,P3019,Furniture Item 19,Furniture,1035.24,4,0.0,4140.96,3169.28,971.68,East
O203203,2024-05-28,C100992,P2001,Technology Item 1,Technology,2209.18,2,0.0,4418.36,2559.21,1859.15,East
O203204,2023-10-13,C100415,P4005,Consumables Item 5,Consumables,1091.68,1,0.05,1037.1,788.82,248.28,South
O203205,2025-01-28,C100599,P5013,Accessories Item 13,Accessories,1059.89,1,0.2,847.91,646.72,201.19,Central
O203206,2023-11-17,C100040,P2004,Technology Item 4,Technology,1323.25,2,0.0,2646.5,1703.92,942.58,West
O203207,2023-01-11,C100161,P2010,Technology Item 10,Technology,545.3,1,0.1,490.77,285.79,204.98,West
O203208,2024-04-04,C100703,P5019,Accessories Item 19,Accessories,123.42,1,0.0,123.42,85.78,37.64,Central
O203209,2025-05-21,C100537,P5017,Accessories Item 17,Accessories,955.69,2,0.1,1720.24,1318.55,401.69,West
O203210,2023-10-05,C100420,P5004,Accessories Item 4,Accessories,566.9,5,0.0,2834.5,1904.82,929.68,West
O203211,2024-08-25,C100664,P3017,Furniture Item 17,Furniture,715.82,4,0.05,2720.12,1316.11,1404.01,East
O203212,2022-12-10,C100095,P4020,Consumables Item 20,Consumables,1460.03,5,0.15,6205.13,4517.47,1687.66,East
O203213,2024-05-27,C100442,P4013,Consumables Item 13,Consumables,756.61,3,0.05,2156.34,1683.27,473.07,Central
O203214,2025-06-23,C100935,P5015,Accessories Item 15,Accessories,191.35,4,0.15,650.59,367.0,283.59,South
O203215,2024-06-03,C100558,P1017,Office Supplies Item 17,Office Supplies,816.15,2,0.0,1632.3,1108.39,523.91,Central
O203216,2023-04-19,C100973,P3019,Furniture Item 19,Furniture,1035.24,2,0.2,1656.38,1005.86,650.52,Central
O203217,2024-10-01,C100650,P2011,Technology Item 11,Technology,4293.44,3,0.15,10948.27,4869.83,6078.44,South
O203218,2024-03-25,C100983,P4004,Consumables Item 4,Consumables,50.47,3,0.0,151.41,81.75,69.66,West
O203219,2024-06-06,C100466,P3008,Furniture Item 8,Furniture,774.16,3,0.0,2322.48,1081.19,1241.29,East
O203220,2025-07-11,C100288,P2003,Technology Item 3,Technology,1102.81,5,0.15,4686.94,3137.58,1549.36,East
O203221,2024-02-02,C100865,P4010,Consumables Item 10,Consumables,1234.94,5,0.0,6174.7,3907.58,2267.12,South
O203222,2024-04-12,C100676,P2010,Technology Item 10,Technology,545.3,5,0.0,2726.5,1127.17,1599.33,Central
O203223,2023-10-07,C100412,P3015,Furniture Item 15,Furniture,1408.62,1,0.05,1338.19,568.25,769.94,South
O203224,2022-12-27,C100400,P1007,Office Supplies Item 7,Office Supplies,1432.06,3,0.0,4296.18,2166.64,2129.54,West
O203225,2023-06-06,C100528,P4015,Consumables Item 15,Consumables,978.0,3,0.1,2640.6,1842.99,797.61,West
O203226,2024-07-11,C100018,P5018,Accessories Item 18,Accessories,1149.97,4,0.0,4599.88,2073.32,2526.56,East
O203227,2025-01-24,C100136,P1012,Office Supplies Item 12,Office Supplies,362.33,3,0.0,1086.99,523.83,563.16,South
O203228,2024-10-31,C100464,P3020,Furniture Item 20,Furniture,1296.14,4,0.0,5184.56,3956.08,1228.48,East
O203229,2024-02-07,C100759,P3012,Furniture Item 12,Furniture,806.55,5,0.0,4032.75,2494.07,1538.68,South
O203230,2023-07-05,C100248,P2007,Technology Item 7,Technology,1312.26,3,0.15,3346.26,2169.51,1176.75,East
O203231,2024-10-30,C100843,P1012,Office Supplies Item 12,Office Supplies,362.33,2,0.05,688.43,400.88,287.55,East
O203232,2023-11-08,C100710,P1013,Office Supplies Item 13,Office Supplies,945.16,2,0.0,1890.32,982.79,907.53,East
O203233,2023-12-22,C100001,P4012,Consumables Item 12,Consumables,605.54,2,0.05,1150.53,574.86,575.67,South
O203234,2025-09-20,C100702,P4020,Consumables Item 20,Consumables,1460.03,3,0.1,3942.08,2505.93,1436.15,East
O203235,2023-11-03,C100381,P4002,Consumables Item 2,Consumables,643.15,5,0.15,2733.39,1608.3,1125.09,West
O203236,2024-05-12,C100509,P2009,Technology Item 9,Technology,2991.89,4,0.05,11369.18,6380.53,4988.65,East
O203237,2023-02-16,C100460,P2015,Technology Item 15,Technology,89.72,4,0.0,358.88,243.23,115.65,East
O203238,2024-06-06,C100505,P3020,Furniture Item 20,Furniture,1296.14,4,0.0,5184.56,2911.97,2272.59,West
O203239,2025-02-16,C100806,P2009,Technology Item 9,Technology,2991.89,6,0.15,15258.64,6327.64,8931.0,South
O203240,2023-12-23,C100476,P2011,Technology Item 11,Technology,4293.44,2,0.1,7728.19,5686.93,2041.26,South
O203241,2025-01-29,C100557,P4017,Consumables Item 17,Consumables,267.63,2,0.0,535.26,282.28,252.98,East
O203242,2024-09-13,C100954,P4016,Consumables Item 16,Consumables,924.52,4,0.05,3513.18,2735.22,777.96,South
O203243,2023-07-14,C100849,P4001,Consumables Item 1,Consumables,1495.23,5,0.0,7476.15,5620.74,1855.41,West
O203244,2024-12-19,C100897,P1002,Office Supplies Item 2,Office Supplies,357.2,3,0.0,1071.6,528.91,542.69,East
O203245,2025-02-15,C100032,P2013,Technology Item 13,Technology,2603.81,2,0.0,5207.62,4094.17,1113.45,Central
O203246,2025-05-03,C100904,P4012,Consumables Item 12,Consumables,605.54,7,0.0,4238.78,3142.73,1096.05,East
O203247,2023-06-23,C100118,P4002,Consumables Item 2,Consumables,643.15,2,0.05,1221.98,970.26,251.72,South
O203248,2024-05-06,C100808,P3019,Furniture Item 19,Furniture,1035.24,4,0.0,4140.96,2779.33,1361.63,Central
O203249,2023-04-30,C100184,P2020,Technology Item 20,Technology,2640.06,3,0.0,7920.18,6116.68,1803.5,East
O203250,2023-04-06,C100191,P3009,Furniture Item 9,Furniture,1285.97,2,0.0,2571.94,1738.73,833.21,Central
O203251,2024-05-24,C100747,P2012,Technology Item 12,Technology,3897.09,3,0.0,11691.27,8675.36,3015.91,West
O203252,2025-03-06,C100750,P2018,Technology Item 18,Technology,362.51,3,0.0,1087.53,700.56,386.97,West
O203253,2025-09-13,C100728,P5012,Accessories Item 12,Accessories,531.07,3,0.1,1433.89,1106.49,327.4,West
O203254,2025-06-05,C100074,P4019,Consumables Item 19,Consumables,1074.49,1,0.0,1074.49,652.47,422.02,West
O203255,2024-06-14,C100623,P5007,Accessories Item 7,Accessories,687.81,3,0.1,1857.09,1289.99,567.1,Central
O203256,2023-03-14,C100103,P5008,Accessories Item 8,Accessories,497.2,2,0.0,994.4,762.49,231.91,Central
O203257,2023-12-26,C100871,P1013,Office Supplies Item 13,Office Supplies,945.16,3,0.15,2410.16,1371.28,1038.88,South
O203258,2023-06-01,C100586,P5005,Accessories Item 5,Accessories,1231.71,3,0.0,3695.13,1517.08,2178.05,East
O203259,2025-04-18,C100420,P3014,Furniture Item 14,Furniture,668.13,1,0.0,668.13,297.46,370.67,Central
O203260,2024-02-25,C100473,P4016,Consumables Item 16,Consumables,924.52,2,0.05,1756.59,1385.54,371.05,Central
O203261,2023-10-14,C100764,P1013,Office Supplies Item 13,Office Supplies,945.16,2,0.05,1795.8,1345.56,450.24,East
O203262,2023-04-15,C100114,P2019,Technology Item 19,Technology,1281.18,2,0.0,2562.36,1520.42,1041.94,South
O203263,2025-05-25,C100379,P2003,Technology Item 3,Technology,1102.81,2,0.0,2205.62,1730.0,475.62,East
O203264,2023-10-14,C100313,P5012,Accessories Item 12,Accessories,531.07,2,0.0,1062.14,503.71,558.43,South
O203265,2025-02-26,C100330,P1014,Office Supplies Item 14,Office Supplies,962.37,4,0.0,3849.48,1710.66,2138.82,Central
O203266,2023-12-03,C100339,P1017,Office Supplies Item 17,Office Supplies,816.15,3,0.0,2448.45,1568.42,880.03,Central
O203267,2024-06-05,C100238,P2004,Technology Item 4,Technology,1323.25,3,0.0,3969.75,2194.67,1775.08,South
O203268,2024-10-26,C100173,P3018,Furniture Item 18,Furniture,1136.61,3,0.05,3239.34,1735.99,1503.35,South
O203269,2023-09-04,C100079,P4003,Consumables Item 3,Consumables,171.17,2,0.2,273.87,189.97,83.9,South
O203270,2025-07-18,C100464,P2014,Technology Item 14,Technology,3038.06,2,0.0,6076.12,2795.05,3281.07,Central
O203271,2025-01-06,C100898,P3011,Furniture Item 11,Furniture,542.78,1,0.05,515.64,366.82,148.82,West
O203272,2024-10-19,C100605,P5006,Accessories Item 6,Accessories,15.68,5,0.0,78.4,42.63,35.77,South
O203273,2024-02-09,C100964,P1010,Office Supplies Item 10,Office Supplies,511.53,5,0.0,2557.65,2032.55,525.1,Central
O203274,2023-02-07,C100501,P4012,Consumables Item 12,Consumables,605.54,2,0.05,1150.53,832.41,318.12,West
O203275,2023-04-07,C100562,P2001,Technology Item 1,Technology,2209.18,2,0.1,3976.52,2618.5,1358.02,South
O203276,2024-07-02,C100285,P2017,Technology Item 17,Technology,3583.54,3,0.2,8600.5,4229.54,4370.96,Central
O203277,2024-05-07,C100223,P1007,Office Supplies Item 7,Office Supplies,1432.06,2,0.1,2577.71,2017.24,560.47,West
O203278,2024-08-12,C100593,P5010,Accessories Item 10,Accessories,678.1,2,0.0,1356.2,560.33,795.87,West
O203279,2025-05-08,C100266,P1013,Office Supplies Item 13,Office Supplies,945.16,3,0.0,2835.48,1387.51,1447.97,South
O203280,2023-06-15,C100667,P4020,Consumables Item 20,Consumables,1460.03,3,0.1,3942.08,1634.82,2307.26,West
O203281,2023-12-28,C100373,P2010,Technology Item 10,Technology,545.3,2,0.0,1090.6,857.87,232.73,East
O203282,2025-10-31,C100233,P2011,Technology Item 11,Technology,4293.44,3,0.0,12880.32,9641.95,3238.37,West
O203283,2023-07-01,C100911,P1005,Office Supplies Item 5,Office Supplies,367.17,4,0.0,1468.68,1146.81,321.87,South
O203284,2024-04-13,C100828,P2012,Technology Item 12,Technology,3897.09,4,0.15,13250.11,9089.76,4160.35,Central
O203285,2025-10-04,C100236,P1016,Office Supplies Item 16,Office Supplies,1112.6,8,0.1,8010.72,3292.16,4718.56,Central
O203286,2023-11-06,C100671,P4013,Consumables Item 13,Consumables,756.61,2,0.0,1513.22,1169.12,344.1,East
O203287,2024-08-13,C100917,P2002,Technology Item 2,Technology,613.05,5,0.2,2452.2,1393.78,1058.42,Central
O203288,2024-09-19,C100828,P4004,Consumables Item 4,Consumables,50.47,3,0.1,136.27,74.58,61.69,East
O203289,2024-11-03,C100763,P3004,Furniture Item 4,Furniture,1197.1,3,0.0,3591.3,1844.68,1746.62,Central
O203290,2023-01-31,C100314,P2020,Technology Item 20,Technology,2640.06,1,0.0,2640.06,1358.89,1281.17,West
O203291,2025-09-11,C100937,P2017,Technology Item 17,Technology,3583.54,3,0.0,10750.62,7743.15,3007.47,South
O203292,2023-04-21,C100942,P4018,Consumables Item 18,Consumables,772.22,4,0.0,3088.88,1552.32,1536.56,East
O203293,2023-04-28,C100813,P1016,Office Supplies Item 16,Office Supplies,1112.6,2,0.1,2002.68,979.04,1023.64,East
O203294,2023-06-26,C100380,P3003,Furniture Item 3,Furniture,200.93,1,0.15,170.79,116.0,54.79,East
O203295,2025-03-26,C100794,P5004,Accessories Item 4,Accessories,566.9,2,0.0,1133.8,583.89,549.91,East
O203296,2025-04-20,C100614,P4003,Consumables Item 3,Consumables,171.17,1,0.1,154.05,62.43,91.62,East
O203297,2023-08-07,C100563,P1015,Office Supplies Item 15,Office Supplies,1276.5,1,0.0,1276.5,986.36,290.14,South
O203298,2025-09-08,C100420,P3004,Furniture Item 4,Furniture,1197.1,1,0.0,1197.1,628.99,568.11,West
O203299,2024-11-09,C100052,P5010,Accessories Item 10,Accessories,678.1,3,0.1,1830.87,1292.14,538.73,South
O203300,2023-11-06,C100721,P1009,Office Supplies Item 9,Office Supplies,75.25,3,0.0,225.75,132.65,93.1,East
O203301,2025-03-19,C100819,P4005,Consumables Item 5,Consumables,1091.68,1,0.05,1037.1,470.46,566.64,South
O203302,2025-08-15,C100643,P5019,Accessories Item 19,Accessories,123.42,1,0.0,123.42,82.05,41.37,East
O203303,2023-06-09,C100509,P3004,Furniture Item 4,Furniture,1197.1,4,0.0,4788.4,2358.88,2429.52,South
O203304,2025-05-08,C100782,P1020,Office Supplies Item 20,Office Supplies,891.62,4,0.0,3566.48,1837.33,1729.15,Central
O203305,2023-08-31,C100945,P4010,Consumables Item 10,Consumables,1234.94,3,0.0,3704.82,1529.95,2174.87,West
O203306,2024-01-12,C100205,P4014,Consumables Item 14,Consumables,1259.98,2,0.0,2519.96,1024.52,1495.44,Central
O203307,2023-11-10,C100731,P2013,Technology Item 13,Technology,2603.81,4,0.05,9894.48,5990.59,3903.89,South
O203308,2023-11-16,C100257,P4020,Consumables Item 20,Consumables,1460.03,4,0.0,5840.12,2471.06,3369.06,Central
O203309,2025-07-13,C100185,P5020,Accessories Item 20,Accessories,75.35,1,0.0,75.35,36.45,38.9,East
O203310,2022-11-14,C100145,P1006,Office Supplies Item 6,Office Supplies,309.21,4,0.0,1236.84,951.78,285.06,Central
O203311,2024-11-12,C100690,P5003,Accessories Item 3,Accessories,117.58,3,0.1,317.47,137.51,179.96,South
O203312,2024-08-30,C100994,P2011,Technology Item 11,Technology,4293.44,4,0.0,17173.76,8867.08,8306.68,South
O203313,2024-03-14,C100014,P4006,Consumables Item 6,Consumables,1311.65,2,0.05,2492.14,1721.1,771.04,Central
O203314,2024-05-18,C100246,P1018,Office Supplies Item 18,Office Supplies,982.11,2,0.0,1964.22,1480.49,483.73,East
O203315,2024-04-13,C100187,P2008,Technology Item 8,Technology,1671.55,3,0.0,5014.65,2098.55,2916.1,Central
O203316,2024-03-06,C100337,P4008,Consumables Item 8,Consumables,241.88,5,0.1,1088.46,516.12,572.34,South
O203317,2024-11-24,C100259,P4005,Consumables Item 5,Consumables,1091.68,2,0.0,2183.36,1212.1,971.26,West
O203318,2023-08-27,C100866,P4020,Consumables Item 20,Consumables,1460.03,1,0.0,1460.03,794.84,665.19,West
O203319,2025-01-23,C100040,P3005,Furniture Item 5,Furniture,764.38,3,0.0,2293.14,1181.91,1111.23,Central
O203320,2024-04-30,C100601,P3018,Furniture Item 18,Furniture,1136.61,3,0.05,3239.34,1609.7,1629.64,East
O203321,2024-10-27,C100637,P3007,Furniture Item 7,Furniture,469.52,4,0.0,1878.08,953.06,925.02,South
O203322,2024-10-31,C100962,P4006,Consumables Item 6,Consumables,1311.65,5,0.0,6558.25,2973.32,3584.93,South
O203323,2025-02-05,C100418,P3012,Furniture Item 12,Furniture,806.55,3,0.0,2419.65,1125.94,1293.71,East
O203324,2024-06-24,C100986,P2016,Technology Item 16,Technology,1535.17,2,0.0,3070.34,1973.33,1097.01,South
O203325,2025-08-28,C100351,P1001,Office Supplies Item 1,Office Supplies,53.51,4,0.05,203.34,105.1,98.24,South
O203326,2024-12-07,C100009,P2019,Technology Item 19,Technology,1281.18,3,0.0,3843.54,2151.9,1691.64,West
O203327,2025-03-24,C100350,P5007,Accessories Item 7,Accessories,687.81,2,0.1,1238.06,699.24,538.82,Central
O203328,2025-05-25,C100084,P5010,Accessories Item 10,Accessories,678.1,4,0.15,2305.54,1023.42,1282.12,East
O203329,2023-03-11,C100533,P4015,Consumables Item 15,Consumables,978.0,1,0.0,978.0,711.79,266.21,East
O203330,2024-06-30,C100989,P1001,Office Supplies Item 1,Office Supplies,53.51,4,0.1,192.64,150.75,41.89,West
O203331,2022-11-26,C100793,P4015,Consumables Item 15,Consumables,978.0,5,0.0,4890.0,2471.49,2418.51,East
O203332,2024-07-27,C100358,P5008,Accessories Item 8,Accessories,497.2,5,0.05,2361.7,1222.8,1138.9,South
O203333,2024-02-27,C100378,P4014,Consumables Item 14,Consumables,1259.98,3,0.0,3779.94,2560.01,1219.93,South
O203334,2024-09-10,C100172,P1014,Office Supplies Item 14,Office Supplies,962.37,6,0.1,5196.8,2246.24,2950.56,East
O203335,2025-10-10,C100025,P4018,Consumables Item 18,Consumables,772.22,1,0.0,772.22,589.15,183.07,East
O203336,2022-11-05,C100393,P4011,Consumables Item 11,Consumables,470.52,5,0.1,2117.34,949.07,1168.27,East
O203337,2024-06-11,C100103,P2003,Technology Item 3,Technology,1102.81,2,0.1,1985.06,1375.3,609.76,South
O203338,2023-05-27,C100702,P3003,Furniture Item 3,Furniture,200.93,2,0.0,401.86,207.6,194.26,Central
O203339,2023-07-15,C100236,P2002,Technology Item 2,Technology,613.05,1,0.0,613.05,324.49,288.56,Central
O203340,2022-11-11,C100410,P3020,Furniture Item 20,Furniture,1296.14,2,0.1,2333.05,1064.66,1268.39,Central
O203341,2025-06-06,C100825,P5020,Accessories Item 20,Accessories,75.35,2,0.0,150.7,99.24,51.46,East
O203342,2022-11-08,C100549,P2007,Technology Item 7,Technology,1312.26,4,0.15,4461.68,3203.48,1258.2,East
O203343,2025-05-24,C100784,P3016,Furniture Item 16,Furniture,445.94,4,0.15,1516.2,1182.78,333.42,West
O203344,2022-12-02,C100805,P1002,Office Supplies Item 2,Office Supplies,357.2,4,0.05,1357.36,722.96,634.4,Central
O203345,2024-04-23,C100332,P2019,Technology Item 19,Technology,1281.18,1,0.0,1281.18,830.81,450.37,Central
O203346,2025-08-01,C100664,P3011,Furniture Item 11,Furniture,542.78,3,0.0,1628.34,921.64,706.7,East
O203347,2023-11-22,C100794,P1019,Office Supplies Item 19,Office Supplies,414.61,1,0.15,352.42,219.61,132.81,West
O203348,2024-08-01,C100532,P4002,Consumables Item 2,Consumables,643.15,3,0.0,1929.45,897.53,1031.92,Central
O203349,2023-05-26,C100649,P4011,Consumables Item 11,Consumables,470.52,2,0.0,941.04,595.4,345.64,West
O203350,2024-05-10,C100983,P4016,Consumables Item 16,Consumables,924.52,2,0.0,1849.04,1367.61,481.43,East
O203351,2023-10-14,C100871,P4007,Consumables Item 7,Consumables,334.97,3,0.2,803.93,599.3,204.63,East
O203352,2025-01-01,C100029,P4003,Consumables Item 3,Consumables,171.17,4,0.0,684.68,406.26,278.42,East
O203353,2023-06-22,C100543,P1005,Office Supplies Item 5,Office Supplies,367.17,4,0.15,1248.38,617.07,631.31,Central
O203354,2025-10-03,C100019,P4012,Consumables Item 12,Consumables,605.54,4,0.0,2422.16,1779.49,642.67,East
O203355,2025-08-02,C100148,P4018,Consumables Item 18,Consumables,772.22,3,0.0,2316.66,1852.8,463.86,South
O203356,2024-11-06,C100471,P4001,Consumables Item 1,Consumables,1495.23,5,0.05,7102.34,3912.42,3189.92,East
O203357,2025-05-30,C100491,P5020,Accessories Item 20,Accessories,75.35,4,0.0,301.4,232.0,69.4,Central
O203358,2023-04-25,C100283,P4011,Consumables Item 11,Consumables,470.52,5,0.0,2352.6,1866.52,486.08,South
O203359,2024-01-23,C100862,P1007,Office Supplies Item 7,Office Supplies,1432.06,4,0.1,5155.42,2877.99,2277.43,East
O203360,2024-06-14,C100853,P3010,Furniture Item 10,Furniture,702.98,5,0.0,3514.9,2413.03,1101.87,West
O203361,2023-01-21,C100812,P3006,Furniture Item 6,Furniture,1126.74,4,0.0,4506.96,2850.37,1656.59,West
O203362,2023-03-15,C100675,P5016,Accessories Item 16,Accessories,1442.31,3,0.0,4326.93,2980.72,1346.21,West
O203363,2025-03-05,C100113,P4012,Consumables Item 12,Consumables,605.54,3,0.0,1816.62,838.66,977.96,Central
O203364,2024-01-14,C100455,P4016,Consumables Item 16,Consumables,924.52,3,0.1,2496.2,1364.64,1131.56,East
O203365,2025-10-15,C100662,P4014,Consumables Item 14,Consumables,1259.98,5,0.0,6299.9,2678.21,3621.69,East
O203366,2024-09-27,C100330,P1014,Office Supplies Item 14,Office Supplies,962.37,1,0.0,962.37,621.0,341.37,South
O203367,2023-12-24,C100255,P4013,Consumables Item 13,Consumables,756.61,4,0.0,3026.44,2332.41,694.03,Central
O203368,2023-01-27,C100599,P5014,Accessories Item 14,Accessories,784.72,4,0.0,3138.88,1959.02,1179.86,East
O203369,2024-08-17,C100399,P4009,Consumables Item 9,Consumables,98.0,2,0.0,196.0,83.91,112.09,West
O203370,2025-08-28,C100862,P4005,Consumables Item 5,Consumables,1091.68,7,0.0,7641.76,5900.59,1741.17,East
O203371,2023-06-03,C100610,P4005,Consumables Item 5,Consumables,1091.68,2,0.1,1965.02,890.52,1074.5,East
O203372,2024-05-05,C100909,P3017,Furniture Item 17,Furniture,715.82,2,0.15,1216.89,916.53,300.36,East
O203373,2024-03-17,C100508,P4002,Consumables Item 2,Consumables,643.15,4,0.1,2315.34,1587.61,727.73,Central
O203374,2024-09-29,C100644,P1020,Office Supplies Item 20,Office Supplies,891.62,4,0.0,3566.48,2334.43,1232.05,West
O203375,2023-07-03,C100466,P4015,Consumables Item 15,Consumables,978.0,7,0.0,6846.0,4345.42,2500.58,South
O203376,2023-09-05,C100824,P2006,Technology Item 6,Technology,1048.28,3,0.1,2830.36,1280.62,1549.74,West
O203377,2023-06-19,C100407,P3004,Furniture Item 4,Furniture,1197.1,4,0.0,4788.4,2874.66,1913.74,Central
O203378,2023-04-04,C100609,P4007,Consumables Item 7,Consumables,334.97,3,0.15,854.17,408.87,445.3,East
O203379,2025-02-25,C100098,P4010,Consumables Item 10,Consumables,1234.94,4,0.15,4198.8,2639.84,1558.96,Central
O203380,2023-02-23,C100290,P4002,Consumables Item 2,Consumables,643.15,4,0.0,2572.6,1489.37,1083.23,West
O203381,2023-09-07,C100868,P3005,Furniture Item 5,Furniture,764.38,5,0.0,3821.9,2567.82,1254.08,East
O203382,2025-07-20,C100739,P1011,Office Supplies Item 11,Office Supplies,610.7,3,0.0,1832.1,1452.85,379.25,South
O203383,2023-08-27,C100657,P4012,Consumables Item 12,Consumables,605.54,3,0.0,1816.62,988.98,827.64,East
O203384,2025-09-07,C100156,P5013,Accessories Item 13,Accessories,1059.89,6,0.1,5723.41,3701.25,2022.16,South
O203385,2024-12-23,C100782,P4014,Consumables Item 14,Consumables,1259.98,4,0.2,4031.94,3006.87,1025.07,Central
O203386,2022-11-12,C100162,P2014,Technology Item 14,Technology,3038.06,2,0.15,5164.7,2257.86,2906.84,West
O203387,2023-06-20,C100624,P5008,Accessories Item 8,Accessories,497.2,3,0.0,1491.6,1074.1,417.5,South
O203388,2025-06-12,C100843,P3006,Furniture Item 6,Furniture,1126.74,2,0.15,1915.46,949.63,965.83,East
O203389,2024-10-30,C100697,P5001,Accessories Item 1,Accessories,306.1,3,0.1,826.47,509.2,317.27,West
O203390,2025-08-14,C100717,P2012,Technology Item 12,Technology,3897.09,4,0.1,14029.52,11175.92,2853.6,South
O203391,2025-07-26,C100097,P4015,Consumables Item 15,Consumables,978.0,2,0.15,1662.6,1319.47,343.13,South
O203392,2023-08-30,C100377,P5018,Accessories Item 18,Accessories,1149.97,1,0.0,1149.97,605.25,544.72,East
O203393,2024-04-24,C100567,P5008,Accessories Item 8,Accessories,497.2,4,0.0,1988.8,900.34,1088.46,Central
O203394,2024-02-13,C100450,P1005,Office Supplies Item 5,Office Supplies,367.17,3,0.0,1101.51,853.97,247.54,West
O203395,2025-01-21,C100994,P4003,Consumables Item 3,Consumables,171.17,4,0.0,684.68,518.58,166.1,Central
O203396,2023-01-16,C100117,P2009,Technology Item 9,Technology,2991.89,1,0.05,2842.3,1837.3,1005.0,East
O203397,2025-08-16,C100605,P3008,Furniture Item 8,Furniture,774.16,3,0.0,2322.48,959.1,1363.38,West
O203398,2022-11-24,C100805,P5018,Accessories Item 18,Accessories,1149.97,1,0.0,1149.97,805.57,344.4,East
O203399,2025-09-04,C100964,P1016,Office Supplies Item 16,Office Supplies,1112.6,2,0.0,2225.2,1033.25,1191.95,West
O203400,2024-09-06,C100716,P2005,Technology Item 5,Technology,4160.53,3,0.2,9985.27,7760.64,2224.63,Central
O203401,2024-04-08,C100794,P4012,Consumables Item 12,Consumables,605.54,3,0.0,1816.62,1042.83,773.79,West
O203402,2023-10-13,C100506,P2009,Technology Item 9,Technology,2991.89,3,0.0,8975.67,5798.7,3176.97,Central
O203403,2023-04-21,C100189,P3012,Furniture Item 12,Furniture,806.55,1,0.0,806.55,413.3,393.25,Central
O203404,2024-10-12,C100476,P3006,Furniture Item 6,Furniture,1126.74,4,0.0,4506.96,2659.24,1847.72,East
O203405,2024-03-03,C100323,P2005,Technology Item 5,Technology,4160.53,7,0.05,27667.52,19418.57,8248.95,West
O203406,2023-11-13,C100596,P2003,Technology Item 3,Technology,1102.81,2,0.0,2205.62,1316.33,889.29,East
O203407,2023-11-07,C100970,P2014,Technology Item 14,Technology,3038.06,3,0.0,9114.18,6734.28,2379.9,West
O203408,2025-07-27,C100180,P4007,Consumables Item 7,Consumables,334.97,4,0.1,1205.89,826.29,379.6,West
O203409,2025-07-04,C100786,P5014,Accessories Item 14,Accessories,784.72,4,0.0,3138.88,1352.68,1786.2,East
O203410,2024-11-26,C100181,P2014,Technology Item 14,Technology,3038.06,3,0.1,8202.76,5272.19,2930.57,West
O203411,2024-02-20,C100959,P2012,Technology Item 12,Technology,3897.09,2,0.1,7014.76,4524.8,2489.96,Central
O203412,2023-11-17,C100693,P2009,Technology Item 9,Technology,2991.89,4,0.1,10770.8,5949.35,4821.45,West
O203413,2023-04-04,C100795,P1009,Office Supplies Item 9,Office Supplies,75.25,2,0.0,150.5,79.63,70.87,Central
O203414,2023-07-15,C100287,P4006,Consumables Item 6,Consumables,1311.65,5,0.0,6558.25,2788.27,3769.98,West
O203415,2024-09-04,C100475,P3017,Furniture Item 17,Furniture,715.82,1,0.0,715.82,414.08,301.74,Central
O203416,2023-01-07,C100618,P2019,Technology Item 19,Technology,1281.18,2,0.0,2562.36,1369.94,1192.42,West
O203417,2023-10-10,C100641,P1007,Office Supplies Item 7,Office Supplies,1432.06,1,0.0,1432.06,1117.62,314.44,West
O203418,2024-09-03,C100262,P4009,Consumables Item 9,Consumables,98.0,3,0.0,294.0,196.88,97.12,South
O203419,2023-11-26,C100523,P1008,Office Supplies Item 8,Office Supplies,1378.19,3,0.0,4134.57,2414.69,1719.88,East
O203420,2023-07-17,C100162,P5016,Accessories Item 16,Accessories,1442.31,7,0.0,10096.17,7085.94,3010.23,East
O203421,2023-09-03,C100487,P1018,Office Supplies Item 18,Office Supplies,982.11,3,0.15,2504.38,1781.89,722.49,Central
O203422,2025-06-07,C100980,P5002,Accessories Item 2,Accessories,19.27,5,0.05,91.53,54.2,37.33,South
O203423,2025-06-27,C100959,P3009,Furniture Item 9,Furniture,1285.97,4,0.0,5143.88,2213.43,2930.45,East
O203424,2023-07-04,C100181,P1016,Office Supplies Item 16,Office Supplies,1112.6,1,0.1,1001.34,713.17,288.17,East
O203425,2024-11-02,C100725,P2001,Technology Item 1,Technology,2209.18,4,0.15,7511.21,3275.74,4235.47,East
O203426,2023-05-06,C100469,P1010,Office Supplies Item 10,Office Supplies,511.53,2,0.0,1023.06,756.04,267.02,West
O203427,2025-05-13,C100786,P1004,Office Supplies Item 4,Office Supplies,601.69,1,0.0,601.69,321.1,280.59,South
O203428,2024-12-24,C100021,P3004,Furniture Item 4,Furniture,1197.1,3,0.0,3591.3,2353.37,1237.93,South
O203429,2023-12-13,C100275,P1008,Office Supplies Item 8,Office Supplies,1378.19,3,0.1,3721.11,2590.49,1130.62,East
O203430,2023-10-07,C100260,P3015,Furniture Item 15,Furniture,1408.62,7,0.0,9860.34,4082.94,5777.4,East
O203431,2024-05-16,C100333,P1019,Office Supplies Item 19,Office Supplies,414.61,2,0.1,746.3,413.34,332.96,South
O203432,2024-08-12,C100466,P4004,Consumables Item 4,Consumables,50.47,2,0.05,95.89,61.53,34.36,East
O203433,2025-06-09,C100116,P2020,Technology Item 20,Technology,2640.06,5,0.05,12540.28,9270.5,3269.78,West
O203434,2025-09-28,C100413,P3011,Furniture Item 11,Furniture,542.78,5,0.0,2713.9,1864.74,849.16,East
O203435,2023-01-08,C100537,P1009,Office Supplies Item 9,Office Supplies,75.25,2,0.0,150.5,114.15,36.35,East
O203436,2023-11-16,C100952,P2010,Technology Item 10,Technology,545.3,2,0.0,1090.6,472.33,618.27,West
O203437,2022-12-27,C100845,P3016,Furniture Item 16,Furniture,445.94,2,0.0,891.88,382.37,509.51,West
O203438,2025-02-27,C100766,P5001,Accessories Item 1,Accessories,306.1,2,0.05,581.59,398.63,182.96,Central
O203439,2025-05-04,C100959,P3004,Furniture Item 4,Furniture,1197.1,3,0.15,3052.6,1707.66,1344.94,Central
O203440,2023-09-21,C100923,P3019,Furniture Item 19,Furniture,1035.24,4,0.1,3726.86,2208.73,1518.13,West
O203441,2024-02-04,C100956,P1015,Office Supplies Item 15,Office Supplies,1276.5,5,0.0,6382.5,4095.82,2286.68,South
O203442,2023-04-28,C100723,P4008,Consumables Item 8,Consumables,241.88,3,0.0,725.64,576.43,149.21,South
O203443,2025-02-21,C100817,P4010,Consumables Item 10,Consumables,1234.94,1,0.1,1111.45,474.44,637.01,East
O203444,2024-05-27,C100833,P4001,Consumables Item 1,Consumables,1495.23,1,0.15,1270.95,563.74,707.21,West
O203445,2023-02-27,C100934,P4020,Consumables Item 20,Consumables,1460.03,2,0.0,2920.06,2136.68,783.38,Central
O203446,2024-05-02,C100851,P5010,Accessories Item 10,Accessories,678.1,3,0.05,1932.58,788.9,1143.68,South
O203447,2024-08-07,C100948,P2003,Technology Item 3,Technology,1102.81,2,0.0,2205.62,1279.66,925.96,East
O203448,2022-11-26,C100257,P4017,Consumables Item 17,Consumables,267.63,3,0.0,802.89,569.77,233.12,West
O203449,2025-08-28,C100168,P3007,Furniture Item 7,Furniture,469.52,4,0.05,1784.18,853.03,931.15,West
O203450,2025-06-26,C100849,P1017,Office Supplies Item 17,Office Supplies,816.15,2,0.1,1469.07,697.52,771.55,Central
O203451,2024-04-16,C100533,P3017,Furniture Item 17,Furniture,715.82,3,0.0,2147.46,1125.49,1021.97,West
O203452,2023-03-29,C100598,P3014,Furniture Item 14,Furniture,668.13,4,0.05,2538.89,1167.9,1370.99,East
O203453,2025-09-14,C100015,P5011,Accessories Item 11,Accessories,385.85,1,0.05,366.56,246.12,120.44,Central
O203454,2024-08-16,C100050,P3012,Furniture Item 12,Furniture,806.55,3,0.0,2419.65,1161.57,1258.08,West
O203455,2025-06-02,C100999,P2002,Technology Item 2,Technology,613.05,3,0.05,1747.19,857.42,889.77,East
O203456,2024-05-08,C100304,P5003,Accessories Item 3,Accessories,117.58,3,0.0,352.74,222.22,130.52,South
O203457,2023-12-30,C100487,P2019,Technology Item 19,Technology,1281.18,2,0.0,2562.36,2016.41,545.95,East
O203458,2023-08-20,C100416,P5019,Accessories Item 19,Accessories,123.42,3,0.0,370.26,283.45,86.81,East
O203459,2024-05-07,C100305,P1013,Office Supplies Item 13,Office Supplies,945.16,4,0.0,3780.64,2819.6,961.04,South
O203460,2024-01-05,C100196,P4018,Consumables Item 18,Consumables,772.22,5,0.0,3861.1,2364.42,1496.68,West
O203461,2024-06-26,C100876,P5015,Accessories Item 15,Accessories,191.35,6,0.0,1148.1,595.98,552.12,West
O203462,2023-09-13,C100813,P4006,Consumables Item 6,Consumables,1311.65,3,0.1,3541.46,2416.36,1125.1,Central
O203463,2023-12-03,C100800,P3012,Furniture Item 12,Furniture,806.55,4,0.0,3226.2,1793.22,1432.98,East
O203464,2024-06-18,C100388,P1014,Office Supplies Item 14,Office Supplies,962.37,1,0.0,962.37,684.4,277.97,East
O203465,2024-04-29,C100757,P4013,Consumables Item 13,Consumables,756.61,3,0.05,2156.34,876.5,1279.84,East
O203466,2023-01-15,C100961,P4014,Consumables Item 14,Consumables,1259.98,5,0.0,6299.9,3854.38,2445.52,East
O203467,2025-03-14,C100865,P4003,Consumables Item 3,Consumables,171.17,2,0.0,342.34,183.13,159.21,South
O203468,2025-05-04,C100455,P4011,Consumables Item 11,Consumables,470.52,2,0.0,941.04,470.16,470.88,South
O203469,2024-10-09,C100713,P2008,Technology Item 8,Technology,1671.55,2,0.0,3343.1,2222.27,1120.83,West
O203470,2024-02-29,C100705,P5009,Accessories Item 9,Accessories,83.46,2,0.0,166.92,110.73,56.19,East
O203471,2024-11-16,C100848,P3006,Furniture Item 6,Furniture,1126.74,7,0.0,7887.18,3271.81,4615.37,East
O203472,2025-08-27,C100658,P2008,Technology Item 8,Technology,1671.55,2,0.0,3343.1,2604.54,738.56,West
O203473,2024-05-03,C100310,P1002,Office Supplies Item 2,Office Supplies,357.2,3,0.0,1071.6,583.74,487.86,South
O203474,2025-07-03,C100127,P1017,Office Supplies Item 17,Office Supplies,816.15,2,0.0,1632.3,1251.91,380.39,South
O203475,2025-10-11,C100175,P3019,Furniture Item 19,Furniture,1035.24,3,0.0,3105.72,1967.44,1138.28,East
O203476,2025-05-30,C100134,P3012,Furniture Item 12,Furniture,806.55,5,0.0,4032.75,2665.79,1366.96,East
O203477,2025-05-07,C100066,P1004,Office Supplies Item 4,Office Supplies,601.69,2,0.05,1143.21,896.51,246.7,East
O203478,2023-10-29,C100393,P4017,Consumables Item 17,Consumables,267.63,2,0.0,535.26,390.14,145.12,South
O203479,2023-11-17,C100964,P5002,Accessories Item 2,Accessories,19.27,3,0.0,57.81,26.36,31.45,West
O203480,2023-07-29,C100365,P1003,Office Supplies Item 3,Office Supplies,468.91,2,0.15,797.15,320.52,476.63,West
O203481,2025-09-03,C100279,P2017,Technology Item 17,Technology,3583.54,6,0.1,19351.12,10129.05,9222.07,South
O203482,2023-08-25,C100758,P5017,Accessories Item 17,Accessories,955.69,2,0.0,1911.38,1138.06,773.32,South
O203483,2025-07-31,C100363,P2004,Technology Item 4,Technology,1323.25,1,0.0,1323.25,916.83,406.42,West
O203484,2023-06-22,C100749,P4012,Consumables Item 12,Consumables,605.54,7,0.05,4026.84,2675.51,1351.33,East
O203485,2024-05-28,C100171,P2015,Technology Item 15,Technology,89.72,7,0.15,533.83,280.34,253.49,East
O203486,2022-11-27,C100051,P1002,Office Supplies Item 2,Office Supplies,357.2,2,0.0,714.4,440.64,273.76,East
O203487,2023-02-01,C100328,P2013,Technology Item 13,Technology,2603.81,2,0.0,5207.62,3438.97,1768.65,Central
O203488,2024-07-09,C100871,P4016,Consumables Item 16,Consumables,924.52,3,0.15,2357.53,1427.48,930.05,Central
O203489,2023-09-05,C100665,P5006,Accessories Item 6,Accessories,15.68,5,0.0,78.4,52.97,25.43,Central
O203490,2022-12-22,C100592,P4017,Consumables Item 17,Consumables,267.63,3,0.05,762.75,453.14,309.61,East
O203491,2023-09-15,C100931,P1010,Office Supplies Item 10,Office Supplies,511.53,1,0.0,511.53,312.99,198.54,Central
O203492,2023-04-30,C100145,P5001,Accessories Item 1,Accessories,306.1,4,0.15,1040.74,807.94,232.8,West
O203493,2025-03-24,C100274,P4002,Consumables Item 2,Consumables,643.15,2,0.2,1029.04,571.8,457.24,East
O203494,2025-10-02,C100155,P3003,Furniture Item 3,Furniture,200.93,2,0.0,401.86,282.22,119.64,Central
O203495,2024-08-08,C100911,P4009,Consumables Item 9,Consumables,98.0,5,0.0,490.0,261.6,228.4,South
O203496,2023-05-16,C100508,P3019,Furniture Item 19,Furniture,1035.24,4,0.0,4140.96,2206.06,1934.9,West
O203497,2024-08-06,C100849,P1009,Office Supplies Item 9,Office Supplies,75.25,2,0.0,150.5,115.99,34.51,East
O203498,2025-06-28,C100363,P4017,Consumables Item 17,Consumables,267.63,5,0.0,1338.15,909.23,428.92,East
O203499,2023-07-13,C100325,P3020,Furniture Item 20,Furniture,1296.14,3,0.0,3888.42,3000.24,888.18,East
O203500,2024-11-01,C100848,P4003,Consumables Item 3,Consumables,171.17,3,0.0,513.51,409.7,103.81,Central
O203501,2023-10-02,C100655,P3012,Furniture Item 12,Furniture,806.55,4,0.05,3064.89,1226.21,1838.68,Central
O203502,2025-07-17,C100298,P2003,Technology Item 3,Technology,1102.81,1,0.0,1102.81,874.82,227.99,Central
O203503,2025-04-18,C100494,P2010,Technology Item 10,Technology,545.3,3,0.05,1554.1,684.35,869.75,Central
O203504,2024-03-28,C100546,P3003,Furniture Item 3,Furniture,200.93,2,0.15,341.58,146.25,195.33,South
O203505,2023-06-30,C100304,P4008,Consumables Item 8,Consumables,241.88,2,0.0,483.76,342.08,141.68,West
O203506,2023-03-29,C100467,P2001,Technology Item 1,Technology,2209.18,1,0.0,2209.18,1193.12,1016.06,Central
O203507,2024-11-26,C100904,P3003,Furniture Item 3,Furniture,200.93,1,0.0,200.93,154.14,46.79,West
O203508,2024-07-12,C100239,P4013,Consumables Item 13,Consumables,756.61,6,0.0,4539.66,2804.61,1735.05,West
O203509,2024-01-27,C100650,P1007,Office Supplies Item 7,Office Supplies,1432.06,3,0.1,3866.56,2143.79,1722.77,South
O203510,2023-05-31,C100766,P1016,Office Supplies Item 16,Office Supplies,1112.6,4,0.0,4450.4,1910.89,2539.51,Central
O203511,2024-08-29,C100517,P2003,Technology Item 3,Technology,1102.81,4,0.1,3970.12,2325.91,1644.21,East
O203512,2024-06-16,C100884,P3018,Furniture Item 18,Furniture,1136.61,5,0.1,5114.74,2614.45,2500.29,West
O203513,2023-03-11,C100176,P5007,Accessories Item 7,Accessories,687.81,4,0.0,2751.24,1184.81,1566.43,Central
O203514,2024-07-04,C100885,P2011,Technology Item 11,Technology,4293.44,4,0.0,17173.76,11474.74,5699.02,South
O203515,2023-07-14,C100410,P4009,Consumables Item 9,Consumables,98.0,2,0.0,196.0,155.02,40.98,Central
O203516,2024-05-14,C100726,P1006,Office Supplies Item 6,Office Supplies,309.21,4,0.1,1113.16,613.98,499.18,West
O203517,2023-01-02,C100364,P4005,Consumables Item 5,Consumables,1091.68,2,0.0,2183.36,1132.96,1050.4,East
O203518,2023-12-12,C100023,P3019,Furniture Item 19,Furniture,1035.24,1,0.2,828.19,361.08,467.11,West
O203519,2025-01-10,C100318,P2008,Technology Item 8,Technology,1671.55,2,0.05,3175.94,1553.85,1622.09,Central
O203520,2022-11-15,C100525,P1018,Office Supplies Item 18,Office Supplies,982.11,2,0.0,1964.22,1009.59,954.63,East
O203521,2023-07-17,C100905,P5008,Accessories Item 8,Accessories,497.2,2,0.0,994.4,534.66,459.74,East
O203522,2024-10-23,C100753,P4017,Consumables Item 17,Consumables,267.63,3,0.0,802.89,524.76,278.13,Central
O203523,2024-07-06,C100276,P5017,Accessories Item 17,Accessories,955.69,3,0.0,2867.07,1278.57,1588.5,Central
O203524,2025-10-04,C100604,P1010,Office Supplies Item 10,Office Supplies,511.53,4,0.0,2046.12,866.26,1179.86,Central
O203525,2025-01-21,C100620,P1007,Office Supplies Item 7,Office Supplies,1432.06,2,0.0,2864.12,2211.77,652.35,South
O203526,2023-09-27,C100953,P2017,Technology Item 17,Technology,3583.54,2,0.0,7167.08,5157.97,2009.11,Central
O203527,2023-04-14,C100229,P5016,Accessories Item 16,Accessories,1442.31,3,0.0,4326.93,2212.31,2114.62,East
O203528,2025-10-24,C100664,P3005,Furniture Item 5,Furniture,764.38,2,0.0,1528.76,1002.13,526.63,South
O203529,2023-11-22,C100108,P5006,Accessories Item 6,Accessories,15.68,4,0.0,62.72,39.95,22.77,West
O203530,2025-09-19,C100801,P1016,Office Supplies Item 16,Office Supplies,1112.6,4,0.05,4227.88,2947.7,1280.18,East
O203531,2023-09-24,C100916,P5008,Accessories Item 8,Accessories,497.2,3,0.0,1491.6,1109.33,382.27,Central
O203532,2023-09-16,C100956,P1014,Office Supplies Item 14,Office Supplies,962.37,5,0.0,4811.85,2613.32,2198.53,East
O203533,2023-12-04,C100176,P1011,Office Supplies Item 11,Office Supplies,610.7,2,0.0,1221.4,811.42,409.98,West
O203534,2023-02-13,C100320,P5003,Accessories Item 3,Accessories,117.58,2,0.0,235.16,169.51,65.65,Central
O203535,2024-09-26,C100286,P5007,Accessories Item 7,Accessories,687.81,2,0.0,1375.62,935.03,440.59,South
O203536,2025-08-13,C100876,P2014,Technology Item 14,Technology,3038.06,6,0.1,16405.52,12613.45,3792.07,Central
O203537,2023-09-26,C100329,P3020,Furniture Item 20,Furniture,1296.14,1,0.05,1231.33,736.18,495.15,East
O203538,2024-08-21,C100877,P1013,Office Supplies Item 13,Office Supplies,945.16,6,0.2,4536.77,3271.27,1265.5,East
O203539,2025-10-06,C100753,P2019,Technology Item 19,Technology,1281.18,3,0.0,3843.54,2936.07,907.47,West
O203540,2024-06-21,C100657,P3004,Furniture Item 4,Furniture,1197.1,5,0.1,5386.95,3355.11,2031.84,East
O203541,2025-01-29,C100356,P2008,Technology Item 8,Technology,1671.55,5,0.05,7939.86,3230.87,4708.99,West
O203542,2024-08-02,C100014,P2020,Technology Item 20,Technology,2640.06,4,0.05,10032.23,7295.47,2736.76,Central
O203543,2023-09-10,C100275,P1016,Office Supplies Item 16,Office Supplies,1112.6,2,0.0,2225.2,1643.12,582.08,West
O203544,2024-02-05,C100071,P3010,Furniture Item 10,Furniture,702.98,3,0.0,2108.94,1180.88,928.06,South
O203545,2024-02-29,C100827,P2008,Technology Item 8,Technology,1671.55,2,0.1,3008.79,1479.22,1529.57,West
O203546,2023-12-15,C100195,P4008,Consumables Item 8,Consumables,241.88,3,0.05,689.36,545.46,143.9,West
O203547,2022-11-27,C100865,P5012,Accessories Item 12,Accessories,531.07,1,0.05,504.52,313.13,191.39,West
O203548,2025-09-18,C100812,P3020,Furniture Item 20,Furniture,1296.14,3,0.0,3888.42,2358.22,1530.2,South
O203549,2023-07-29,C100928,P1012,Office Supplies Item 12,Office Supplies,362.33,3,0.0,1086.99,846.15,240.84,South
O203550,2024-09-16,C100879,P1016,Office Supplies Item 16,Office Supplies,1112.6,2,0.2,1780.16,1002.66,777.5,South
O203551,2024-03-15,C100523,P3013,Furniture Item 13,Furniture,1077.46,1,0.0,1077.46,796.52,280.94,South
O203552,2023-11-20,C100106,P3014,Furniture Item 14,Furniture,668.13,2,0.1,1202.63,818.1,384.53,South
O203553,2022-12-30,C100770,P3009,Furniture Item 9,Furniture,1285.97,1,0.0,1285.97,1012.17,273.8,Central
O203554,2023-06-08,C100986,P2016,Technology Item 16,Technology,1535.17,3,0.1,4144.96,2368.68,1776.28,Central
O203555,2024-12-10,C100893,P4002,Consumables Item 2,Consumables,643.15,4,0.0,2572.6,1963.02,609.58,East
O203556,2024-05-17,C100196,P5004,Accessories Item 4,Accessories,566.9,3,0.0,1700.7,1067.28,633.42,Central
O203557,2024-04-29,C100145,P2006,Technology Item 6,Technology,1048.28,1,0.0,1048.28,618.85,429.43,Central
O203558,2023-02-04,C100977,P3016,Furniture Item 16,Furniture,445.94,2,0.0,891.88,465.8,426.08,South
O203559,2025-07-16,C100732,P5010,Accessories Item 10,Accessories,678.1,3,0.0,2034.3,1263.46,770.84,West
O203560,2025-02-05,C100350,P2002,Technology Item 2,Technology,613.05,5,0.05,2911.99,1831.7,1080.29,South
O203561,2023-06-19,C100424,P4013,Consumables Item 13,Consumables,756.61,5,0.0,3783.05,2872.68,910.37,Central
O203562,2025-06-25,C100471,P4009,Consumables Item 9,Consumables,98.0,2,0.15,166.6,113.56,53.04,East
O203563,2023-08-02,C100686,P5001,Accessories Item 1,Accessories,306.1,2,0.0,612.2,447.27,164.93,East
O203564,2023-07-04,C100216,P3009,Furniture Item 9,Furniture,1285.97,2,0.0,2571.94,1820.04,751.9,South
O203565,2023-02-19,C100093,P5018,Accessories Item 18,Accessories,1149.97,2,0.15,1954.95,998.31,956.64,West
O203566,2023-06-22,C100260,P1002,Office Supplies Item 2,Office Supplies,357.2,5,0.05,1696.7,818.35,878.35,East
O203567,2023-12-22,C100934,P3013,Furniture Item 13,Furniture,1077.46,4,0.05,4094.35,2061.07,2033.28,West
O203568,2024-09-08,C100575,P1007,Office Supplies Item 7,Office Supplies,1432.06,2,0.0,2864.12,1313.58,1550.54,East
O203569,2025-01-11,C100541,P5020,Accessories Item 20,Accessories,75.35,3,0.15,192.14,106.52,85.62,South
O203570,2024-07-11,C100787,P4017,Consumables Item 17,Consumables,267.63,5,0.1,1204.34,796.74,407.6,East
O203571,2024-10-07,C100859,P1020,Office Supplies Item 20,Office Supplies,891.62,2,0.1,1604.92,986.69,618.23,West
O203572,2025-02-28,C100285,P5014,Accessories Item 14,Accessories,784.72,3,0.15,2001.04,1344.07,656.97,Central
O203573,2024-02-18,C100484,P2010,Technology Item 10,Technology,545.3,4,0.0,2181.2,1183.17,998.03,South
O203574,2024-08-16,C100931,P4015,Consumables Item 15,Consumables,978.0,1,0.0,978.0,471.5,506.5,Central
O203575,2023-11-30,C100372,P5015,Accessories Item 15,Accessories,191.35,4,0.0,765.4,368.24,397.16,East
O203576,2023-02-19,C100070,P4007,Consumables Item 7,Consumables,334.97,2,0.1,602.95,386.1,216.85,South
O203577,2023-01-29,C100379,P3019,Furniture Item 19,Furniture,1035.24,3,0.1,2795.15,1301.75,1493.4,Central
O203578,2024-12-02,C100279,P4006,Consumables Item 6,Consumables,1311.65,2,0.05,2492.14,1392.77,1099.37,East
O203579,2023-03-12,C100743,P1003,Office Supplies Item 3,Office Supplies,468.91,3,0.0,1406.73,682.45,724.28,Central
O203580,2025-09-02,C100302,P3016,Furniture Item 16,Furniture,445.94,2,0.1,802.69,533.87,268.82,South
O203581,2024-01-31,C100255,P4019,Consumables Item 19,Consumables,1074.49,2,0.05,2041.53,1319.17,722.36,Central
O203582,2023-02-06,C100684,P1017,Office Supplies Item 17,Office Supplies,816.15,2,0.0,1632.3,901.76,730.54,South
O203583,2023-08-20,C100944,P3012,Furniture Item 12,Furniture,806.55,2,0.0,1613.1,728.29,884.81,West
O203584,2025-08-21,C100692,P1007,Office Supplies Item 7,Office Supplies,1432.06,2,0.2,2291.3,1110.65,1180.65,Central
O203585,2024-05-25,C100264,P1005,Office Supplies Item 5,Office Supplies,367.17,3,0.0,1101.51,648.66,452.85,East
O203586,2023-07-08,C100695,P5018,Accessories Item 18,Accessories,1149.97,2,0.0,2299.94,1814.27,485.67,South
O203587,2024-08-13,C100834,P5017,Accessories Item 17,Accessories,955.69,3,0.0,2867.07,1457.36,1409.71,Central
O203588,2023-03-29,C100717,P3014,Furniture Item 14,Furniture,668.13,1,0.0,668.13,318.35,349.78,Central
O203589,2022-12-14,C100424,P4001,Consumables Item 1,Consumables,1495.23,4,0.0,5980.92,2920.32,3060.6,Central
O203590,2025-10-03,C100761,P1016,Office Supplies Item 16,Office Supplies,1112.6,5,0.1,5006.7,3420.86,1585.84,Central
O203591,2023-04-11,C100213,P4007,Consumables Item 7,Consumables,334.97,3,0.0,1004.91,769.63,235.28,Central
O203592,2023-07-11,C100671,P3019,Furniture Item 19,Furniture,1035.24,2,0.1,1863.43,801.4,1062.03,Central
O203593,2023-03-12,C100944,P3007,Furniture Item 7,Furniture,469.52,3,0.0,1408.56,985.59,422.97,West
O203594,2024-02-17,C100100,P3008,Furniture Item 8,Furniture,774.16,6,0.15,3948.22,2360.41,1587.81,East
O203595,2024-10-06,C100829,P4004,Consumables Item 4,Consumables,50.47,4,0.0,201.88,147.39,54.49,West
O203596,2025-09-24,C100112,P3010,Furniture Item 10,Furniture,702.98,3,0.05,2003.49,1139.19,864.3,West
O203597,2023-08-02,C100308,P5005,Accessories Item 5,Accessories,1231.71,1,0.0,1231.71,495.25,736.46,Central
O203598,2023-05-06,C100678,P3001,Furniture Item 1,Furniture,388.34,3,0.0,1165.02,784.2,380.82,West
O203599,2025-06-06,C100475,P4012,Consumables Item 12,Consumables,605.54,2,0.0,1211.08,875.84,335.24,East
O203600,2023-07-01,C100548,P2002,Technology Item 2,Technology,613.05,2,0.0,1226.1,932.83,293.27,East
O203601,2023-07-22,C100112,P3014,Furniture Item 14,Furniture,668.13,4,0.0,2672.52,1677.33,995.19,Central
O203602,2024-04-05,C100087,P1005,Office Supplies Item 5,Office Supplies,367.17,2,0.1,660.91,296.63,364.28,Central
O203603,2025-06-20,C100183,P1017,Office Supplies Item 17,Office Supplies,816.15,5,0.0,4080.75,2235.98,1844.77,East
O203604,2024-12-22,C100597,P4018,Consumables Item 18,Consumables,772.22,4,0.0,3088.88,2204.53,884.35,West
O203605,2024-04-18,C100781,P3001,Furniture Item 1,Furniture,388.34,5,0.0,1941.7,1160.68,781.02,West
O203606,2023-05-29,C100165,P5012,Accessories Item 12,Accessories,531.07,4,0.0,2124.28,1443.87,680.41,East
O203607,2022-12-16,C100815,P5015,Accessories Item 15,Accessories,191.35,1,0.0,191.35,76.9,114.45,West
O203608,2022-11-26,C100090,P5001,Accessories Item 1,Accessories,306.1,3,0.0,918.3,394.14,524.16,East
O203609,2023-04-24,C101000,P2015,Technology Item 15,Technology,89.72,6,0.05,511.4,343.9,167.5,East
O203610,2023-09-18,C100455,P2020,Technology Item 20,Technology,2640.06,3,0.0,7920.18,4087.45,3832.73,West
O203611,2022-12-25,C100238,P2002,Technology Item 2,Technology,613.05,4,0.05,2329.59,1293.56,1036.03,West
O203612,2024-08-29,C100999,P3008,Furniture Item 8,Furniture,774.16,2,0.0,1548.32,1017.02,531.3,Central
O203613,2023-03-27,C100534,P3013,Furniture Item 13,Furniture,1077.46,2,0.0,2154.92,958.52,1196.4,Central
O203614,2024-06-21,C100679,P5013,Accessories Item 13,Accessories,1059.89,1,0.2,847.91,621.59,226.32,West
O203615,2022-11-20,C100727,P1010,Office Supplies Item 10,Office Supplies,511.53,3,0.0,1534.59,702.49,832.1,West
O203616,2023-09-29,C100058,P1018,Office Supplies Item 18,Office Supplies,982.11,3,0.0,2946.33,2042.73,903.6,West
O203617,2025-04-25,C100542,P5019,Accessories Item 19,Accessories,123.42,3,0.15,314.72,162.74,151.98,South
O203618,2025-06-01,C100914,P4020,Consumables Item 20,Consumables,1460.03,3,0.05,4161.09,2097.14,2063.95,South
O203619,2025-04-29,C100618,P3009,Furniture Item 9,Furniture,1285.97,5,0.0,6429.85,4684.18,1745.67,South
O203620,2023-12-06,C100402,P4011,Consumables Item 11,Consumables,470.52,3,0.0,1411.56,876.41,535.15,Central
O203621,2025-06-07,C100842,P2010,Technology Item 10,Technology,545.3,3,0.0,1635.9,788.83,847.07,South
O203622,2022-11-28,C100679,P1019,Office Supplies Item 19,Office Supplies,414.61,3,0.1,1119.45,448.92,670.53,East
O203623,2024-02-10,C100862,P3015,Furniture Item 15,Furniture,1408.62,2,0.05,2676.38,2112.24,564.14,Central
O203624,2025-07-09,C100666,P3020,Furniture Item 20,Furniture,1296.14,2,0.05,2462.67,1410.01,1052.66,West
O203625,2023-02-09,C100839,P5007,Accessories Item 7,Accessories,687.81,4,0.15,2338.55,1307.18,1031.37,East
O203626,2024-05-04,C100519,P4012,Consumables Item 12,Consumables,605.54,2,0.0,1211.08,508.81,702.27,East
O203627,2025-01-10,C100197,P5001,Accessories Item 1,Accessories,306.1,2,0.0,612.2,463.9,148.3,West
O203628,2023-10-19,C100833,P2001,Technology Item 1,Technology,2209.18,1,0.2,1767.34,806.32,961.02,East
O203629,2023-08-23,C100046,P2006,Technology Item 6,Technology,1048.28,2,0.0,2096.56,1119.95,976.61,East
O203630,2023-10-19,C100530,P2008,Technology Item 8,Technology,1671.55,5,0.0,8357.75,4750.89,3606.86,West
O203631,2025-04-26,C100397,P2019,Technology Item 19,Technology,1281.18,4,0.0,5124.72,3710.51,1414.21,Central
O203632,2025-08-15,C100665,P2013,Technology Item 13,Technology,2603.81,3,0.2,6249.14,3398.2,2850.94,East
O203633,2024-01-29,C101000,P2020,Technology Item 20,Technology,2640.06,3,0.05,7524.17,4609.19,2914.98,Central
O203634,2024-10-12,C100776,P5003,Accessories Item 3,Accessories,117.58,1,0.0,117.58,67.2,50.38,Central
O203635,2025-07-07,C100074,P2009,Technology Item 9,Technology,2991.89,2,0.0,5983.78,3139.92,2843.86,Central
O203636,2024-11-08,C100416,P1020,Office Supplies Item 20,Office Supplies,891.62,1,0.0,891.62,694.15,197.47,East
O203637,2025-07-04,C100657,P1020,Office Supplies Item 20,Office Supplies,891.62,3,0.0,2674.86,1922.56,752.3,East
O203638,2023-06-21,C100614,P4014,Consumables Item 14,Consumables,1259.98,5,0.15,5354.92,2515.43,2839.49,West
O203639,2025-08-20,C100335,P1012,Office Supplies Item 12,Office Supplies,362.33,7,0.05,2409.49,1498.42,911.07,South
O203640,2023-02-10,C100847,P5017,Accessories Item 17,Accessories,955.69,4,0.15,3249.35,2335.06,914.29,East
O203641,2025-06-10,C100633,P2005,Technology Item 5,Technology,4160.53,2,0.0,8321.06,5258.21,3062.85,Central
O203642,2024-02-24,C100688,P2005,Technology Item 5,Technology,4160.53,4,0.05,15810.01,9446.67,6363.34,West
O203643,2023-02-16,C100575,P1004,Office Supplies Item 4,Office Supplies,601.69,4,0.0,2406.76,1032.08,1374.68,South
O203644,2025-06-30,C100296,P1004,Office Supplies Item 4,Office Supplies,601.69,3,0.15,1534.31,678.82,855.49,West
O203645,2024-10-04,C100084,P1009,Office Supplies Item 9,Office Supplies,75.25,3,0.2,180.6,89.96,90.64,Central
O203646,2023-10-01,C100015,P1015,Office Supplies Item 15,Office Supplies,1276.5,1,0.15,1085.02,656.83,428.19,Central
O203647,2023-01-25,C100867,P2006,Technology Item 6,Technology,1048.28,3,0.0,3144.84,2499.89,644.95,East
O203648,2024-11-03,C100134,P4019,Consumables Item 19,Consumables,1074.49,3,0.0,3223.47,2323.82,899.65,East
O203649,2025-03-24,C100478,P5010,Accessories Item 10,Accessories,678.1,3,0.05,1932.58,858.1,1074.48,East
O203650,2023-10-30,C100633,P5012,Accessories Item 12,Accessories,531.07,3,0.0,1593.21,1094.38,498.83,Central
O203651,2022-12-30,C100319,P4011,Consumables Item 11,Consumables,470.52,1,0.0,470.52,340.75,129.77,West
O203652,2024-05-13,C100392,P2012,Technology Item 12,Technology,3897.09,5,0.0,19485.45,11023.02,8462.43,East
O203653,2023-02-25,C100479,P4016,Consumables Item 16,Consumables,924.52,2,0.0,1849.04,983.8,865.24,West
O203654,2025-03-23,C100640,P5019,Accessories Item 19,Accessories,123.42,4,0.0,493.68,312.92,180.76,East
O203655,2025-05-03,C100368,P3012,Furniture Item 12,Furniture,806.55,2,0.0,1613.1,980.22,632.88,East
O203656,2025-06-25,C100367,P2012,Technology Item 12,Technology,3897.09,3,0.0,11691.27,5916.78,5774.49,East
O203657,2025-07-26,C100288,P1009,Office Supplies Item 9,Office Supplies,75.25,4,0.0,301.0,168.24,132.76,East
O203658,2022-12-14,C100813,P4018,Consumables Item 18,Consumables,772.22,1,0.05,733.61,453.21,280.4,East
O203659,2024-03-23,C100378,P1013,Office Supplies Item 13,Office Supplies,945.16,5,0.05,4489.51,2837.23,1652.28,Central
O203660,2025-02-26,C100692,P3016,Furniture Item 16,Furniture,445.94,6,0.0,2675.64,1639.36,1036.28,Central
O203661,2025-05-05,C100463,P3004,Furniture Item 4,Furniture,1197.1,4,0.1,4309.56,3182.36,1127.2,East
O203662,2025-04-16,C100594,P5017,Accessories Item 17,Accessories,955.69,3,0.05,2723.72,1124.07,1599.65,East
O203663,2025-01-07,C100013,P5016,Accessories Item 16,Accessories,1442.31,4,0.0,5769.24,3076.12,2693.12,South
O203664,2025-03-25,C100536,P5003,Accessories Item 3,Accessories,117.58,2,0.0,235.16,164.6,70.56,East
O203665,2023-08-13,C100168,P2010,Technology Item 10,Technology,545.3,5,0.0,2726.5,1801.43,925.07,East
O203666,2024-09-14,C100270,P1016,Office Supplies Item 16,Office Supplies,1112.6,2,0.0,2225.2,1707.41,517.79,East
O203667,2025-01-27,C100988,P1012,Office Supplies Item 12,Office Supplies,362.33,2,0.05,688.43,437.3,251.13,Central
O203668,2023-03-01,C100971,P4014,Consumables Item 14,Consumables,1259.98,4,0.0,5039.92,3302.46,1737.46,East
O203669,2025-06-02,C100070,P4006,Consumables Item 6,Consumables,1311.65,3,0.0,3934.95,2683.55,1251.4,South
O203670,2025-08-14,C100318,P1018,Office Supplies Item 18,Office Supplies,982.11,4,0.05,3732.02,1770.77,1961.25,East
O203671,2025-04-25,C100376,P1013,Office Supplies Item 13,Office Supplies,945.16,4,0.05,3591.61,2518.79,1072.82,East
O203672,2022-11-13,C100089,P5013,Accessories Item 13,Accessories,1059.89,6,0.0,6359.34,3306.58,3052.76,Central
O203673,2024-06-25,C100701,P2004,Technology Item 4,Technology,1323.25,5,0.1,5954.62,3392.95,2561.67,East
O203674,2023-05-19,C100257,P1012,Office Supplies Item 12,Office Supplies,362.33,3,0.0,1086.99,440.89,646.1,West
O203675,2024-06-08,C100217,P3020,Furniture Item 20,Furniture,1296.14,3,0.0,3888.42,2867.42,1021.0,West
O203676,2024-01-22,C100450,P3020,Furniture Item 20,Furniture,1296.14,1,0.05,1231.33,962.16,269.17,East
O203677,2025-02-18,C100894,P5013,Accessories Item 13,Accessories,1059.89,4,0.0,4239.56,1797.9,2441.66,South
O203678,2025-10-30,C100544,P5006,Accessories Item 6,Accessories,15.68,1,0.0,15.68,10.26,5.42,West
O203679,2024-06-12,C100141,P5020,Accessories Item 20,Accessories,75.35,4,0.15,256.19,200.93,55.26,West
O203680,2025-04-07,C100161,P1001,Office Supplies Item 1,Office Supplies,53.51,2,0.1,96.32,61.91,34.41,West
O203681,2022-12-13,C100032,P3003,Furniture Item 3,Furniture,200.93,4,0.1,723.35,520.22,203.13,East
O203682,2024-04-03,C100824,P3015,Furniture Item 15,Furniture,1408.62,3,0.0,4225.86,1890.02,2335.84,Central
O203683,2025-09-02,C100152,P2020,Technology Item 20,Technology,2640.06,2,0.1,4752.11,2366.27,2385.84,West
O203684,2024-10-25,C100859,P4004,Consumables Item 4,Consumables,50.47,4,0.1,181.69,97.8,83.89,South
O203685,2024-07-15,C100260,P2014,Technology Item 14,Technology,3038.06,3,0.2,7291.34,5778.14,1513.2,West
O203686,2025-07-15,C100728,P2014,Technology Item 14,Technology,3038.06,3,0.2,7291.34,5196.62,2094.72,South
O203687,2025-01-11,C100279,P3008,Furniture Item 8,Furniture,774.16,4,0.0,3096.64,2335.69,760.95,East
O203688,2024-04-18,C100285,P2013,Technology Item 13,Technology,2603.81,2,0.0,5207.62,3097.65,2109.97,East
O203689,2023-08-29,C100610,P4008,Consumables Item 8,Consumables,241.88,4,0.0,967.52,664.42,303.1,South
O203690,2024-04-10,C100917,P2010,Technology Item 10,Technology,545.3,4,0.0,2181.2,1510.76,670.44,East
O203691,2024-02-03,C100542,P5004,Accessories Item 4,Accessories,566.9,3,0.1,1530.63,960.58,570.05,South
O203692,2025-02-09,C100602,P5010,Accessories Item 10,Accessories,678.1,3,0.05,1932.58,1451.73,480.85,East
O203693,2024-03-19,C100148,P4019,Consumables Item 19,Consumables,1074.49,3,0.1,2901.12,1344.09,1557.03,East
O203694,2025-05-20,C100656,P4011,Consumables Item 11,Consumables,470.52,3,0.0,1411.56,597.1,814.46,Central
O203695,2023-09-21,C100067,P4011,Consumables Item 11,Consumables,470.52,2,0.0,941.04,490.87,450.17,Central
O203696,2024-06-01,C100945,P2009,Technology Item 9,Technology,2991.89,2,0.0,5983.78,2604.79,3378.99,South
O203697,2024-11-30,C100869,P2003,Technology Item 3,Technology,1102.81,4,0.05,4190.68,1777.38,2413.3,South
O203698,2025-02-28,C100570,P2014,Technology Item 14,Technology,3038.06,8,0.1,21874.03,12416.49,9457.54,West
O203699,2025-06-17,C101000,P5004,Accessories Item 4,Accessories,566.9,7,0.15,3373.06,1619.75,1753.31,West
O203700,2024-03-16,C100940,P1015,Office Supplies Item 15,Office Supplies,1276.5,2,0.0,2553.0,1828.1,724.9,Central
O203701,2023-09-30,C100793,P5017,Accessories Item 17,Accessories,955.69,1,0.15,812.34,513.33,299.01,Central
O203702,2023-08-11,C100279,P3013,Furniture Item 13,Furniture,1077.46,3,0.0,3232.38,1759.18,1473.2,South
O203703,2024-02-18,C100748,P1017,Office Supplies Item 17,Office Supplies,816.15,5,0.0,4080.75,2100.03,1980.72,West
O203704,2025-10-13,C100443,P4004,Consumables Item 4,Consumables,50.47,1,0.0,50.47,31.56,18.91,East
O203705,2024-07-24,C100897,P5004,Accessories Item 4,Accessories,566.9,5,0.0,2834.5,1625.87,1208.63,Central
O203706,2024-10-03,C100865,P4001,Consumables Item 1,Consumables,1495.23,1,0.2,1196.18,505.14,691.04,West
O203707,2023-12-14,C100399,P3017,Furniture Item 17,Furniture,715.82,3,0.1,1932.71,1287.33,645.38,West
O203708,2025-07-09,C100128,P4017,Consumables Item 17,Consumables,267.63,2,0.0,535.26,321.1,214.16,Central
O203709,2024-05-12,C100337,P5008,Accessories Item 8,Accessories,497.2,4,0.0,1988.8,1015.8,973.0,South
O203710,2023-06-10,C100482,P2017,Technology Item 17,Technology,3583.54,2,0.0,7167.08,3699.4,3467.68,East
O203711,2023-04-07,C100721,P1007,Office Supplies Item 7,Office Supplies,1432.06,3,0.0,4296.18,2496.57,1799.61,West
O203712,2023-10-14,C100948,P1008,Office Supplies Item 8,Office Supplies,1378.19,2,0.05,2618.56,1914.26,704.3,South
O203713,2025-04-07,C100186,P5007,Accessories Item 7,Accessories,687.81,2,0.0,1375.62,783.03,592.59,South
O203714,2025-05-10,C100169,P4018,Consumables Item 18,Consumables,772.22,3,0.0,2316.66,1704.67,611.99,East
O203715,2024-08-23,C100684,P4008,Consumables Item 8,Consumables,241.88,4,0.0,967.52,551.43,416.09,Central
O203716,2023-12-10,C100260,P2001,Technology Item 1,Technology,2209.18,6,0.0,13255.08,9702.26,3552.82,West
O203717,2024-09-07,C100717,P4001,Consumables Item 1,Consumables,1495.23,2,0.0,2990.46,2310.47,679.99,South
O203718,2024-06-11,C100964,P4014,Consumables Item 14,Consumables,1259.98,4,0.1,4535.93,1851.7,2684.23,Central
O203719,2024-05-11,C100647,P5006,Accessories Item 6,Accessories,15.68,3,0.2,37.63,15.99,21.64,West
O203720,2025-04-23,C100558,P5014,Accessories Item 14,Accessories,784.72,4,0.0,3138.88,1423.82,1715.06,South
O203721,2025-10-06,C100507,P5014,Accessories Item 14,Accessories,784.72,2,0.0,1569.44,704.44,865.0,South
O203722,2024-02-22,C100521,P4020,Consumables Item 20,Consumables,1460.03,6,0.0,8760.18,5096.6,3663.58,West
O203723,2024-03-01,C100471,P4015,Consumables Item 15,Consumables,978.0,4,0.0,3912.0,2760.36,1151.64,West
O203724,2024-05-19,C100161,P5006,Accessories Item 6,Accessories,15.68,4,0.0,62.72,49.21,13.51,Central
O203725,2024-04-07,C100289,P2009,Technology Item 9,Technology,2991.89,1,0.15,2543.11,1442.23,1100.88,Central
O203726,2024-10-04,C100340,P2005,Technology Item 5,Technology,4160.53,4,0.1,14977.91,10115.97,4861.94,Central
O203727,2025-08-26,C100900,P3018,Furniture Item 18,Furniture,1136.61,2,0.0,2273.22,1487.15,786.07,West
O203728,2025-01-29,C100833,P1014,Office Supplies Item 14,Office Supplies,962.37,4,0.0,3849.48,2145.21,1704.27,West
O203729,2025-03-07,C100502,P4018,Consumables Item 18,Consumables,772.22,3,0.0,2316.66,1594.9,721.76,South
O203730,2024-06-07,C100106,P4006,Consumables Item 6,Consumables,1311.65,5,0.0,6558.25,4176.17,2382.08,South
O203731,2024-09-16,C100802,P3014,Furniture Item 14,Furniture,668.13,5,0.05,3173.62,2234.15,939.47,South
O203732,2023-06-20,C100475,P4017,Consumables Item 17,Consumables,267.63,4,0.0,1070.52,511.13,559.39,Central
O203733,2023-07-28,C100853,P4007,Consumables Item 7,Consumables,334.97,5,0.0,1674.85,911.3,763.55,West
O203734,2025-05-28,C100600,P2010,Technology Item 10,Technology,545.3,1,0.1,490.77,328.07,162.7,Central
O203735,2025-03-23,C100463,P1018,Office Supplies Item 18,Office Supplies,982.11,2,0.05,1866.01,839.56,1026.45,East
O203736,2022-12-22,C100483,P3014,Furniture Item 14,Furniture,668.13,4,0.0,2672.52,1892.57,779.95,West
O203737,2023-02-24,C100704,P5020,Accessories Item 20,Accessories,75.35,3,0.0,226.05,102.49,123.56,Central
O203738,2024-04-21,C100153,P2001,Technology Item 1,Technology,2209.18,4,0.0,8836.72,4681.53,4155.19,East
O203739,2024-04-24,C100823,P3013,Furniture Item 13,Furniture,1077.46,5,0.0,5387.3,2666.78,2720.52,West
O203740,2025-09-08,C100649,P5003,Accessories Item 3,Accessories,117.58,4,0.0,470.32,199.6,270.72,East
O203741,2025-01-23,C100785,P1016,Office Supplies Item 16,Office Supplies,1112.6,7,0.15,6619.97,3364.68,3255.29,South
O203742,2024-12-30,C100149,P2008,Technology Item 8,Technology,1671.55,1,0.1,1504.4,1150.27,354.13,West
O203743,2024-07-10,C100188,P1004,Office Supplies Item 4,Office Supplies,601.69,1,0.1,541.52,222.44,319.08,Central
O203744,2023-12-24,C100653,P3015,Furniture Item 15,Furniture,1408.62,4,0.0,5634.48,2291.72,3342.76,West
O203745,2023-09-05,C100131,P1015,Office Supplies Item 15,Office Supplies,1276.5,3,0.05,3638.02,2480.06,1157.96,Central
O203746,2025-03-13,C100452,P4004,Consumables Item 4,Consumables,50.47,4,0.1,181.69,99.34,82.35,Central
O203747,2023-05-05,C100516,P4005,Consumables Item 5,Consumables,1091.68,4,0.0,4366.72,2147.97,2218.75,West
O203748,2023-07-19,C100491,P1016,Office Supplies Item 16,Office Supplies,1112.6,2,0.0,2225.2,1343.02,882.18,West
O203749,2023-04-09,C100476,P1020,Office Supplies Item 20,Office Supplies,891.62,2,0.0,1783.24,903.51,879.73,Central
O203750,2025-03-19,C100263,P4004,Consumables Item 4,Consumables,50.47,2,0.0,100.94,56.2,44.74,Central
O203751,2024-12-01,C100538,P2013,Technology Item 13,Technology,2603.81,5,0.1,11717.14,8039.53,3677.61,East
O203752,2023-06-12,C100459,P5001,Accessories Item 1,Accessories,306.1,2,0.0,612.2,273.51,338.69,Central
O203753,2023-04-29,C100536,P4009,Consumables Item 9,Consumables,98.0,8,0.05,744.8,583.82,160.98,West
O203754,2022-11-20,C100778,P4009,Consumables Item 9,Consumables,98.0,5,0.0,490.0,204.34,285.66,Central
O203755,2024-07-24,C100741,P3018,Furniture Item 18,Furniture,1136.61,2,0.15,1932.24,1396.27,535.97,East
O203756,2022-12-28,C100781,P2019,Technology Item 19,Technology,1281.18,3,0.05,3651.36,2518.84,1132.52,West
O203757,2024-10-23,C100637,P4017,Consumables Item 17,Consumables,267.63,2,0.2,428.21,219.6,208.61,East
O203758,2024-07-07,C100684,P2016,Technology Item 16,Technology,1535.17,2,0.0,3070.34,1373.45,1696.89,South
O203759,2024-05-15,C100746,P5014,Accessories Item 14,Accessories,784.72,7,0.15,4669.08,3459.55,1209.53,South
O203760,2023-11-09,C100295,P4008,Consumables Item 8,Consumables,241.88,2,0.0,483.76,325.01,158.75,South
O203761,2024-07-14,C100915,P5007,Accessories Item 7,Accessories,687.81,2,0.05,1306.84,674.79,632.05,Central
O203762,2023-01-27,C100435,P2001,Technology Item 1,Technology,2209.18,1,0.0,2209.18,898.63,1310.55,South
O203763,2025-09-09,C100275,P4003,Consumables Item 3,Consumables,171.17,5,0.1,770.26,597.26,173.0,Central
O203764,2025-08-10,C100588,P5005,Accessories Item 5,Accessories,1231.71,3,0.2,2956.1,1660.45,1295.65,West
O203765,2022-11-14,C100308,P1006,Office Supplies Item 6,Office Supplies,309.21,1,0.1,278.29,130.94,147.35,South
O203766,2023-03-13,C100726,P2004,Technology Item 4,Technology,1323.25,3,0.05,3771.26,2884.01,887.25,Central
O203767,2025-09-23,C100943,P3013,Furniture Item 13,Furniture,1077.46,7,0.0,7542.22,4100.01,3442.21,Central
O203768,2025-04-10,C100997,P5015,Accessories Item 15,Accessories,191.35,4,0.0,765.4,447.99,317.41,South
O203769,2024-06-14,C100376,P5003,Accessories Item 3,Accessories,117.58,2,0.0,235.16,159.78,75.38,South
O203770,2024-06-05,C100158,P4016,Consumables Item 16,Consumables,924.52,2,0.0,1849.04,1345.67,503.37,West
O203771,2023-08-16,C100814,P4018,Consumables Item 18,Consumables,772.22,2,0.1,1390.0,611.7,778.3,East
O203772,2025-08-09,C100204,P3010,Furniture Item 10,Furniture,702.98,2,0.15,1195.07,907.62,287.45,West
O203773,2025-03-28,C100989,P1012,Office Supplies Item 12,Office Supplies,362.33,4,0.15,1231.92,952.29,279.63,East
O203774,2022-11-07,C100661,P3016,Furniture Item 16,Furniture,445.94,5,0.0,2229.7,1123.12,1106.58,South
O203775,2023-06-28,C100075,P1015,Office Supplies Item 15,Office Supplies,1276.5,1,0.0,1276.5,764.57,511.93,South
O203776,2024-04-19,C100380,P5003,Accessories Item 3,Accessories,117.58,3,0.0,352.74,262.14,90.6,Central
O203777,2023-01-09,C100741,P5012,Accessories Item 12,Accessories,531.07,4,0.05,2018.07,1200.63,817.44,Central
O203778,2023-06-04,C100304,P2020,Technology Item 20,Technology,2640.06,1,0.0,2640.06,1565.0,1075.06,West
O203779,2025-10-13,C100062,P3001,Furniture Item 1,Furniture,388.34,5,0.1,1747.53,1131.37,616.16,South
O203780,2025-01-14,C100570,P4009,Consumables Item 9,Consumables,98.0,1,0.0,98.0,69.28,28.72,South
O203781,2023-09-26,C100786,P4009,Consumables Item 9,Consumables,98.0,5,0.0,490.0,326.46,163.54,East
O203782,2025-02-25,C100108,P1006,Office Supplies Item 6,Office Supplies,309.21,3,0.1,834.87,543.19,291.68,East
O203783,2022-12-15,C100187,P5007,Accessories Item 7,Accessories,687.81,6,0.2,3301.49,1811.42,1490.07,East
O203784,2025-02-06,C100987,P4007,Consumables Item 7,Consumables,334.97,2,0.1,602.95,393.14,209.81,Central
O203785,2023-05-17,C100229,P2013,Technology Item 13,Technology,2603.81,2,0.0,5207.62,2298.17,2909.45,East
O203786,2025-04-14,C100048,P3003,Furniture Item 3,Furniture,200.93,4,0.0,803.72,453.16,350.56,East
O203787,2023-09-28,C100831,P2001,Technology Item 1,Technology,2209.18,4,0.0,8836.72,4200.45,4636.27,West
O203788,2024-09-26,C100268,P5004,Accessories Item 4,Accessories,566.9,1,0.2,453.52,278.93,174.59,Central
O203789,2022-11-27,C100727,P4005,Consumables Item 5,Consumables,1091.68,2,0.0,2183.36,1102.2,1081.16,South
O203790,2023-09-14,C100802,P1017,Office Supplies Item 17,Office Supplies,816.15,3,0.15,2081.18,1253.65,827.53,Central
O203791,2023-10-31,C100254,P5013,Accessories Item 13,Accessories,1059.89,3,0.15,2702.72,1921.44,781.28,Central
O203792,2025-06-17,C100957,P1008,Office Supplies Item 8,Office Supplies,1378.19,4,0.1,4961.48,2845.89,2115.59,East
O203793,2023-11-08,C100870,P4004,Consumables Item 4,Consumables,50.47,1,0.0,50.47,24.6,25.87,West
O203794,2023-07-03,C100087,P5010,Accessories Item 10,Accessories,678.1,2,0.0,1356.2,663.44,692.76,East
O203795,2024-02-21,C100181,P2008,Technology Item 8,Technology,1671.55,2,0.1,3008.79,2294.21,714.58,West
O203796,2023-03-05,C100025,P5018,Accessories Item 18,Accessories,1149.97,2,0.1,2069.95,1474.55,595.4,East
O203797,2024-04-20,C100958,P5010,Accessories Item 10,Accessories,678.1,3,0.2,1627.44,674.78,952.66,West
O203798,2024-10-06,C100388,P1013,Office Supplies Item 13,Office Supplies,945.16,3,0.0,2835.48,2203.42,632.06,East
O203799,2024-04-14,C100222,P1013,Office Supplies Item 13,Office Supplies,945.16,1,0.05,897.9,399.59,498.31,Central
O203800,2024-12-25,C100990,P2018,Technology Item 18,Technology,362.51,4,0.0,1450.04,958.73,491.31,East
O203801,2023-07-12,C100397,P2005,Technology Item 5,Technology,4160.53,3,0.0,12481.59,7746.09,4735.5,Central
O203802,2023-03-01,C100938,P4002,Consumables Item 2,Consumables,643.15,2,0.05,1221.98,511.61,710.37,Central
O203803,2025-09-21,C100511,P2003,Technology Item 3,Technology,1102.81,3,0.0,3308.43,1714.0,1594.43,West
O203804,2024-08-22,C100561,P5006,Accessories Item 6,Accessories,15.68,2,0.0,31.36,22.28,9.08,Central
O203805,2025-09-26,C100846,P2001,Technology Item 1,Technology,2209.18,3,0.0,6627.54,3464.56,3162.98,South
O203806,2025-09-02,C100440,P3014,Furniture Item 14,Furniture,668.13,1,0.0,668.13,395.62,272.51,West
O203807,2023-01-27,C100175,P4003,Consumables Item 3,Consumables,171.17,2,0.0,342.34,232.51,109.83,Central
O203808,2022-12-16,C100904,P2010,Technology Item 10,Technology,545.3,3,0.0,1635.9,701.19,934.71,West
O203809,2025-05-21,C100311,P4015,Consumables Item 15,Consumables,978.0,1,0.0,978.0,716.92,261.08,West
O203810,2024-11-14,C100984,P4008,Consumables Item 8,Consumables,241.88,3,0.2,580.51,241.86,338.65,East
O203811,2025-06-24,C100274,P5017,Accessories Item 17,Accessories,955.69,2,0.1,1720.24,868.64,851.6,East
O203812,2024-12-02,C100035,P4016,Consumables Item 16,Consumables,924.52,4,0.1,3328.27,2347.19,981.08,Central
O203813,2024-12-01,C100217,P4013,Consumables Item 13,Consumables,756.61,2,0.0,1513.22,1157.24,355.98,East
O203814,2025-01-02,C100721,P2012,Technology Item 12,Technology,3897.09,3,0.0,11691.27,8232.26,3459.01,Central
O203815,2024-11-13,C100672,P4015,Consumables Item 15,Consumables,978.0,3,0.1,2640.6,1296.01,1344.59,Central
O203816,2025-10-05,C100408,P2004,Technology Item 4,Technology,1323.25,1,0.0,1323.25,1051.04,272.21,South
O203817,2024-05-11,C100519,P1007,Office Supplies Item 7,Office Supplies,1432.06,3,0.0,4296.18,2428.78,1867.4,Central
O203818,2024-04-09,C100269,P4012,Consumables Item 12,Consumables,605.54,4,0.0,2422.16,1333.59,1088.57,East
O203819,2024-06-19,C100638,P5017,Accessories Item 17,Accessories,955.69,3,0.0,2867.07,2139.1,727.97,Central
O203820,2025-02-17,C100475,P5009,Accessories Item 9,Accessories,83.46,3,0.1,225.34,96.1,129.24,West
O203821,2022-11-03,C100880,P1001,Office Supplies Item 1,Office Supplies,53.51,6,0.15,272.9,169.86,103.04,South
O203822,2025-09-17,C100325,P1003,Office Supplies Item 3,Office Supplies,468.91,2,0.2,750.26,589.89,160.37,Central
O203823,2023-04-06,C100356,P2008,Technology Item 8,Technology,1671.55,4,0.15,5683.27,2500.94,3182.33,West
O203824,2025-03-04,C100090,P3003,Furniture Item 3,Furniture,200.93,3,0.05,572.65,352.95,219.7,Central
O203825,2024-03-25,C100042,P5017,Accessories Item 17,Accessories,955.69,3,0.0,2867.07,1298.73,1568.34,West
O203826,2024-09-17,C100365,P3006,Furniture Item 6,Furniture,1126.74,5,0.0,5633.7,4259.03,1374.67,West
O203827,2024-05-24,C100671,P1001,Office Supplies Item 1,Office Supplies,53.51,5,0.05,254.17,161.42,92.75,Central
O203828,2024-10-15,C100202,P2018,Technology Item 18,Technology,362.51,3,0.0,1087.53,537.07,550.46,East
O203829,2023-06-27,C100366,P5011,Accessories Item 11,Accessories,385.85,4,0.1,1389.06,726.22,662.84,Central
O203830,2023-08-30,C100794,P2015,Technology Item 15,Technology,89.72,4,0.0,358.88,217.72,141.16,East
O203831,2024-06-29,C100982,P4014,Consumables Item 14,Consumables,1259.98,4,0.05,4787.92,3304.33,1483.59,South
O203832,2025-07-18,C100844,P4016,Consumables Item 16,Consumables,924.52,3,0.05,2634.88,1567.75,1067.13,South
O203833,2023-09-30,C100288,P4014,Consumables Item 14,Consumables,1259.98,1,0.0,1259.98,599.38,660.6,Central
O203834,2023-02-21,C100603,P3014,Furniture Item 14,Furniture,668.13,2,0.1,1202.63,821.7,380.93,Central
O203835,2023-10-28,C100481,P5018,Accessories Item 18,Accessories,1149.97,2,0.1,2069.95,925.98,1143.97,South
O203836,2025-01-09,C100637,P2004,Technology Item 4,Technology,1323.25,1,0.05,1257.09,909.84,347.25,East
O203837,2023-02-05,C100501,P2008,Technology Item 8,Technology,1671.55,7,0.1,10530.77,5878.7,4652.07,East
O203838,2022-11-16,C100638,P2002,Technology Item 2,Technology,613.05,3,0.0,1839.15,1215.83,623.32,West
O203839,2024-05-09,C100052,P1016,Office Supplies Item 16,Office Supplies,1112.6,7,0.15,6619.97,3560.75,3059.22,East
O203840,2023-11-11,C100916,P1013,Office Supplies Item 13,Office Supplies,945.16,1,0.0,945.16,631.02,314.14,South
O203841,2024-11-11,C100103,P5020,Accessories Item 20,Accessories,75.35,1,0.15,64.05,48.4,15.65,East
O203842,2023-11-25,C100361,P5020,Accessories Item 20,Accessories,75.35,1,0.1,67.82,46.16,21.66,Central
O203843,2024-07-12,C100424,P4002,Consumables Item 2,Consumables,643.15,2,0.0,1286.3,859.97,426.33,West
O203844,2025-02-01,C100699,P3003,Furniture Item 3,Furniture,200.93,1,0.2,160.74,112.99,47.75,East
O203845,2023-09-16,C100205,P5007,Accessories Item 7,Accessories,687.81,2,0.2,1100.5,660.39,440.11,East
O203846,2023-05-15,C100014,P4018,Consumables Item 18,Consumables,772.22,2,0.05,1467.22,716.18,751.04,East
O203847,2023-12-23,C100940,P2012,Technology Item 12,Technology,3897.09,2,0.1,7014.76,5094.18,1920.58,East
O203848,2024-06-29,C100616,P4007,Consumables Item 7,Consumables,334.97,4,0.15,1138.9,750.98,387.92,South
O203849,2024-05-21,C100629,P5011,Accessories Item 11,Accessories,385.85,4,0.0,1543.4,811.1,732.3,East
O203850,2024-04-27,C100470,P5003,Accessories Item 3,Accessories,117.58,2,0.15,199.89,102.01,97.88,East
O203851,2023-06-19,C100466,P5006,Accessories Item 6,Accessories,15.68,4,0.05,59.58,35.75,23.83,Central
O203852,2025-04-02,C100304,P3017,Furniture Item 17,Furniture,715.82,4,0.1,2576.95,1244.47,1332.48,West
O203853,2024-04-04,C100605,P4005,Consumables Item 5,Consumables,1091.68,2,0.0,2183.36,1640.35,543.01,South
O203854,2024-10-03,C100427,P4009,Consumables Item 9,Consumables,98.0,3,0.0,294.0,210.34,83.66,South
O203855,2025-02-23,C100656,P3009,Furniture Item 9,Furniture,1285.97,6,0.15,6558.45,3432.21,3126.24,South
O203856,2024-09-03,C100110,P2013,Technology Item 13,Technology,2603.81,2,0.0,5207.62,2185.96,3021.66,South
O203857,2022-11-21,C100675,P1019,Office Supplies Item 19,Office Supplies,414.61,2,0.0,829.22,348.89,480.33,East
O203858,2024-06-10,C100565,P2016,Technology Item 16,Technology,1535.17,7,0.05,10208.88,5296.86,4912.02,Central
O203859,2025-04-16,C100930,P4010,Consumables Item 10,Consumables,1234.94,5,0.0,6174.7,2834.21,3340.49,West
O203860,2023-11-06,C100515,P1015,Office Supplies Item 15,Office Supplies,1276.5,2,0.0,2553.0,1913.05,639.95,West
O203861,2023-01-17,C100068,P5020,Accessories Item 20,Accessories,75.35,5,0.0,376.75,214.11,162.64,East
O203862,2024-08-09,C100246,P5017,Accessories Item 17,Accessories,955.69,2,0.0,1911.38,1030.64,880.74,East
O203863,2023-03-20,C100389,P2004,Technology Item 4,Technology,1323.25,3,0.0,3969.75,1933.9,2035.85,Central
O203864,2024-05-06,C100650,P2007,Technology Item 7,Technology,1312.26,5,0.0,6561.3,4832.27,1729.03,East
O203865,2025-07-25,C100308,P3009,Furniture Item 9,Furniture,1285.97,5,0.0,6429.85,4610.12,1819.73,East
O203866,2023-08-09,C100925,P4015,Consumables Item 15,Consumables,978.0,1,0.05,929.1,514.47,414.63,West
O203867,2024-01-14,C100352,P2003,Technology Item 3,Technology,1102.81,5,0.0,5514.05,2579.16,2934.89,Central
O203868,2023-07-28,C100799,P2013,Technology Item 13,Technology,2603.81,8,0.0,20830.48,16264.34,4566.14,South
O203869,2024-11-15,C100066,P3001,Furniture Item 1,Furniture,388.34,1,0.05,368.92,194.18,174.74,West
O203870,2023-02-12,C100460,P3016,Furniture Item 16,Furniture,445.94,2,0.0,891.88,631.84,260.04,South
O203871,2024-12-05,C100347,P2009,Technology Item 9,Technology,2991.89,1,0.0,2991.89,1750.91,1240.98,East
O203872,2023-02-03,C100325,P2011,Technology Item 11,Technology,4293.44,6,0.0,25760.64,18358.54,7402.1,West
O203873,2024-10-29,C100933,P4005,Consumables Item 5,Consumables,1091.68,2,0.0,2183.36,1293.95,889.41,East
O203874,2024-02-23,C100667,P5018,Accessories Item 18,Accessories,1149.97,2,0.1,2069.95,1594.33,475.62,Central
O203875,2024-12-19,C100599,P1018,Office Supplies Item 18,Office Supplies,982.11,2,0.0,1964.22,1414.57,549.65,South
O203876,2022-11-13,C100033,P5002,Accessories Item 2,Accessories,19.27,7,0.0,134.89,68.0,66.89,East
O203877,2024-06-23,C100068,P1006,Office Supplies Item 6,Office Supplies,309.21,4,0.0,1236.84,707.66,529.18,Central
O203878,2023-02-03,C100187,P3012,Furniture Item 12,Furniture,806.55,1,0.2,645.24,284.06,361.18,Central
O203879,2023-08-20,C100192,P2020,Technology Item 20,Technology,2640.06,2,0.0,5280.12,4020.22,1259.9,Central
O203880,2022-11-25,C100213,P4005,Consumables Item 5,Consumables,1091.68,6,0.0,6550.08,2801.59,3748.49,East
O203881,2025-05-27,C100600,P3002,Furniture Item 2,Furniture,1401.3,6,0.15,7146.63,2910.8,4235.83,East
O203882,2024-12-01,C100428,P5014,Accessories Item 14,Accessories,784.72,4,0.0,3138.88,1878.85,1260.03,East
O203883,2024-08-15,C100351,P4008,Consumables Item 8,Consumables,241.88,3,0.05,689.36,442.05,247.31,East
O203884,2025-07-12,C100108,P2012,Technology Item 12,Technology,3897.09,3,0.0,11691.27,5720.37,5970.9,Central
O203885,2024-07-30,C100240,P1010,Office Supplies Item 10,Office Supplies,511.53,1,0.0,511.53,321.35,190.18,West
O203886,2024-03-05,C100216,P4009,Consumables Item 9,Consumables,98.0,5,0.0,490.0,371.53,118.47,Central
O203887,2024-05-28,C100177,P1009,Office Supplies Item 9,Office Supplies,75.25,1,0.0,75.25,48.95,26.3,West
O203888,2023-08-21,C100565,P4009,Consumables Item 9,Consumables,98.0,1,0.0,98.0,57.07,40.93,East
O203889,2025-04-14,C100330,P4001,Consumables Item 1,Consumables,1495.23,5,0.15,6354.73,2909.01,3445.72,Central
O203890,2022-12-10,C100561,P1011,Office Supplies Item 11,Office Supplies,610.7,3,0.0,1832.1,856.65,975.45,Central
O203891,2024-12-15,C100881,P5019,Accessories Item 19,Accessories,123.42,7,0.05,820.74,487.31,333.43,East
O203892,2024-04-03,C100626,P5011,Accessories Item 11,Accessories,385.85,2,0.0,771.7,451.64,320.06,South
O203893,2024-04-29,C100450,P4008,Consumables Item 8,Consumables,241.88,3,0.15,616.79,375.6,241.19,West
O203894,2023-06-24,C100607,P4014,Consumables Item 14,Consumables,1259.98,3,0.2,3023.95,1823.91,1200.04,Central
O203895,2024-02-06,C100447,P5017,Accessories Item 17,Accessories,955.69,6,0.0,5734.14,3076.43,2657.71,East
O203896,2024-02-26,C100537,P1008,Office Supplies Item 8,Office Supplies,1378.19,3,0.0,4134.57,2804.67,1329.9,West
O203897,2024-01-04,C100644,P3009,Furniture Item 9,Furniture,1285.97,6,0.1,6944.24,3367.15,3577.09,South
O203898,2025-09-11,C100179,P2004,Technology Item 4,Technology,1323.25,2,0.0,2646.5,1960.88,685.62,South
O203899,2023-10-09,C100395,P2013,Technology Item 13,Technology,2603.81,3,0.05,7420.86,3545.38,3875.48,East
O203900,2025-09-29,C100145,P1019,Office Supplies Item 19,Office Supplies,414.61,2,0.15,704.84,399.19,305.65,South
O203901,2023-03-13,C100876,P1002,Office Supplies Item 2,Office Supplies,357.2,2,0.0,714.4,345.98,368.42,East
O203902,2023-10-17,C100962,P3015,Furniture Item 15,Furniture,1408.62,3,0.1,3803.27,2462.17,1341.1,South
O203903,2024-03-20,C100198,P1011,Office Supplies Item 11,Office Supplies,610.7,2,0.0,1221.4,721.91,499.49,Central
O203904,2023-01-23,C100969,P5019,Accessories Item 19,Accessories,123.42,1,0.0,123.42,67.85,55.57,West
O203905,2025-07-20,C100837,P1017,Office Supplies Item 17,Office Supplies,816.15,4,0.0,3264.6,1926.29,1338.31,South
O203906,2025-02-07,C100084,P3002,Furniture Item 2,Furniture,1401.3,4,0.0,5605.2,3186.53,2418.67,West
O203907,2025-03-10,C100669,P4001,Consumables Item 1,Consumables,1495.23,2,0.0,2990.46,2219.12,771.34,West
O203908,2023-10-09,C100085,P1003,Office Supplies Item 3,Office Supplies,468.91,2,0.0,937.82,421.74,516.08,East
O203909,2025-03-15,C100457,P5006,Accessories Item 6,Accessories,15.68,5,0.05,74.48,53.42,21.06,South
O203910,2023-08-20,C100476,P2015,Technology Item 15,Technology,89.72,2,0.0,179.44,118.81,60.63,Central
O203911,2024-06-20,C100253,P5005,Accessories Item 5,Accessories,1231.71,5,0.0,6158.55,3321.48,2837.07,West
O203912,2024-08-06,C100887,P5009,Accessories Item 9,Accessories,83.46,3,0.0,250.38,192.2,58.18,East
O203913,2024-01-22,C100072,P4006,Consumables Item 6,Consumables,1311.65,2,0.0,2623.3,1234.99,1388.31,East
O203914,2024-09-20,C100223,P1001,Office Supplies Item 1,Office Supplies,53.51,3,0.05,152.5,79.93,72.57,East
O203915,2025-07-29,C100276,P1007,Office Supplies Item 7,Office Supplies,1432.06,6,0.0,8592.36,4725.25,3867.11,East
O203916,2025-03-04,C100795,P1020,Office Supplies Item 20,Office Supplies,891.62,2,0.1,1604.92,1057.83,547.09,West
O203917,2024-03-16,C100776,P3003,Furniture Item 3,Furniture,200.93,2,0.0,401.86,312.87,88.99,East
O203918,2024-12-03,C100246,P1006,Office Supplies Item 6,Office Supplies,309.21,3,0.1,834.87,532.13,302.74,East
O203919,2024-11-04,C100341,P3015,Furniture Item 15,Furniture,1408.62,5,0.0,7043.1,5229.66,1813.44,Central
O203920,2023-07-08,C100573,P5020,Accessories Item 20,Accessories,75.35,1,0.05,71.58,54.54,17.04,East
O203921,2024-06-23,C100924,P2001,Technology Item 1,Technology,2209.18,3,0.0,6627.54,3887.62,2739.92,South
O203922,2023-03-05,C100471,P3011,Furniture Item 11,Furniture,542.78,5,0.0,2713.9,1598.42,1115.48,East
O203923,2023-02-21,C100454,P3006,Furniture Item 6,Furniture,1126.74,3,0.1,3042.2,1521.1,1521.1,West
O203924,2025-07-08,C100771,P2015,Technology Item 15,Technology,89.72,3,0.1,242.24,155.19,87.05,Central
O203925,2023-03-30,C100965,P5020,Accessories Item 20,Accessories,75.35,4,0.0,301.4,135.03,166.37,East
O203926,2025-03-24,C100969,P1008,Office Supplies Item 8,Office Supplies,1378.19,4,0.15,4685.85,3063.29,1622.56,South
O203927,2023-10-09,C100007,P4008,Consumables Item 8,Consumables,241.88,1,0.1,217.69,164.83,52.86,West
O203928,2024-06-02,C100188,P1016,Office Supplies Item 16,Office Supplies,1112.6,3,0.0,3337.8,2350.86,986.94,West
O203929,2024-12-22,C100004,P4007,Consumables Item 7,Consumables,334.97,2,0.0,669.94,441.94,228.0,South
O203930,2023-09-17,C100743,P4011,Consumables Item 11,Consumables,470.52,3,0.0,1411.56,1038.01,373.55,South
O203931,2025-01-30,C100645,P4004,Consumables Item 4,Consumables,50.47,1,0.0,50.47,34.92,15.55,Central
O203932,2024-04-15,C100907,P1002,Office Supplies Item 2,Office Supplies,357.2,6,0.0,2143.2,1311.35,831.85,East
O203933,2024-03-06,C100125,P1001,Office Supplies Item 1,Office Supplies,53.51,1,0.0,53.51,32.56,20.95,West
O203934,2024-07-04,C100015,P3018,Furniture Item 18,Furniture,1136.61,3,0.0,3409.83,1509.88,1899.95,Central
O203935,2023-07-10,C100960,P1001,Office Supplies Item 1,Office Supplies,53.51,4,0.0,214.04,122.81,91.23,East
O203936,2023-04-22,C100994,P1007,Office Supplies Item 7,Office Supplies,1432.06,6,0.0,8592.36,5232.57,3359.79,West
O203937,2025-03-24,C100525,P5008,Accessories Item 8,Accessories,497.2,4,0.0,1988.8,1169.35,819.45,Central
O203938,2023-05-20,C100630,P4009,Consumables Item 9,Consumables,98.0,3,0.0,294.0,208.86,85.14,Central
O203939,2023-06-05,C100240,P5005,Accessories Item 5,Accessories,1231.71,3,0.0,3695.13,1715.96,1979.17,Central
O203940,2023-11-11,C100775,P5012,Accessories Item 12,Accessories,531.07,3,0.0,1593.21,1143.86,449.35,South
O203941,2022-11-11,C100360,P1018,Office Supplies Item 18,Office Supplies,982.11,1,0.1,883.9,615.78,268.12,South
O203942,2025-09-01,C100518,P5008,Accessories Item 8,Accessories,497.2,8,0.2,3182.08,2419.43,762.65,West
O203943,2025-04-10,C100952,P2012,Technology Item 12,Technology,3897.09,2,0.0,7794.18,4281.98,3512.2,East
O203944,2024-01-09,C100320,P3005,Furniture Item 5,Furniture,764.38,3,0.0,2293.14,1079.19,1213.95,South
O203945,2025-01-26,C100231,P2013,Technology Item 13,Technology,2603.81,4,0.05,9894.48,6960.29,2934.19,East
O203946,2025-05-19,C100946,P4014,Consumables Item 14,Consumables,1259.98,2,0.0,2519.96,1601.11,918.85,East
O203947,2024-09-21,C100030,P4013,Consumables Item 13,Consumables,756.61,4,0.0,3026.44,2073.1,953.34,Central
O203948,2025-03-04,C100534,P3009,Furniture Item 9,Furniture,1285.97,1,0.0,1285.97,1027.1,258.87,Central
O203949,2024-12-23,C100921,P2013,Technology Item 13,Technology,2603.81,3,0.0,7811.43,3732.43,4079.0,Central
O203950,2023-09-15,C100156,P5017,Accessories Item 17,Accessories,955.69,3,0.0,2867.07,1618.23,1248.84,West
O203951,2025-02-21,C100630,P4011,Consumables Item 11,Consumables,470.52,4,0.2,1505.66,718.32,787.34,South
O203952,2024-07-13,C100852,P4008,Consumables Item 8,Consumables,241.88,2,0.0,483.76,360.04,123.72,South
O203953,2024-12-24,C100935,P2008,Technology Item 8,Technology,1671.55,3,0.05,4763.92,1937.93,2825.99,Central
O203954,2023-12-02,C100963,P5007,Accessories Item 7,Accessories,687.81,3,0.0,2063.43,936.98,1126.45,West
O203955,2025-10-17,C100901,P3013,Furniture Item 13,Furniture,1077.46,1,0.0,1077.46,537.81,539.65,West
O203956,2024-02-03,C100705,P5016,Accessories Item 16,Accessories,1442.31,1,0.0,1442.31,1021.92,420.39,East
O203957,2022-12-31,C100399,P3004,Furniture Item 4,Furniture,1197.1,2,0.1,2154.78,1403.58,751.2,Central
O203958,2023-11-04,C100346,P4020,Consumables Item 20,Consumables,1460.03,5,0.0,7300.15,4054.83,3245.32,South
O203959,2024-10-19,C100195,P3015,Furniture Item 15,Furniture,1408.62,4,0.0,5634.48,2611.47,3023.01,South
O203960,2024-04-29,C100168,P1010,Office Supplies Item 10,Office Supplies,511.53,4,0.0,2046.12,1081.67,964.45,West
O203961,2025-09-06,C100377,P1014,Office Supplies Item 14,Office Supplies,962.37,1,0.0,962.37,671.13,291.24,South
O203962,2024-03-10,C100489,P2016,Technology Item 16,Technology,1535.17,2,0.0,3070.34,1697.22,1373.12,Central
O203963,2024-03-11,C100751,P2014,Technology Item 14,Technology,3038.06,3,0.05,8658.47,5065.54,3592.93,South
O203964,2024-03-19,C100362,P5008,Accessories Item 8,Accessories,497.2,4,0.0,1988.8,1279.69,709.11,South
O203965,2025-06-26,C100482,P1018,Office Supplies Item 18,Office Supplies,982.11,3,0.0,2946.33,2254.4,691.93,South
O203966,2025-10-28,C100244,P1016,Office Supplies Item 16,Office Supplies,1112.6,2,0.1,2002.68,1001.42,1001.26,East
O203967,2023-04-10,C100581,P2017,Technology Item 17,Technology,3583.54,3,0.1,9675.56,5604.07,4071.49,South
O203968,2024-10-18,C100607,P3001,Furniture Item 1,Furniture,388.34,4,0.0,1553.36,814.16,739.2,West
O203969,2025-07-20,C100589,P2005,Technology Item 5,Technology,4160.53,1,0.05,3952.5,2318.04,1634.46,West
O203970,2023-07-27,C100171,P1008,Office Supplies Item 8,Office Supplies,1378.19,2,0.0,2756.38,1870.44,885.94,Central
O203971,2024-09-29,C100513,P5008,Accessories Item 8,Accessories,497.2,4,0.1,1789.92,1061.11,728.81,West
O203972,2025-03-14,C100406,P5004,Accessories Item 4,Accessories,566.9,2,0.0,1133.8,832.0,301.8,East
O203973,2023-10-16,C100574,P5014,Accessories Item 14,Accessories,784.72,2,0.0,1569.44,975.1,594.34,Central
O203974,2023-02-18,C100207,P5004,Accessories Item 4,Accessories,566.9,3,0.05,1615.66,895.57,720.09,South
O203975,2023-12-12,C100154,P1018,Office Supplies Item 18,Office Supplies,982.11,3,0.0,2946.33,2100.52,845.81,South
O203976,2024-08-11,C100786,P4008,Consumables Item 8,Consumables,241.88,4,0.0,967.52,553.93,413.59,Central
O203977,2022-12-21,C100048,P3008,Furniture Item 8,Furniture,774.16,8,0.0,6193.28,3754.5,2438.78,South
O203978,2025-10-27,C100649,P5020,Accessories Item 20,Accessories,75.35,2,0.0,150.7,120.24,30.46,South
O203979,2024-06-18,C100001,P4010,Consumables Item 10,Consumables,1234.94,6,0.1,6668.68,4765.26,1903.42,East
O203980,2025-07-06,C100747,P4007,Consumables Item 7,Consumables,334.97,3,0.0,1004.91,745.7,259.21,West
O203981,2025-10-01,C100905,P1018,Office Supplies Item 18,Office Supplies,982.11,3,0.0,2946.33,1877.23,1069.1,West
O203982,2024-10-31,C100768,P1018,Office Supplies Item 18,Office Supplies,982.11,2,0.05,1866.01,1006.31,859.7,East
O203983,2022-12-27,C100407,P3016,Furniture Item 16,Furniture,445.94,4,0.2,1427.01,1136.62,290.39,Central
O203984,2024-11-07,C100107,P2003,Technology Item 3,Technology,1102.81,1,0.0,1102.81,548.77,554.04,West
O203985,2023-05-15,C100173,P2015,Technology Item 15,Technology,89.72,5,0.1,403.74,302.45,101.29,South
O203986,2025-10-21,C100506,P1006,Office Supplies Item 6,Office Supplies,309.21,5,0.0,1546.05,1181.99,364.06,Central
O203987,2023-02-20,C100130,P2006,Technology Item 6,Technology,1048.28,3,0.05,2987.6,2172.05,815.55,Central
O203988,2024-12-04,C100398,P5005,Accessories Item 5,Accessories,1231.71,2,0.15,2093.91,933.12,1160.79,West
O203989,2024-10-11,C100294,P4001,Consumables Item 1,Consumables,1495.23,1,0.1,1345.71,998.04,347.67,Central
O203990,2025-06-05,C100552,P5008,Accessories Item 8,Accessories,497.2,2,0.15,845.24,562.52,282.72,Central
O203991,2022-11-26,C100447,P1015,Office Supplies Item 15,Office Supplies,1276.5,1,0.0,1276.5,858.23,418.27,West
O203992,2023-12-15,C100850,P5011,Accessories Item 11,Accessories,385.85,2,0.0,771.7,551.47,220.23,South
O203993,2024-11-27,C100016,P2012,Technology Item 12,Technology,3897.09,3,0.0,11691.27,6970.51,4720.76,West
O203994,2024-04-14,C100639,P1012,Office Supplies Item 12,Office Supplies,362.33,7,0.1,2282.68,1157.01,1125.67,West
O203995,2024-11-18,C100885,P1005,Office Supplies Item 5,Office Supplies,367.17,4,0.1,1321.81,832.7,489.11,Central
O203996,2023-07-04,C100349,P4004,Consumables Item 4,Consumables,50.47,2,0.0,100.94,44.76,56.18,East
O203997,2024-08-23,C100203,P4011,Consumables Item 11,Consumables,470.52,7,0.0,3293.64,2206.48,1087.16,South
O203998,2025-04-27,C100134,P5006,Accessories Item 6,Accessories,15.68,3,0.1,42.34,25.12,17.22,Central
O203999,2023-12-01,C100771,P2007,Technology Item 7,Technology,1312.26,3,0.0,3936.78,2365.74,1571.04,South
O204000,2024-04-05,C100526,P4019,Consumables Item 19,Consumables,1074.49,2,0.05,2041.53,968.36,1073.17,West
O204001,2025-05-14,C100508,P3005,Furniture Item 5,Furniture,764.38,2,0.1,1375.88,573.07,802.81,South
O204002,2023-07-22,C100066,P2015,Technology Item 15,Technology,89.72,2,0.0,179.44,115.65,63.79,West
O204003,2024-12-29,C100480,P2006,Technology Item 6,Technology,1048.28,6,0.0,6289.68,4173.41,2116.27,East
O204004,2023-04-21,C100863,P2003,Technology Item 3,Technology,1102.81,1,0.1,992.53,594.84,397.69,East
O204005,2023-07-23,C100459,P1013,Office Supplies Item 13,Office Supplies,945.16,2,0.0,1890.32,1335.12,555.2,East
O204006,2025-09-15,C100342,P5010,Accessories Item 10,Accessories,678.1,4,0.0,2712.4,1696.57,1015.83,Central
O204007,2024-02-19,C100707,P1003,Office Supplies Item 3,Office Supplies,468.91,3,0.0,1406.73,1039.97,366.76,East
O204008,2023-10-22,C100626,P2009,Technology Item 9,Technology,2991.89,4,0.0,11967.56,6166.25,5801.31,Central
O204009,2025-09-15,C100159,P4006,Consumables Item 6,Consumables,1311.65,5,0.0,6558.25,3261.05,3297.2,Central
O204010,2022-12-04,C100161,P4004,Consumables Item 4,Consumables,50.47,2,0.05,95.89,48.37,47.52,Central
O204011,2023-07-22,C100254,P2008,Technology Item 8,Technology,1671.55,2,0.2,2674.48,1102.44,1572.04,Central
O204012,2025-01-24,C100984,P5007,Accessories Item 7,Accessories,687.81,2,0.0,1375.62,1045.81,329.81,Central
O204013,2025-03-24,C100897,P2016,Technology Item 16,Technology,1535.17,8,0.1,11053.22,8838.98,2214.24,East
O204014,2024-11-23,C100940,P1006,Office Supplies Item 6,Office Supplies,309.21,1,0.0,309.21,224.67,84.54,West
O204015,2024-05-19,C100527,P1011,Office Supplies Item 11,Office Supplies,610.7,2,0.0,1221.4,690.14,531.26,East
O204016,2024-02-05,C100549,P2018,Technology Item 18,Technology,362.51,1,0.0,362.51,196.33,166.18,Central
O204017,2024-08-16,C100155,P2014,Technology Item 14,Technology,3038.06,4,0.2,9721.79,6901.24,2820.55,Central
O204018,2023-01-20,C100486,P5001,Accessories Item 1,Accessories,306.1,2,0.15,520.37,314.29,206.08,East
O204019,2024-11-26,C100432,P4007,Consumables Item 7,Consumables,334.97,1,0.0,334.97,259.86,75.11,Central
O204020,2025-03-19,C100027,P3006,Furniture Item 6,Furniture,1126.74,4,0.0,4506.96,2306.81,2200.15,East
O204021,2025-10-05,C100012,P5018,Accessories Item 18,Accessories,1149.97,6,0.15,5864.85,3105.6,2759.25,Central
O204022,2024-06-21,C100067,P5006,Accessories Item 6,Accessories,15.68,2,0.0,31.36,25.07,6.29,Central
O204023,2025-01-15,C100542,P2009,Technology Item 9,Technology,2991.89,4,0.05,11369.18,8996.09,2373.09,West
O204024,2025-10-12,C100096,P3020,Furniture Item 20,Furniture,1296.14,5,0.0,6480.7,4886.94,1593.76,South
O204025,2025-07-11,C100215,P3014,Furniture Item 14,Furniture,668.13,1,0.05,634.72,356.62,278.1,South
O204026,2024-10-04,C100194,P5013,Accessories Item 13,Accessories,1059.89,2,0.0,2119.78,1558.13,561.65,East
O204027,2024-02-19,C100647,P4009,Consumables Item 9,Consumables,98.0,2,0.0,196.0,100.62,95.38,West
O204028,2024-06-14,C100290,P4014,Consumables Item 14,Consumables,1259.98,2,0.1,2267.96,1138.29,1129.67,East
O204029,2022-11-16,C100544,P4014,Consumables Item 14,Consumables,1259.98,2,0.0,2519.96,1558.78,961.18,West
O204030,2024-03-01,C100885,P1009,Office Supplies Item 9,Office Supplies,75.25,1,0.0,75.25,55.99,19.26,West
O204031,2024-10-06,C100039,P5005,Accessories Item 5,Accessories,1231.71,5,0.0,6158.55,2703.54,3455.01,West
O204032,2024-07-12,C100864,P4017,Consumables Item 17,Consumables,267.63,6,0.0,1605.78,1005.41,600.37,East
O204033,2025-08-15,C100939,P1010,Office Supplies Item 10,Office Supplies,511.53,2,0.0,1023.06,658.74,364.32,East
O204034,2024-12-16,C100939,P4015,Consumables Item 15,Consumables,978.0,2,0.0,1956.0,1236.03,719.97,Central
O204035,2024-01-21,C100206,P4008,Consumables Item 8,Consumables,241.88,4,0.0,967.52,471.57,495.95,West
O204036,2023-08-17,C100899,P3018,Furniture Item 18,Furniture,1136.61,7,0.2,6365.02,2709.28,3655.74,East
O204037,2023-05-28,C100942,P5015,Accessories Item 15,Accessories,191.35,1,0.0,191.35,145.04,46.31,West
O204038,2023-12-18,C100928,P3012,Furniture Item 12,Furniture,806.55,3,0.0,2419.65,1523.91,895.74,West
O204039,2024-09-07,C100555,P2014,Technology Item 14,Technology,3038.06,1,0.05,2886.16,2040.98,845.18,Central
O204040,2024-08-25,C100484,P2015,Technology Item 15,Technology,89.72,2,0.05,170.47,93.04,77.43,East
O204041,2023-08-17,C100337,P2013,Technology Item 13,Technology,2603.81,1,0.0,2603.81,1085.79,1518.02,South
O204042,2023-03-31,C100496,P4012,Consumables Item 12,Consumables,605.54,2,0.0,1211.08,610.17,600.91,West
O204043,2025-03-04,C100771,P2012,Technology Item 12,Technology,3897.09,1,0.0,3897.09,1673.2,2223.89,Central
O204044,2024-06-30,C100249,P3015,Furniture Item 15,Furniture,1408.62,4,0.0,5634.48,2430.13,3204.35,South
O204045,2023-11-05,C100074,P5017,Accessories Item 17,Accessories,955.69,3,0.15,2437.01,1183.86,1253.15,East
O204046,2024-10-05,C100373,P1008,Office Supplies Item 8,Office Supplies,1378.19,1,0.1,1240.37,810.5,429.87,Central
O204047,2025-02-03,C100831,P3006,Furniture Item 6,Furniture,1126.74,6,0.05,6422.42,4669.8,1752.62,West
O204048,2025-08-01,C100879,P1014,Office Supplies Item 14,Office Supplies,962.37,4,0.0,3849.48,2804.51,1044.97,East
O204049,2023-11-12,C100808,P5018,Accessories Item 18,Accessories,1149.97,3,0.0,3449.91,2674.03,775.88,Central
O204050,2025-06-30,C100786,P1008,Office Supplies Item 8,Office Supplies,1378.19,4,0.0,5512.76,3652.49,1860.27,East
O204051,2023-02-26,C100835,P4011,Consumables Item 11,Consumables,470.52,2,0.0,941.04,383.89,557.15,Central
O204052,2025-08-25,C100871,P4017,Consumables Item 17,Consumables,267.63,4,0.0,1070.52,589.81,480.71,West
O204053,2024-01-18,C100702,P3014,Furniture Item 14,Furniture,668.13,7,0.15,3975.37,1767.39,2207.98,Central
O204054,2024-11-24,C100138,P2001,Technology Item 1,Technology,2209.18,1,0.05,2098.72,1492.16,606.56,South
O204055,2024-08-01,C100948,P5016,Accessories Item 16,Accessories,1442.31,1,0.0,1442.31,645.98,796.33,South
O204056,2023-03-04,C100457,P4015,Consumables Item 15,Consumables,978.0,3,0.0,2934.0,1297.91,1636.09,West
O204057,2024-08-19,C100814,P1014,Office Supplies Item 14,Office Supplies,962.37,3,0.0,2887.11,1187.42,1699.69,East
O204058,2025-01-30,C100823,P4015,Consumables Item 15,Consumables,978.0,7,0.05,6503.7,5087.2,1416.5,South
O204059,2024-08-25,C100942,P1002,Office Supplies Item 2,Office Supplies,357.2,4,0.05,1357.36,969.54,387.82,Central
O204060,2023-10-26,C100843,P5018,Accessories Item 18,Accessories,1149.97,3,0.0,3449.91,1839.92,1609.99,West
O204061,2024-07-15,C100444,P4001,Consumables Item 1,Consumables,1495.23,4,0.2,4784.74,2634.36,2150.38,West
O204062,2025-10-16,C100353,P1017,Office Supplies Item 17,Office Supplies,816.15,7,0.15,4856.09,2057.87,2798.22,East
O204063,2025-05-07,C100996,P4018,Consumables Item 18,Consumables,772.22,2,0.1,1390.0,643.8,746.2,West
O204064,2024-01-26,C100794,P5009,Accessories Item 9,Accessories,83.46,3,0.0,250.38,131.34,119.04,East
O204065,2023-02-28,C100411,P3008,Furniture Item 8,Furniture,774.16,2,0.0,1548.32,859.55,688.77,West
O204066,2024-06-04,C100678,P5011,Accessories Item 11,Accessories,385.85,8,0.0,3086.8,2000.22,1086.58,West
O204067,2023-02-07,C100790,P1008,Office Supplies Item 8,Office Supplies,1378.19,4,0.0,5512.76,2977.62,2535.14,South
O204068,2024-03-28,C100538,P3016,Furniture Item 16,Furniture,445.94,2,0.15,758.1,592.71,165.39,Central
O204069,2024-08-25,C100982,P1017,Office Supplies Item 17,Office Supplies,816.15,2,0.0,1632.3,876.74,755.56,West
O204070,2023-12-06,C100453,P4009,Consumables Item 9,Consumables,98.0,4,0.1,352.8,274.0,78.8,East
O204071,2023-10-31,C100419,P1012,Office Supplies Item 12,Office Supplies,362.33,2,0.0,724.66,501.42,223.24,Central
O204072,2024-06-03,C100450,P2018,Technology Item 18,Technology,362.51,4,0.0,1450.04,1101.97,348.07,West
O204073,2024-07-13,C100995,P1018,Office Supplies Item 18,Office Supplies,982.11,2,0.0,1964.22,1338.15,626.07,East
O204074,2025-02-05,C100585,P2006,Technology Item 6,Technology,1048.28,6,0.0,6289.68,3946.36,2343.32,Central
O204075,2023-07-05,C100115,P5015,Accessories Item 15,Accessories,191.35,2,0.0,382.7,231.01,151.69,West
O204076,2024-01-08,C100051,P2017,Technology Item 17,Technology,3583.54,4,0.1,12900.74,6663.69,6237.05,West
O204077,2024-07-07,C100369,P4010,Consumables Item 10,Consumables,1234.94,5,0.05,5865.96,3046.01,2819.95,South
O204078,2025-05-31,C100914,P3001,Furniture Item 1,Furniture,388.34,4,0.0,1553.36,760.03,793.33,East
O204079,2025-06-20,C100683,P4019,Consumables Item 19,Consumables,1074.49,3,0.15,2739.95,1518.53,1221.42,West
O204080,2024-07-16,C100780,P3002,Furniture Item 2,Furniture,1401.3,5,0.0,7006.5,3158.45,3848.05,West
O204081,2023-09-17,C100515,P5010,Accessories Item 10,Accessories,678.1,3,0.0,2034.3,1129.12,905.18,East
O204082,2025-03-05,C100210,P4016,Consumables Item 16,Consumables,924.52,2,0.0,1849.04,1356.27,492.77,South
O204083,2023-01-01,C100888,P3001,Furniture Item 1,Furniture,388.34,3,0.0,1165.02,871.57,293.45,South
O204084,2023-08-27,C100998,P3007,Furniture Item 7,Furniture,469.52,2,0.0,939.04,617.07,321.97,Central
O204085,2023-12-08,C100903,P1014,Office Supplies Item 14,Office Supplies,962.37,3,0.1,2598.4,1306.28,1292.12,South
O204086,2025-06-12,C100993,P1001,Office Supplies Item 1,Office Supplies,53.51,2,0.2,85.62,42.48,43.14,East
O204087,2023-07-11,C100902,P1017,Office Supplies Item 17,Office Supplies,816.15,1,0.1,734.54,375.48,359.06,East
O204088,2024-02-21,C100850,P5017,Accessories Item 17,Accessories,955.69,4,0.05,3631.62,2179.03,1452.59,East
O204089,2023-04-09,C100813,P3015,Furniture Item 15,Furniture,1408.62,2,0.05,2676.38,2115.89,560.49,Central
O204090,2025-06-18,C100895,P5013,Accessories Item 13,Accessories,1059.89,4,0.0,4239.56,1880.98,2358.58,West
O204091,2023-05-24,C100854,P3013,Furniture Item 13,Furniture,1077.46,5,0.0,5387.3,3233.48,2153.82,South
O204092,2025-03-07,C100627,P2011,Technology Item 11,Technology,4293.44,5,0.05,20393.84,13722.97,6670.87,West
O204093,2024-11-29,C100679,P4002,Consumables Item 2,Consumables,643.15,3,0.2,1543.56,769.1,774.46,East
O204094,2024-10-21,C100435,P1008,Office Supplies Item 8,Office Supplies,1378.19,3,0.0,4134.57,3256.57,878.0,South
O204095,2025-09-06,C100777,P2010,Technology Item 10,Technology,545.3,2,0.0,1090.6,588.5,502.1,West
O204096,2023-01-07,C100227,P4017,Consumables Item 17,Consumables,267.63,1,0.0,267.63,206.86,60.77,South
O204097,2023-03-13,C100663,P4020,Consumables Item 20,Consumables,1460.03,4,0.0,5840.12,3731.5,2108.62,West
O204098,2025-05-07,C100268,P4006,Consumables Item 6,Consumables,1311.65,1,0.05,1246.07,500.46,745.61,East
O204099,2024-01-04,C100116,P3005,Furniture Item 5,Furniture,764.38,3,0.0,2293.14,1202.63,1090.51,South
O204100,2023-09-04,C100600,P1018,Office Supplies Item 18,Office Supplies,982.11,5,0.0,4910.55,2006.55,2904.0,South
O204101,2024-08-11,C100830,P5019,Accessories Item 19,Accessories,123.42,3,0.0,370.26,204.6,165.66,West
O204102,2023-12-17,C100754,P3005,Furniture Item 5,Furniture,764.38,4,0.05,2904.64,2245.33,659.31,East
O204103,2023-02-05,C100360,P1019,Office Supplies Item 19,Office Supplies,414.61,3,0.0,1243.83,885.12,358.71,East
O204104,2025-09-16,C100329,P4017,Consumables Item 17,Consumables,267.63,5,0.15,1137.43,737.11,400.32,West
O204105,2025-10-19,C100845,P4008,Consumables Item 8,Consumables,241.88,2,0.0,483.76,297.72,186.04,Central
O204106,2023-05-21,C100040,P5003,Accessories Item 3,Accessories,117.58,3,0.0,352.74,193.67,159.07,West
O204107,2024-12-01,C100182,P3010,Furniture Item 10,Furniture,702.98,2,0.0,1405.96,681.35,724.61,East
O204108,2025-03-23,C100490,P2005,Technology Item 5,Technology,4160.53,1,0.0,4160.53,1768.27,2392.26,South
O204109,2024-06-03,C100209,P2018,Technology Item 18,Technology,362.51,2,0.0,725.02,345.15,379.87,South
O204110,2023-11-05,C100903,P5015,Accessories Item 15,Accessories,191.35,3,0.0,574.05,310.34,263.71,West
O204111,2024-04-16,C100273,P2016,Technology Item 16,Technology,1535.17,5,0.05,7292.06,4433.55,2858.51,East
O204112,2025-04-17,C100119,P4008,Consumables Item 8,Consumables,241.88,2,0.0,483.76,233.06,250.7,East
O204113,2024-06-29,C100382,P3016,Furniture Item 16,Furniture,445.94,4,0.15,1516.2,1197.39,318.81,Central
O204114,2025-03-22,C100946,P2019,Technology Item 19,Technology,1281.18,1,0.0,1281.18,551.86,729.32,West
O204115,2024-12-09,C100536,P4003,Consumables Item 3,Consumables,171.17,6,0.0,1027.02,449.75,577.27,West
O204116,2025-02-11,C100258,P1007,Office Supplies Item 7,Office Supplies,1432.06,2,0.0,2864.12,1927.67,936.45,West
O204117,2025-07-26,C100483,P3018,Furniture Item 18,Furniture,1136.61,7,0.15,6762.83,4747.67,2015.16,East
O204118,2025-05-26,C100509,P4020,Consumables Item 20,Consumables,1460.03,2,0.0,2920.06,2303.87,616.19,West
O204119,2023-06-24,C100092,P3019,Furniture Item 19,Furniture,1035.24,3,0.0,3105.72,1901.25,1204.47,West
O204120,2023-04-11,C100979,P3008,Furniture Item 8,Furniture,774.16,1,0.0,774.16,361.05,413.11,Central
O204121,2024-05-07,C100161,P1005,Office Supplies Item 5,Office Supplies,367.17,3,0.05,1046.43,811.16,235.27,East
O204122,2024-12-27,C100149,P5007,Accessories Item 7,Accessories,687.81,2,0.05,1306.84,1035.14,271.7,South
O204123,2025-10-27,C100117,P2016,Technology Item 16,Technology,1535.17,4,0.0,6140.68,4724.67,1416.01,West
O204124,2024-05-12,C100458,P5016,Accessories Item 16,Accessories,1442.31,4,0.05,5480.78,4103.25,1377.53,West
O204125,2023-07-19,C100565,P5008,Accessories Item 8,Accessories,497.2,1,0.0,497.2,214.31,282.89,Central
O204126,2023-06-05,C100814,P2005,Technology Item 5,Technology,4160.53,6,0.0,24963.18,18521.41,6441.77,East
O204127,2025-01-13,C100045,P3005,Furniture Item 5,Furniture,764.38,3,0.05,2178.48,1702.03,476.45,East
O204128,2023-05-20,C100777,P5012,Accessories Item 12,Accessories,531.07,4,0.2,1699.42,1055.21,644.21,West
O204129,2023-12-07,C100998,P1019,Office Supplies Item 19,Office Supplies,414.61,3,0.05,1181.64,837.82,343.82,East
O204130,2023-08-02,C100774,P1007,Office Supplies Item 7,Office Supplies,1432.06,1,0.0,1432.06,951.4,480.66,West
O204131,2023-05-25,C100819,P3018,Furniture Item 18,Furniture,1136.61,2,0.0,2273.22,1171.22,1102.0,Central
O204132,2025-09-29,C100234,P5001,Accessories Item 1,Accessories,306.1,6,0.15,1561.11,991.32,569.79,South
O204133,2025-03-16,C100375,P4006,Consumables Item 6,Consumables,1311.65,1,0.0,1311.65,991.28,320.37,Central
O204134,2023-02-01,C100547,P4020,Consumables Item 20,Consumables,1460.03,2,0.1,2628.05,1573.03,1055.02,Central
O204135,2025-10-01,C100850,P2019,Technology Item 19,Technology,1281.18,8,0.05,9736.97,6193.28,3543.69,South
O204136,2023-11-14,C100949,P1018,Office Supplies Item 18,Office Supplies,982.11,1,0.0,982.11,601.63,380.48,Central
O204137,2023-01-04,C100915,P1001,Office Supplies Item 1,Office Supplies,53.51,4,0.0,214.04,109.79,104.25,West
O204138,2023-10-31,C100197,P4003,Consumables Item 3,Consumables,171.17,4,0.0,684.68,450.15,234.53,Central
O204139,2025-01-29,C100025,P1003,Office Supplies Item 3,Office Supplies,468.91,1,0.0,468.91,283.12,185.79,East
O204140,2025-09-13,C100395,P2001,Technology Item 1,Technology,2209.18,2,0.2,3534.69,1742.67,1792.02,Central
O204141,2024-04-23,C100714,P2010,Technology Item 10,Technology,545.3,1,0.0,545.3,413.42,131.88,West
O204142,2025-10-21,C100785,P1011,Office Supplies Item 11,Office Supplies,610.7,3,0.0,1832.1,1429.07,403.03,West
O204143,2024-03-05,C100036,P2002,Technology Item 2,Technology,613.05,2,0.05,1164.79,491.72,673.07,East
O204144,2023-06-17,C100474,P3017,Furniture Item 17,Furniture,715.82,4,0.0,2863.28,1858.1,1005.18,Central
O204145,2025-09-09,C100223,P5009,Accessories Item 9,Accessories,83.46,1,0.0,83.46,47.24,36.22,Central
O204146,2022-11-03,C100864,P1003,Office Supplies Item 3,Office Supplies,468.91,3,0.05,1336.39,815.71,520.68,Central
O204147,2025-04-29,C100789,P2010,Technology Item 10,Technology,545.3,3,0.1,1472.31,809.08,663.23,East
O204148,2023-09-03,C100530,P5008,Accessories Item 8,Accessories,497.2,2,0.0,994.4,586.44,407.96,South
O204149,2024-01-06,C100188,P3005,Furniture Item 5,Furniture,764.38,5,0.15,3248.62,1719.73,1528.89,East
O204150,2023-03-16,C100402,P2016,Technology Item 16,Technology,1535.17,2,0.0,3070.34,1372.57,1697.77,South
O204151,2024-03-29,C100257,P5007,Accessories Item 7,Accessories,687.81,5,0.05,3267.1,1701.55,1565.55,Central
O204152,2023-05-12,C100654,P4012,Consumables Item 12,Consumables,605.54,3,0.0,1816.62,1213.74,602.88,East
O204153,2025-03-22,C100136,P4004,Consumables Item 4,Consumables,50.47,5,0.0,252.35,106.03,146.32,East
O204154,2024-08-27,C100962,P3014,Furniture Item 14,Furniture,668.13,2,0.0,1336.26,739.08,597.18,West
O204155,2023-05-28,C100819,P4008,Consumables Item 8,Consumables,241.88,4,0.0,967.52,403.38,564.14,South
O204156,2025-06-09,C100591,P3010,Furniture Item 10,Furniture,702.98,3,0.0,2108.94,1144.11,964.83,South
O204157,2025-09-23,C100444,P2011,Technology Item 11,Technology,4293.44,3,0.15,10948.27,4762.99,6185.28,East
O204158,2024-08-10,C100418,P2009,Technology Item 9,Technology,2991.89,1,0.05,2842.3,1523.06,1319.24,West
O204159,2023-02-28,C100292,P3019,Furniture Item 19,Furniture,1035.24,1,0.1,931.72,685.03,246.69,East
O204160,2024-07-19,C100574,P2016,Technology Item 16,Technology,1535.17,4,0.0,6140.68,3962.97,2177.71,East
O204161,2024-04-08,C100129,P4017,Consumables Item 17,Consumables,267.63,2,0.1,481.73,324.16,157.57,South
O204162,2024-12-08,C100341,P4013,Consumables Item 13,Consumables,756.61,5,0.15,3215.59,1934.24,1281.35,South
O204163,2024-03-26,C100810,P5005,Accessories Item 5,Accessories,1231.71,5,0.0,6158.55,4735.63,1422.92,West
O204164,2022-12-17,C100257,P4007,Consumables Item 7,Consumables,334.97,6,0.0,2009.82,1238.98,770.84,East
O204165,2024-12-11,C100992,P5009,Accessories Item 9,Accessories,83.46,2,0.0,166.92,73.73,93.19,West
O204166,2024-11-09,C100724,P5009,Accessories Item 9,Accessories,83.46,3,0.0,250.38,193.6,56.78,West
O204167,2024-04-05,C100566,P4016,Consumables Item 16,Consumables,924.52,4,0.2,2958.46,1340.85,1617.61,South
O204168,2023-03-14,C100687,P5013,Accessories Item 13,Accessories,1059.89,2,0.0,2119.78,1695.12,424.66,South
O204169,2023-07-06,C100100,P1011,Office Supplies Item 11,Office Supplies,610.7,1,0.0,610.7,350.64,260.06,West
O204170,2024-01-10,C100039,P1011,Office Supplies Item 11,Office Supplies,610.7,8,0.1,4397.04,1888.06,2508.98,East
O204171,2024-09-16,C100926,P2006,Technology Item 6,Technology,1048.28,4,0.0,4193.12,3126.56,1066.56,South
O204172,2024-06-08,C100263,P3013,Furniture Item 13,Furniture,1077.46,5,0.0,5387.3,2355.08,3032.22,Central
O204173,2023-10-17,C100150,P1014,Office Supplies Item 14,Office Supplies,962.37,3,0.0,2887.11,1356.29,1530.82,West
O204174,2023-03-23,C100633,P4004,Consumables Item 4,Consumables,50.47,4,0.0,201.88,114.45,87.43,East
O204175,2025-06-24,C100690,P4020,Consumables Item 20,Consumables,1460.03,1,0.0,1460.03,978.91,481.12,East
O204176,2025-01-12,C100813,P1010,Office Supplies Item 10,Office Supplies,511.53,3,0.05,1457.86,653.79,804.07,East
O204177,2024-10-18,C100330,P2011,Technology Item 11,Technology,4293.44,5,0.0,21467.2,13933.29,7533.91,East
O204178,2024-08-04,C100120,P5015,Accessories Item 15,Accessories,191.35,4,0.0,765.4,545.08,220.32,Central
O204179,2024-03-15,C100584,P2016,Technology Item 16,Technology,1535.17,3,0.0,4605.51,2069.71,2535.8,Central
O204180,2023-11-05,C100219,P1010,Office Supplies Item 10,Office Supplies,511.53,3,0.0,1534.59,1011.34,523.25,Central
O204181,2024-12-26,C100906,P2006,Technology Item 6,Technology,1048.28,2,0.05,1991.73,1560.62,431.11,East
O204182,2024-11-08,C100910,P1020,Office Supplies Item 20,Office Supplies,891.62,1,0.0,891.62,701.67,189.95,East
O204183,2025-06-07,C100814,P3004,Furniture Item 4,Furniture,1197.1,3,0.1,3232.17,1501.88,1730.29,Central
O204184,2024-04-05,C100123,P4002,Consumables Item 2,Consumables,643.15,4,0.0,2572.6,1810.81,761.79,West
O204185,2024-03-03,C100244,P4013,Consumables Item 13,Consumables,756.61,2,0.05,1437.56,1061.86,375.7,South
O204186,2023-12-02,C100886,P4019,Consumables Item 19,Consumables,1074.49,2,0.05,2041.53,1542.55,498.98,West
O204187,2025-04-14,C100587,P1009,Office Supplies Item 9,Office Supplies,75.25,3,0.0,225.75,119.53,106.22,West
O204188,2023-10-21,C100518,P4011,Consumables Item 11,Consumables,470.52,2,0.2,752.83,382.47,370.36,West
O204189,2025-06-04,C100021,P5010,Accessories Item 10,Accessories,678.1,1,0.0,678.1,284.22,393.88,Central
O204190,2023-08-15,C100190,P2004,Technology Item 4,Technology,1323.25,2,0.15,2249.52,1259.26,990.26,East
O204191,2025-07-25,C100225,P1012,Office Supplies Item 12,Office Supplies,362.33,4,0.0,1449.32,651.59,797.73,South
O204192,2024-04-19,C100915,P3020,Furniture Item 20,Furniture,1296.14,3,0.0,3888.42,2778.29,1110.13,Central
O204193,2025-02-28,C100615,P5004,Accessories Item 4,Accessories,566.9,1,0.0,566.9,259.18,307.72,South
O204194,2025-02-15,C100856,P4018,Consumables Item 18,Consumables,772.22,2,0.05,1467.22,1067.49,399.73,South
O204195,2023-04-17,C100466,P5006,Accessories Item 6,Accessories,15.68,8,0.05,119.17,52.8,66.37,East
O204196,2025-06-07,C100099,P1016,Office Supplies Item 16,Office Supplies,1112.6,1,0.0,1112.6,658.93,453.67,Central
O204197,2024-07-13,C100830,P2009,Technology Item 9,Technology,2991.89,1,0.05,2842.3,1574.22,1268.08,West
O204198,2024-01-02,C100363,P2012,Technology Item 12,Technology,3897.09,1,0.1,3507.38,2246.89,1260.49,West
O204199,2024-03-04,C100997,P5003,Accessories Item 3,Accessories,117.58,1,0.1,105.82,64.29,41.53,East
O204200,2023-10-21,C100083,P2015,Technology Item 15,Technology,89.72,6,0.0,538.32,344.23,194.09,South
O204201,2023-05-15,C100693,P3003,Furniture Item 3,Furniture,200.93,4,0.0,803.72,321.8,481.92,South
O204202,2024-04-28,C100664,P5016,Accessories Item 16,Accessories,1442.31,4,0.0,5769.24,2601.94,3167.3,Central
O204203,2024-10-17,C100056,P3013,Furniture Item 13,Furniture,1077.46,3,0.0,3232.38,1961.56,1270.82,East
O204204,2025-02-01,C100702,P1020,Office Supplies Item 20,Office Supplies,891.62,4,0.0,3566.48,1754.23,1812.25,Central
O204205,2025-05-20,C100930,P5004,Accessories Item 4,Accessories,566.9,3,0.0,1700.7,732.2,968.5,Central
O204206,2025-07-30,C100022,P1008,Office Supplies Item 8,Office Supplies,1378.19,1,0.2,1102.55,537.03,565.52,Central
O204207,2024-08-20,C100580,P5019,Accessories Item 19,Accessories,123.42,1,0.1,111.08,79.08,32.0,East
O204208,2025-05-27,C100185,P3002,Furniture Item 2,Furniture,1401.3,2,0.1,2522.34,1555.47,966.87,East
O204209,2024-12-19,C100522,P4017,Consumables Item 17,Consumables,267.63,4,0.15,909.94,433.16,476.78,Central
O204210,2022-11-11,C100578,P4010,Consumables Item 10,Consumables,1234.94,4,0.05,4692.77,1907.1,2785.67,East
O204211,2023-12-01,C100264,P1016,Office Supplies Item 16,Office Supplies,1112.6,2,0.0,2225.2,1208.37,1016.83,Central
O204212,2024-10-31,C100225,P4009,Consumables Item 9,Consumables,98.0,4,0.1,352.8,191.57,161.23,East
O204213,2023-12-14,C100635,P3013,Furniture Item 13,Furniture,1077.46,3,0.0,3232.38,2243.43,988.95,South
O204214,2023-10-28,C100038,P3005,Furniture Item 5,Furniture,764.38,4,0.0,3057.52,2347.49,710.03,South
O204215,2025-08-23,C100123,P3011,Furniture Item 11,Furniture,542.78,3,0.0,1628.34,893.64,734.7,East
O204216,2023-01-23,C100830,P5018,Accessories Item 18,Accessories,1149.97,3,0.0,3449.91,2329.56,1120.35,East
O204217,2023-04-05,C100156,P1006,Office Supplies Item 6,Office Supplies,309.21,3,0.1,834.87,545.97,288.9,Central
O204218,2024-10-07,C100906,P2013,Technology Item 13,Technology,2603.81,3,0.15,6639.72,3776.89,2862.83,West
O204219,2024-02-15,C100301,P4019,Consumables Item 19,Consumables,1074.49,3,0.0,3223.47,1374.35,1849.12,East
O204220,2024-07-11,C100833,P1015,Office Supplies Item 15,Office Supplies,1276.5,2,0.0,2553.0,1504.7,1048.3,West
O204221,2023-03-14,C100994,P1014,Office Supplies Item 14,Office Supplies,962.37,2,0.0,1924.74,1042.55,882.19,South
O204222,2024-12-27,C100067,P2019,Technology Item 19,Technology,1281.18,1,0.05,1217.12,754.71,462.41,East
O204223,2025-04-25,C100905,P4003,Consumables Item 3,Consumables,171.17,3,0.0,513.51,231.16,282.35,East
O204224,2025-03-13,C100645,P1005,Office Supplies Item 5,Office Supplies,367.17,3,0.2,881.21,607.77,273.44,West
O204225,2024-08-28,C100874,P5010,Accessories Item 10,Accessories,678.1,2,0.0,1356.2,969.82,386.38,Central
O204226,2023-08-04,C100394,P5001,Accessories Item 1,Accessories,306.1,2,0.2,489.76,272.01,217.75,East
O204227,2025-03-31,C100652,P3012,Furniture Item 12,Furniture,806.55,1,0.0,806.55,379.17,427.38,Central
O204228,2022-11-13,C100594,P1016,Office Supplies Item 16,Office Supplies,1112.6,3,0.0,3337.8,2167.67,1170.13,East
O204229,2023-10-08,C100570,P5019,Accessories Item 19,Accessories,123.42,2,0.0,246.84,193.11,53.73,South
O204230,2022-12-05,C100661,P2018,Technology Item 18,Technology,362.51,4,0.0,1450.04,986.32,463.72,Central
O204231,2024-05-12,C100405,P3013,Furniture Item 13,Furniture,1077.46,2,0.0,2154.92,968.41,1186.51,West
O204232,2023-12-10,C100449,P5007,Accessories Item 7,Accessories,687.81,6,0.15,3507.83,1960.48,1547.35,South
O204233,2024-08-19,C100131,P4017,Consumables Item 17,Consumables,267.63,4,0.0,1070.52,820.18,250.34,Central
O204234,2023-04-08,C100069,P5017,Accessories Item 17,Accessories,955.69,2,0.0,1911.38,1249.6,661.78,Central
O204235,2025-06-13,C100345,P5013,Accessories Item 13,Accessories,1059.89,4,0.0,4239.56,1945.37,2294.19,East
O204236,2024-05-02,C100762,P3013,Furniture Item 13,Furniture,1077.46,2,0.0,2154.92,1486.54,668.38,Central
O204237,2025-07-12,C100320,P3006,Furniture Item 6,Furniture,1126.74,5,0.0,5633.7,3050.13,2583.57,East
O204238,2023-08-06,C100177,P5018,Accessories Item 18,Accessories,1149.97,2,0.2,1839.95,1096.27,743.68,South
O204239,2024-02-22,C100584,P5018,Accessories Item 18,Accessories,1149.97,2,0.0,2299.94,1301.81,998.13,West
O204240,2023-02-19,C100529,P5011,Accessories Item 11,Accessories,385.85,8,0.0,3086.8,2130.75,956.05,South
O204241,2024-01-05,C100841,P1015,Office Supplies Item 15,Office Supplies,1276.5,2,0.0,2553.0,1243.73,1309.27,East
O204242,2024-04-25,C100160,P3019,Furniture Item 19,Furniture,1035.24,4,0.05,3933.91,2184.69,1749.22,East
O204243,2023-10-26,C100582,P3010,Furniture Item 10,Furniture,702.98,1,0.0,702.98,490.55,212.43,Central
O204244,2023-11-07,C100625,P1009,Office Supplies Item 9,Office Supplies,75.25,1,0.1,67.73,46.19,21.54,East
O204245,2025-09-04,C100744,P2006,Technology Item 6,Technology,1048.28,2,0.0,2096.56,1007.81,1088.75,East
O204246,2025-06-12,C100533,P1003,Office Supplies Item 3,Office Supplies,468.91,1,0.0,468.91,253.34,215.57,South
O204247,2023-07-17,C100135,P5020,Accessories Item 20,Accessories,75.35,3,0.0,226.05,91.72,134.33,East
O204248,2024-12-17,C100775,P3007,Furniture Item 7,Furniture,469.52,3,0.0,1408.56,862.14,546.42,West
O204249,2023-02-28,C100111,P1005,Office Supplies Item 5,Office Supplies,367.17,3,0.0,1101.51,564.39,537.12,South
O204250,2025-07-03,C100999,P4002,Consumables Item 2,Consumables,643.15,6,0.0,3858.9,1561.88,2297.02,East
O204251,2025-05-01,C100758,P5004,Accessories Item 4,Accessories,566.9,3,0.0,1700.7,969.2,731.5,West
O204252,2024-10-23,C100283,P5004,Accessories Item 4,Accessories,566.9,2,0.05,1077.11,830.18,246.93,Central
O204253,2024-04-06,C100520,P1005,Office Supplies Item 5,Office Supplies,367.17,4,0.0,1468.68,1129.94,338.74,South
O204254,2023-09-21,C100969,P1010,Office Supplies Item 10,Office Supplies,511.53,4,0.0,2046.12,1122.99,923.13,Central
O204255,2025-10-09,C100796,P4020,Consumables Item 20,Consumables,1460.03,3,0.0,4380.09,2539.01,1841.08,South
O204256,2023-01-08,C100719,P4003,Consumables Item 3,Consumables,171.17,3,0.0,513.51,255.25,258.26,East
O204257,2023-11-26,C100194,P2005,Technology Item 5,Technology,4160.53,2,0.0,8321.06,3555.78,4765.28,East
O204258,2023-11-18,C100967,P3004,Furniture Item 4,Furniture,1197.1,2,0.0,2394.2,1622.24,771.96,Central
O204259,2022-11-16,C100047,P2005,Technology Item 5,Technology,4160.53,3,0.0,12481.59,8987.01,3494.58,Central
O204260,2025-02-23,C100978,P2010,Technology Item 10,Technology,545.3,3,0.0,1635.9,1230.27,405.63,Central
O204261,2025-03-18,C100342,P1014,Office Supplies Item 14,Office Supplies,962.37,4,0.0,3849.48,2979.94,869.54,Central
O204262,2024-05-21,C100242,P5006,Accessories Item 6,Accessories,15.68,6,0.0,94.08,72.1,21.98,South
O204263,2023-03-12,C100522,P3003,Furniture Item 3,Furniture,200.93,3,0.2,482.23,198.17,284.06,West
O204264,2023-07-31,C100370,P2008,Technology Item 8,Technology,1671.55,1,0.0,1671.55,1322.59,348.96,South
O204265,2024-02-27,C100801,P5014,Accessories Item 14,Accessories,784.72,4,0.05,2981.94,1645.44,1336.5,Central
O204266,2024-05-03,C100903,P1019,Office Supplies Item 19,Office Supplies,414.61,3,0.05,1181.64,891.48,290.16,West
O204267,2023-10-23,C100131,P3002,Furniture Item 2,Furniture,1401.3,2,0.1,2522.34,1453.63,1068.71,West
O204268,2025-10-07,C100270,P1020,Office Supplies Item 20,Office Supplies,891.62,3,0.05,2541.12,1445.58,1095.54,Central
O204269,2025-08-30,C100940,P5019,Accessories Item 19,Accessories,123.42,5,0.0,617.1,249.6,367.5,Central
O204270,2023-06-21,C100814,P5006,Accessories Item 6,Accessories,15.68,1,0.0,15.68,6.6,9.08,South
O204271,2022-12-06,C100061,P4019,Consumables Item 19,Consumables,1074.49,1,0.15,913.32,610.57,302.75,Central
O204272,2023-12-18,C100164,P1011,Office Supplies Item 11,Office Supplies,610.7,3,0.0,1832.1,1419.98,412.12,West
O204273,2025-08-24,C100525,P3014,Furniture Item 14,Furniture,668.13,5,0.0,3340.65,1636.12,1704.53,South
O204274,2022-12-14,C100272,P5018,Accessories Item 18,Accessories,1149.97,2,0.0,2299.94,1006.38,1293.56,Central
O204275,2024-05-21,C100720,P2004,Technology Item 4,Technology,1323.25,5,0.0,6616.25,3212.47,3403.78,East
O204276,2024-11-09,C100758,P4010,Consumables Item 10,Consumables,1234.94,6,0.15,6298.19,3054.17,3244.02,Central
O204277,2023-02-22,C100133,P1017,Office Supplies Item 17,Office Supplies,816.15,5,0.0,4080.75,2110.79,1969.96,East
O204278,2023-12-02,C100244,P2008,Technology Item 8,Technology,1671.55,2,0.05,3175.94,1390.74,1785.2,Central
O204279,2024-02-09,C100985,P3010,Furniture Item 10,Furniture,702.98,3,0.0,2108.94,1042.26,1066.68,Central
O204280,2025-02-24,C100806,P5015,Accessories Item 15,Accessories,191.35,1,0.0,191.35,147.05,44.3,South
O204281,2024-03-16,C100998,P5020,Accessories Item 20,Accessories,75.35,2,0.0,150.7,113.94,36.76,Central
O204282,2024-01-15,C100434,P3015,Furniture Item 15,Furniture,1408.62,2,0.0,2817.24,1483.34,1333.9,Central
O204283,2023-01-08,C100038,P4013,Consumables Item 13,Consumables,756.61,2,0.0,1513.22,1208.7,304.52,West
O204284,2023-09-22,C100871,P1010,Office Supplies Item 10,Office Supplies,511.53,1,0.0,511.53,265.66,245.87,Central
O204285,2023-01-06,C100568,P2001,Technology Item 1,Technology,2209.18,5,0.0,11045.9,7607.66,3438.24,South
O204286,2023-08-31,C100319,P3018,Furniture Item 18,Furniture,1136.61,3,0.05,3239.34,2130.2,1109.14,West
O204287,2025-06-29,C100510,P2014,Technology Item 14,Technology,3038.06,2,0.0,6076.12,2587.34,3488.78,West
O204288,2024-02-27,C100376,P5015,Accessories Item 15,Accessories,191.35,3,0.0,574.05,308.22,265.83,Central
O204289,2025-05-17,C100560,P5013,Accessories Item 13,Accessories,1059.89,3,0.1,2861.7,2233.84,627.86,East
O204290,2023-03-29,C100617,P3003,Furniture Item 3,Furniture,200.93,1,0.0,200.93,84.46,116.47,South
O204291,2025-09-16,C100474,P1011,Office Supplies Item 11,Office Supplies,610.7,3,0.0,1832.1,861.0,971.1,West
O204292,2025-07-14,C100059,P2013,Technology Item 13,Technology,2603.81,4,0.15,8852.95,6979.47,1873.48,Central
O204293,2024-06-06,C100589,P3018,Furniture Item 18,Furniture,1136.61,2,0.05,2159.56,898.2,1261.36,Central
O204294,2023-07-06,C100940,P3006,Furniture Item 6,Furniture,1126.74,2,0.1,2028.13,1173.56,854.57,East
O204295,2024-10-02,C100499,P4001,Consumables Item 1,Consumables,1495.23,4,0.0,5980.92,4589.4,1391.52,South
O204296,2023-02-04,C100218,P4002,Consumables Item 2,Consumables,643.15,3,0.2,1543.56,1200.07,343.49,Central
O204297,2023-08-09,C100895,P1001,Office Supplies Item 1,Office Supplies,53.51,4,0.0,214.04,169.46,44.58,West
O204298,2023-09-18,C100567,P2001,Technology Item 1,Technology,2209.18,3,0.2,5302.03,3141.6,2160.43,South
O204299,2024-04-12,C100567,P4002,Consumables Item 2,Consumables,643.15,4,0.15,2186.71,950.33,1236.38,Central
O204300,2023-07-21,C100129,P4004,Consumables Item 4,Consumables,50.47,6,0.0,302.82,214.72,88.1,Central
O204301,2024-06-02,C100904,P5007,Accessories Item 7,Accessories,687.81,4,0.0,2751.24,1880.73,870.51,South
O204302,2023-08-21,C100383,P4013,Consumables Item 13,Consumables,756.61,3,0.1,2042.85,1290.77,752.08,East
O204303,2023-11-30,C100388,P3016,Furniture Item 16,Furniture,445.94,2,0.0,891.88,673.63,218.25,Central
O204304,2024-03-27,C100085,P1001,Office Supplies Item 1,Office Supplies,53.51,5,0.0,267.55,204.58,62.97,Central
O204305,2025-05-09,C100510,P2001,Technology Item 1,Technology,2209.18,1,0.15,1877.8,1264.32,613.48,South
O204306,2025-01-18,C100726,P2002,Technology Item 2,Technology,613.05,4,0.0,2452.2,1090.84,1361.36,West
O204307,2025-05-08,C100627,P3014,Furniture Item 14,Furniture,668.13,3,0.15,1703.73,746.59,957.14,South
O204308,2024-09-23,C100437,P1004,Office Supplies Item 4,Office Supplies,601.69,1,0.05,571.61,322.07,249.54,Central
O204309,2023-06-23,C100826,P4005,Consumables Item 5,Consumables,1091.68,5,0.1,4912.56,2540.19,2372.37,East
O204310,2025-06-09,C100293,P3011,Furniture Item 11,Furniture,542.78,2,0.0,1085.56,491.97,593.59,East
O204311,2025-08-28,C100049,P4014,Consumables Item 14,Consumables,1259.98,3,0.0,3779.94,2436.08,1343.86,West
O204312,2024-04-22,C100067,P4003,Consumables Item 3,Consumables,171.17,3,0.15,436.48,293.93,142.55,Central
O204313,2025-01-28,C100787,P1015,Office Supplies Item 15,Office Supplies,1276.5,4,0.0,5106.0,3467.93,1638.07,West
O204314,2023-07-30,C100129,P2016,Technology Item 16,Technology,1535.17,1,0.05,1458.41,685.61,772.8,South
O204315,2025-08-25,C100029,P2009,Technology Item 9,Technology,2991.89,4,0.1,10770.8,5625.99,5144.81,West
O204316,2024-06-15,C100343,P3012,Furniture Item 12,Furniture,806.55,3,0.0,2419.65,1160.52,1259.13,East
O204317,2025-07-03,C100545,P3006,Furniture Item 6,Furniture,1126.74,1,0.05,1070.4,685.63,384.77,South
O204318,2023-02-23,C100119,P4009,Consumables Item 9,Consumables,98.0,2,0.0,196.0,122.86,73.14,West
O204319,2023-07-21,C100692,P2009,Technology Item 9,Technology,2991.89,6,0.0,17951.34,10794.6,7156.74,Central
O204320,2023-05-26,C100937,P3007,Furniture Item 7,Furniture,469.52,2,0.0,939.04,486.82,452.22,East
O204321,2023-08-30,C100663,P5011,Accessories Item 11,Accessories,385.85,4,0.05,1466.23,725.52,740.71,East
O204322,2023-02-20,C100133,P2005,Technology Item 5,Technology,4160.53,2,0.15,7072.9,5348.27,1724.63,West
O204323,2023-05-04,C100327,P4020,Consumables Item 20,Consumables,1460.03,4,0.0,5840.12,2450.17,3389.95,South
O204324,2025-04-19,C100185,P1016,Office Supplies Item 16,Office Supplies,1112.6,3,0.0,3337.8,2211.49,1126.31,East
O204325,2023-06-09,C100506,P5020,Accessories Item 20,Accessories,75.35,3,0.0,226.05,92.19,133.86,Central
O204326,2025-10-29,C100646,P5009,Accessories Item 9,Accessories,83.46,2,0.0,166.92,79.71,87.21,Central
O204327,2025-04-16,C100689,P3001,Furniture Item 1,Furniture,388.34,3,0.0,1165.02,600.91,564.11,West
O204328,2025-10-29,C100534,P4005,Consumables Item 5,Consumables,1091.68,3,0.15,2783.78,2100.62,683.16,South
O204329,2024-07-14,C100241,P4009,Consumables Item 9,Consumables,98.0,3,0.2,235.2,107.04,128.16,East
O204330,2024-01-01,C100589,P1020,Office Supplies Item 20,Office Supplies,891.62,2,0.0,1783.24,1382.23,401.01,South
O204331,2024-08-05,C100716,P4009,Consumables Item 9,Consumables,98.0,2,0.05,186.2,135.22,50.98,South
O204332,2024-05-21,C100516,P2016,Technology Item 16,Technology,1535.17,1,0.05,1458.41,979.5,478.91,West
O204333,2024-01-17,C100840,P5013,Accessories Item 13,Accessories,1059.89,3,0.2,2543.74,1436.45,1107.29,West
O204334,2024-06-23,C100960,P5018,Accessories Item 18,Accessories,1149.97,2,0.0,2299.94,1752.79,547.15,East
O204335,2024-03-18,C100165,P3018,Furniture Item 18,Furniture,1136.61,3,0.1,3068.85,1875.63,1193.22,West
O204336,2023-03-11,C100927,P3008,Furniture Item 8,Furniture,774.16,4,0.15,2632.14,1443.68,1188.46,West
O204337,2023-06-06,C100933,P5002,Accessories Item 2,Accessories,19.27,5,0.15,81.9,51.95,29.95,South
O204338,2024-09-18,C100640,P1002,Office Supplies Item 2,Office Supplies,357.2,2,0.0,714.4,352.13,362.27,West
O204339,2023-04-20,C100557,P4020,Consumables Item 20,Consumables,1460.03,3,0.0,4380.09,2230.13,2149.96,Central
O204340,2024-07-04,C100218,P2009,Technology Item 9,Technology,2991.89,3,0.05,8526.89,6546.31,1980.58,Central
O204341,2025-07-19,C100747,P5017,Accessories Item 17,Accessories,955.69,3,0.0,2867.07,2057.33,809.74,Central
O204342,2022-12-27,C100648,P1016,Office Supplies Item 16,Office Supplies,1112.6,1,0.0,1112.6,673.57,439.03,East
O204343,2023-07-04,C100680,P2015,Technology Item 15,Technology,89.72,1,0.0,89.72,50.84,38.88,East
O204344,2023-03-24,C100993,P4002,Consumables Item 2,Consumables,643.15,2,0.0,1286.3,930.03,356.27,East
O204345,2025-10-10,C100749,P5001,Accessories Item 1,Accessories,306.1,3,0.0,918.3,576.93,341.37,East
O204346,2023-11-03,C100605,P1004,Office Supplies Item 4,Office Supplies,601.69,5,0.0,3008.45,1702.82,1305.63,West
O204347,2023-06-06,C100005,P4008,Consumables Item 8,Consumables,241.88,5,0.0,1209.4,733.11,476.29,Central
O204348,2024-07-08,C100668,P3011,Furniture Item 11,Furniture,542.78,2,0.0,1085.56,535.27,550.29,East
O204349,2024-01-16,C100757,P5009,Accessories Item 9,Accessories,83.46,3,0.0,250.38,120.38,130.0,South
O204350,2025-02-18,C100872,P2013,Technology Item 13,Technology,2603.81,1,0.1,2343.43,1864.52,478.91,East
O204351,2025-06-13,C100081,P4018,Consumables Item 18,Consumables,772.22,6,0.0,4633.32,3650.3,983.02,Central
O204352,2024-09-29,C100247,P2004,Technology Item 4,Technology,1323.25,3,0.1,3572.78,2030.52,1542.26,Central
O204353,2025-03-25,C100855,P4015,Consumables Item 15,Consumables,978.0,3,0.0,2934.0,1778.31,1155.69,East
O204354,2024-12-15,C100493,P2005,Technology Item 5,Technology,4160.53,3,0.1,11233.43,8210.26,3023.17,East
O204355,2024-12-01,C100649,P2008,Technology Item 8,Technology,1671.55,5,0.2,6686.2,4615.71,2070.49,East
O204356,2025-06-02,C100386,P1007,Office Supplies Item 7,Office Supplies,1432.06,4,0.0,5728.24,2519.39,3208.85,Central
O204357,2025-05-11,C100575,P2016,Technology Item 16,Technology,1535.17,4,0.0,6140.68,3376.42,2764.26,Central
O204358,2025-05-23,C100992,P1010,Office Supplies Item 10,Office Supplies,511.53,4,0.05,1943.81,972.02,971.79,South
O204359,2022-11-25,C100307,P2016,Technology Item 16,Technology,1535.17,3,0.05,4375.23,3487.29,887.94,East
O204360,2025-01-14,C100628,P5015,Accessories Item 15,Accessories,191.35,2,0.0,382.7,267.69,115.01,South
O204361,2024-12-03,C100625,P5003,Accessories Item 3,Accessories,117.58,1,0.15,99.94,41.89,58.05,Central
O204362,2025-10-19,C100543,P1018,Office Supplies Item 18,Office Supplies,982.11,2,0.0,1964.22,1492.84,471.38,West
O204363,2024-01-08,C100007,P1006,Office Supplies Item 6,Office Supplies,309.21,4,0.1,1113.16,858.45,254.71,East
O204364,2025-03-28,C100926,P5012,Accessories Item 12,Accessories,531.07,2,0.0,1062.14,566.45,495.69,East
O204365,2025-10-25,C100954,P1007,Office Supplies Item 7,Office Supplies,1432.06,1,0.0,1432.06,940.56,491.5,Central
O204366,2025-04-28,C100515,P1012,Office Supplies Item 12,Office Supplies,362.33,9,0.0,3260.97,2194.03,1066.94,South
O204367,2024-05-18,C100819,P3001,Furniture Item 1,Furniture,388.34,2,0.0,776.68,537.32,239.36,East
O204368,2023-02-14,C100755,P4003,Consumables Item 3,Consumables,171.17,1,0.2,136.94,92.76,44.18,West
O204369,2023-02-04,C100568,P5018,Accessories Item 18,Accessories,1149.97,5,0.05,5462.36,3407.9,2054.46,East
O204370,2023-04-17,C100073,P2005,Technology Item 5,Technology,4160.53,1,0.1,3744.48,2926.45,818.03,East
O204371,2022-12-12,C100010,P5001,Accessories Item 1,Accessories,306.1,4,0.2,979.52,592.56,386.96,South
O204372,2023-02-12,C100573,P3013,Furniture Item 13,Furniture,1077.46,2,0.0,2154.92,957.57,1197.35,East
O204373,2024-04-03,C100562,P2013,Technology Item 13,Technology,2603.81,3,0.0,7811.43,3375.87,4435.56,East
O204374,2023-08-09,C100122,P5007,Accessories Item 7,Accessories,687.81,3,0.15,1753.92,714.46,1039.46,South
O204375,2025-10-02,C100687,P4013,Consumables Item 13,Consumables,756.61,3,0.0,2269.83,1296.46,973.37,West
O204376,2025-06-04,C100986,P1006,Office Supplies Item 6,Office Supplies,309.21,2,0.05,587.5,299.21,288.29,East
O204377,2024-11-18,C100513,P4002,Consumables Item 2,Consumables,643.15,3,0.0,1929.45,1462.69,466.76,Central
O204378,2025-02-08,C100990,P4006,Consumables Item 6,Consumables,1311.65,2,0.1,2360.97,1763.31,597.66,West
O204379,2022-12-19,C100441,P1009,Office Supplies Item 9,Office Supplies,75.25,1,0.0,75.25,55.32,19.93,Central
O204380,2023-02-23,C100038,P4007,Consumables Item 7,Consumables,334.97,2,0.1,602.95,450.35,152.6,Central
O204381,2024-03-17,C100702,P1016,Office Supplies Item 16,Office Supplies,1112.6,4,0.2,3560.32,1847.96,1712.36,West
O204382,2025-07-13,C100591,P5009,Accessories Item 9,Accessories,83.46,2,0.05,158.57,90.46,68.11,East
O204383,2023-01-10,C100345,P5008,Accessories Item 8,Accessories,497.2,5,0.0,2486.0,1304.39,1181.61,South
O204384,2025-08-08,C100966,P5013,Accessories Item 13,Accessories,1059.89,3,0.0,3179.67,1381.35,1798.32,East
O204385,2023-01-06,C100338,P3015,Furniture Item 15,Furniture,1408.62,5,0.0,7043.1,5420.5,1622.6,South
O204386,2025-06-24,C100961,P2020,Technology Item 20,Technology,2640.06,2,0.05,5016.11,3242.27,1773.84,East
O204387,2023-04-30,C100702,P2006,Technology Item 6,Technology,1048.28,1,0.0,1048.28,474.89,573.39,South
O204388,2024-07-05,C100184,P2018,Technology Item 18,Technology,362.51,6,0.2,1740.05,839.44,900.61,Central
O204389,2024-09-27,C100067,P2015,Technology Item 15,Technology,89.72,4,0.05,340.94,197.85,143.09,West
O204390,2024-06-25,C100017,P5007,Accessories Item 7,Accessories,687.81,3,0.2,1650.74,694.56,956.18,West
O204391,2023-07-06,C100383,P4008,Consumables Item 8,Consumables,241.88,2,0.0,483.76,246.14,237.62,Central
O204392,2023-10-25,C100368,P3019,Furniture Item 19,Furniture,1035.24,3,0.15,2639.86,1798.74,841.12,West
O204393,2023-07-07,C100904,P1014,Office Supplies Item 14,Office Supplies,962.37,3,0.05,2742.75,2106.88,635.87,Central
O204394,2024-07-30,C100316,P3007,Furniture Item 7,Furniture,469.52,2,0.1,845.14,652.02,193.12,West
O204395,2025-06-07,C100497,P4011,Consumables Item 11,Consumables,470.52,3,0.0,1411.56,858.24,553.32,Central
O204396,2024-08-24,C100808,P4012,Consumables Item 12,Consumables,605.54,2,0.0,1211.08,635.65,575.43,East
O204397,2023-04-25,C100721,P3002,Furniture Item 2,Furniture,1401.3,2,0.0,2802.6,2153.23,649.37,East
O204398,2024-10-23,C100345,P3011,Furniture Item 11,Furniture,542.78,5,0.0,2713.9,1939.5,774.4,West
O204399,2023-12-31,C100958,P1019,Office Supplies Item 19,Office Supplies,414.61,4,0.0,1658.44,1052.85,605.59,West
O204400,2024-12-10,C100553,P4006,Consumables Item 6,Consumables,1311.65,3,0.15,3344.71,2454.42,890.29,South
O204401,2024-10-03,C100908,P3007,Furniture Item 7,Furniture,469.52,2,0.0,939.04,547.96,391.08,West
O204402,2023-01-20,C100989,P4005,Consumables Item 5,Consumables,1091.68,3,0.0,3275.04,1456.99,1818.05,West
O204403,2025-05-15,C100473,P3002,Furniture Item 2,Furniture,1401.3,3,0.0,4203.9,3259.26,944.64,Central
O204404,2023-03-18,C100115,P2018,Technology Item 18,Technology,362.51,6,0.15,1848.8,1134.43,714.37,East
O204405,2024-02-13,C100100,P1013,Office Supplies Item 13,Office Supplies,945.16,1,0.0,945.16,640.93,304.23,South
O204406,2023-10-16,C100885,P3004,Furniture Item 4,Furniture,1197.1,3,0.0,3591.3,2000.06,1591.24,West
O204407,2023-09-06,C100438,P2004,Technology Item 4,Technology,1323.25,3,0.0,3969.75,1803.44,2166.31,South
O204408,2025-09-09,C100345,P5016,Accessories Item 16,Accessories,1442.31,3,0.1,3894.24,1981.21,1913.03,East
O204409,2025-07-29,C100349,P2010,Technology Item 10,Technology,545.3,5,0.0,2726.5,1138.23,1588.27,West
O204410,2023-07-27,C100139,P4010,Consumables Item 10,Consumables,1234.94,4,0.0,4939.76,2148.95,2790.81,Central
O204411,2025-08-23,C100828,P2018,Technology Item 18,Technology,362.51,4,0.0,1450.04,698.87,751.17,Central
O204412,2024-12-09,C100324,P5017,Accessories Item 17,Accessories,955.69,2,0.0,1911.38,1193.47,717.91,Central
O204413,2022-11-16,C100846,P2003,Technology Item 3,Technology,1102.81,3,0.0,3308.43,2637.33,671.1,East
O204414,2024-06-28,C100302,P4014,Consumables Item 14,Consumables,1259.98,2,0.05,2393.96,1765.52,628.44,West
O204415,2025-01-21,C100294,P3017,Furniture Item 17,Furniture,715.82,3,0.05,2040.09,886.11,1153.98,West
O204416,2024-02-25,C100957,P4019,Consumables Item 19,Consumables,1074.49,1,0.0,1074.49,791.83,282.66,East
O204417,2025-04-13,C100529,P2003,Technology Item 3,Technology,1102.81,4,0.0,4411.24,2710.82,1700.42,East
O204418,2023-07-27,C100834,P2016,Technology Item 16,Technology,1535.17,2,0.0,3070.34,2039.1,1031.24,South
O204419,2023-12-19,C100968,P3017,Furniture Item 17,Furniture,715.82,2,0.0,1431.64,646.97,784.67,Central
O204420,2022-11-25,C100292,P1001,Office Supplies Item 1,Office Supplies,53.51,4,0.0,214.04,119.47,94.57,South
O204421,2023-09-12,C100074,P4012,Consumables Item 12,Consumables,605.54,2,0.05,1150.53,867.1,283.43,Central
O204422,2024-05-24,C100775,P1003,Office Supplies Item 3,Office Supplies,468.91,4,0.0,1875.64,1069.39,806.25,West
O204423,2024-10-25,C100484,P1014,Office Supplies Item 14,Office Supplies,962.37,3,0.1,2598.4,1171.48,1426.92,East
O204424,2025-08-04,C100016,P5001,Accessories Item 1,Accessories,306.1,4,0.0,1224.4,642.11,582.29,South
O204425,2023-11-24,C100526,P2014,Technology Item 14,Technology,3038.06,5,0.0,15190.3,7422.1,7768.2,West
O204426,2024-10-22,C100336,P4010,Consumables Item 10,Consumables,1234.94,1,0.0,1234.94,833.29,401.65,Central
O204427,2024-01-18,C100793,P4009,Consumables Item 9,Consumables,98.0,1,0.0,98.0,74.91,23.09,West
O204428,2025-07-26,C100873,P3011,Furniture Item 11,Furniture,542.78,2,0.1,977.0,677.45,299.55,West
O204429,2025-10-16,C100516,P2009,Technology Item 9,Technology,2991.89,6,0.1,16156.21,11914.36,4241.85,Central
O204430,2024-09-27,C100925,P5019,Accessories Item 19,Accessories,123.42,4,0.0,493.68,356.6,137.08,Central
O204431,2025-06-28,C100127,P5002,Accessories Item 2,Accessories,19.27,2,0.05,36.61,14.86,21.75,South
O204432,2024-10-21,C100824,P3008,Furniture Item 8,Furniture,774.16,3,0.0,2322.48,1044.53,1277.95,West
O204433,2023-11-03,C100518,P5014,Accessories Item 14,Accessories,784.72,5,0.05,3727.42,2122.21,1605.21,West
O204434,2023-10-08,C100129,P4019,Consumables Item 19,Consumables,1074.49,3,0.15,2739.95,1218.83,1521.12,East
O204435,2023-08-31,C100511,P4019,Consumables Item 19,Consumables,1074.49,2,0.05,2041.53,1416.77,624.76,West
O204436,2024-12-03,C100423,P1016,Office Supplies Item 16,Office Supplies,1112.6,3,0.0,3337.8,1428.83,1908.97,South
O204437,2025-01-24,C100385,P3017,Furniture Item 17,Furniture,715.82,4,0.05,2720.12,1540.94,1179.18,West
O204438,2023-02-20,C100883,P5017,Accessories Item 17,Accessories,955.69,2,0.15,1624.67,904.8,719.87,Central
O204439,2025-03-27,C100232,P1010,Office Supplies Item 10,Office Supplies,511.53,4,0.0,2046.12,1263.23,782.89,South
O204440,2025-08-26,C100959,P1019,Office Supplies Item 19,Office Supplies,414.61,1,0.0,414.61,270.22,144.39,East
O204441,2025-05-18,C100825,P4007,Consumables Item 7,Consumables,334.97,4,0.0,1339.88,1043.48,296.4,West
O204442,2024-10-03,C100195,P2016,Technology Item 16,Technology,1535.17,2,0.0,3070.34,1561.19,1509.15,West
O204443,2025-02-23,C100065,P1004,Office Supplies Item 4,Office Supplies,601.69,1,0.0,601.69,400.96,200.73,East
O204444,2025-06-01,C100833,P4015,Consumables Item 15,Consumables,978.0,3,0.0,2934.0,1214.78,1719.22,East
O204445,2023-08-06,C100615,P2013,Technology Item 13,Technology,2603.81,3,0.0,7811.43,3127.72,4683.71,West
O204446,2023-11-17,C100277,P2008,Technology Item 8,Technology,1671.55,5,0.0,8357.75,3427.88,4929.87,West
O204447,2022-11-13,C100670,P5016,Accessories Item 16,Accessories,1442.31,4,0.05,5480.78,3176.47,2304.31,Central
O204448,2023-08-30,C100224,P4020,Consumables Item 20,Consumables,1460.03,3,0.0,4380.09,2724.44,1655.65,South
O204449,2023-04-09,C100801,P1009,Office Supplies Item 9,Office Supplies,75.25,3,0.2,180.6,72.69,107.91,East
O204450,2023-04-03,C100944,P4015,Consumables Item 15,Consumables,978.0,1,0.0,978.0,546.28,431.72,East
O204451,2024-11-23,C100278,P1006,Office Supplies Item 6,Office Supplies,309.21,2,0.05,587.5,244.6,342.9,East
O204452,2023-04-30,C100990,P3009,Furniture Item 9,Furniture,1285.97,3,0.0,3857.91,2551.29,1306.62,West
O204453,2023-11-12,C100694,P5011,Accessories Item 11,Accessories,385.85,3,0.0,1157.55,755.29,402.26,South
O204454,2024-12-15,C100366,P4016,Consumables Item 16,Consumables,924.52,2,0.0,1849.04,1319.61,529.43,South
O204455,2022-11-16,C100516,P2002,Technology Item 2,Technology,613.05,5,0.05,2911.99,1801.08,1110.91,East
O204456,2023-07-11,C100215,P3008,Furniture Item 8,Furniture,774.16,2,0.1,1393.49,904.63,488.86,East
O204457,2025-10-19,C100439,P2001,Technology Item 1,Technology,2209.18,5,0.1,9941.31,5087.64,4853.67,West
O204458,2022-12-01,C100428,P2013,Technology Item 13,Technology,2603.81,2,0.0,5207.62,2261.05,2946.57,West
O204459,2025-09-10,C100729,P5001,Accessories Item 1,Accessories,306.1,3,0.0,918.3,638.15,280.15,South
O204460,2024-10-31,C100396,P3016,Furniture Item 16,Furniture,445.94,2,0.0,891.88,575.04,316.84,Central
O204461,2023-08-16,C100209,P2009,Technology Item 9,Technology,2991.89,2,0.0,5983.78,4639.42,1344.36,South
O204462,2024-03-12,C100501,P3013,Furniture Item 13,Furniture,1077.46,2,0.0,2154.92,1714.65,440.27,South
O204463,2024-05-01,C100463,P2020,Technology Item 20,Technology,2640.06,5,0.0,13200.3,9753.88,3446.42,West
O204464,2025-06-18,C100586,P4014,Consumables Item 14,Consumables,1259.98,3,0.0,3779.94,3002.21,777.73,East
O204465,2023-03-12,C100227,P1018,Office Supplies Item 18,Office Supplies,982.11,2,0.0,1964.22,1294.38,669.84,East
O204466,2025-03-07,C100375,P3007,Furniture Item 7,Furniture,469.52,1,0.0,469.52,205.08,264.44,Central
O204467,2024-04-04,C100500,P1013,Office Supplies Item 13,Office Supplies,945.16,3,0.1,2551.93,1112.47,1439.46,West
O204468,2022-11-30,C100948,P2007,Technology Item 7,Technology,1312.26,5,0.0,6561.3,4742.82,1818.48,East
O204469,2024-07-19,C100093,P4002,Consumables Item 2,Consumables,643.15,1,0.2,514.52,254.56,259.96,East
O204470,2022-11-04,C100460,P4014,Consumables Item 14,Consumables,1259.98,2,0.0,2519.96,1069.46,1450.5,East
O204471,2024-03-23,C100577,P5016,Accessories Item 16,Accessories,1442.31,2,0.0,2884.62,1698.78,1185.84,East
O204472,2022-11-16,C100321,P3005,Furniture Item 5,Furniture,764.38,3,0.05,2178.48,1145.57,1032.91,South
O204473,2025-07-24,C100010,P1003,Office Supplies Item 3,Office Supplies,468.91,3,0.15,1195.72,759.59,436.13,Central
O204474,2025-06-13,C100914,P2002,Technology Item 2,Technology,613.05,2,0.05,1164.79,745.54,419.25,Central
O204475,2023-07-21,C100303,P2007,Technology Item 7,Technology,1312.26,2,0.05,2493.29,1676.99,816.3,East
O204476,2025-10-24,C100322,P3015,Furniture Item 15,Furniture,1408.62,7,0.1,8874.31,5595.94,3278.37,South
O204477,2023-07-23,C100817,P4007,Consumables Item 7,Consumables,334.97,2,0.05,636.44,351.55,284.89,Central
O204478,2023-11-13,C100456,P2013,Technology Item 13,Technology,2603.81,2,0.1,4686.86,1919.11,2767.75,Central
O204479,2025-06-20,C100278,P1002,Office Supplies Item 2,Office Supplies,357.2,4,0.1,1285.92,979.92,306.0,East
O204480,2024-02-19,C100598,P4015,Consumables Item 15,Consumables,978.0,1,0.0,978.0,519.09,458.91,South
O204481,2023-09-25,C100538,P3006,Furniture Item 6,Furniture,1126.74,2,0.15,1915.46,1154.75,760.71,South
O204482,2024-01-12,C100730,P4014,Consumables Item 14,Consumables,1259.98,2,0.0,2519.96,1569.37,950.59,South
O204483,2022-11-16,C100393,P2013,Technology Item 13,Technology,2603.81,5,0.15,11066.19,5820.16,5246.03,West
O204484,2025-03-17,C100917,P3018,Furniture Item 18,Furniture,1136.61,2,0.0,2273.22,1189.79,1083.43,West
O204485,2024-03-25,C100095,P1007,Office Supplies Item 7,Office Supplies,1432.06,2,0.0,2864.12,1444.5,1419.62,East
O204486,2025-07-11,C100756,P1015,Office Supplies Item 15,Office Supplies,1276.5,4,0.15,4340.1,2158.51,2181.59,East
O204487,2024-06-03,C100959,P2006,Technology Item 6,Technology,1048.28,1,0.0,1048.28,432.06,616.22,East
O204488,2022-11-06,C100107,P1011,Office Supplies Item 11,Office Supplies,610.7,6,0.05,3480.99,2726.19,754.8,East
O204489,2025-08-15,C100390,P2018,Technology Item 18,Technology,362.51,2,0.0,725.02,462.65,262.37,East
O204490,2025-01-15,C100760,P2007,Technology Item 7,Technology,1312.26,5,0.0,6561.3,2908.14,3653.16,South
O204491,2024-07-11,C100526,P1007,Office Supplies Item 7,Office Supplies,1432.06,3,0.15,3651.75,2325.37,1326.38,West
O204492,2023-12-10,C100673,P1001,Office Supplies Item 1,Office Supplies,53.51,4,0.0,214.04,105.5,108.54,Central
O204493,2025-07-24,C100071,P4014,Consumables Item 14,Consumables,1259.98,4,0.1,4535.93,2378.06,2157.87,East
O204494,2024-06-16,C100664,P2001,Technology Item 1,Technology,2209.18,4,0.0,8836.72,6366.57,2470.15,East
O204495,2024-05-19,C100969,P4019,Consumables Item 19,Consumables,1074.49,2,0.1,1934.08,1458.92,475.16,West
O204496,2024-11-21,C100587,P2010,Technology Item 10,Technology,545.3,2,0.1,981.54,667.38,314.16,Central
O204497,2022-11-12,C100376,P5014,Accessories Item 14,Accessories,784.72,2,0.05,1490.97,1152.57,338.4,East
O204498,2023-04-14,C100727,P1008,Office Supplies Item 8,Office Supplies,1378.19,3,0.15,3514.38,2678.0,836.38,East
O204499,2025-03-27,C100368,P5008,Accessories Item 8,Accessories,497.2,4,0.0,1988.8,1233.99,754.81,East
O204500,2023-01-17,C100051,P5003,Accessories Item 3,Accessories,117.58,2,0.1,211.64,161.51,50.13,Central
O204501,2024-07-06,C100898,P1003,Office Supplies Item 3,Office Supplies,468.91,2,0.05,890.93,550.59,340.34,West
O204502,2025-03-18,C100143,P3015,Furniture Item 15,Furniture,1408.62,4,0.0,5634.48,2488.8,3145.68,East
O204503,2025-01-20,C100419,P1015,Office Supplies Item 15,Office Supplies,1276.5,4,0.0,5106.0,3736.48,1369.52,West
O204504,2025-10-07,C100548,P2016,Technology Item 16,Technology,1535.17,4,0.05,5833.65,2639.62,3194.03,Central
O204505,2024-12-06,C100500,P1006,Office Supplies Item 6,Office Supplies,309.21,1,0.05,293.75,154.63,139.12,East
O204506,2023-01-21,C100886,P3002,Furniture Item 2,Furniture,1401.3,5,0.0,7006.5,3867.01,3139.49,Central
O204507,2023-05-28,C100988,P3010,Furniture Item 10,Furniture,702.98,2,0.0,1405.96,1016.39,389.57,East
O204508,2024-04-05,C100167,P1018,Office Supplies Item 18,Office Supplies,982.11,3,0.0,2946.33,1276.98,1669.35,South
O204509,2025-09-18,C100748,P5003,Accessories Item 3,Accessories,117.58,6,0.0,705.48,407.75,297.73,Central
O204510,2025-07-21,C100260,P3010,Furniture Item 10,Furniture,702.98,1,0.0,702.98,403.99,298.99,Central
O204511,2024-02-08,C100192,P2010,Technology Item 10,Technology,545.3,4,0.0,2181.2,1380.4,800.8,East
O204512,2024-07-20,C100202,P4017,Consumables Item 17,Consumables,267.63,3,0.0,802.89,434.8,368.09,Central
O204513,2024-12-20,C100774,P2019,Technology Item 19,Technology,1281.18,5,0.15,5445.02,3435.07,2009.95,South
O204514,2024-05-12,C100185,P1012,Office Supplies Item 12,Office Supplies,362.33,4,0.05,1376.85,1093.71,283.14,Central
O204515,2025-06-17,C100158,P5018,Accessories Item 18,Accessories,1149.97,3,0.0,3449.91,1478.7,1971.21,Central
O204516,2023-01-30,C100758,P3019,Furniture Item 19,Furniture,1035.24,1,0.0,1035.24,776.28,258.96,West
O204517,2025-10-12,C100622,P4016,Consumables Item 16,Consumables,924.52,4,0.05,3513.18,1838.98,1674.2,West
O204518,2025-03-09,C100099,P3004,Furniture Item 4,Furniture,1197.1,2,0.1,2154.78,1263.32,891.46,West
O204519,2024-05-09,C100241,P5008,Accessories Item 8,Accessories,497.2,2,0.05,944.68,657.92,286.76,East
O204520,2023-04-05,C100491,P1004,Office Supplies Item 4,Office Supplies,601.69,5,0.05,2858.03,2183.58,674.45,East
O204521,2022-11-02,C100202,P2016,Technology Item 16,Technology,1535.17,3,0.0,4605.51,1858.92,2746.59,West
O204522,2025-02-02,C100634,P3008,Furniture Item 8,Furniture,774.16,4,0.0,3096.64,2058.88,1037.76,East
O204523,2025-01-10,C100509,P1014,Office Supplies Item 14,Office Supplies,962.37,1,0.05,914.25,391.14,523.11,Central
O204524,2025-07-10,C100629,P5001,Accessories Item 1,Accessories,306.1,4,0.0,1224.4,747.22,477.18,Central
O204525,2025-10-17,C100096,P3009,Furniture Item 9,Furniture,1285.97,1,0.0,1285.97,900.06,385.91,Central
O204526,2024-03-07,C100746,P4007,Consumables Item 7,Consumables,334.97,4,0.0,1339.88,626.81,713.07,Central
O204527,2024-08-30,C100490,P5007,Accessories Item 7,Accessories,687.81,4,0.0,2751.24,1941.04,810.2,Central
O204528,2025-09-24,C100579,P4017,Consumables Item 17,Consumables,267.63,4,0.0,1070.52,560.75,509.77,Central
O204529,2023-01-14,C100888,P1009,Office Supplies Item 9,Office Supplies,75.25,7,0.0,526.75,339.34,187.41,East
O204530,2025-06-01,C100218,P2001,Technology Item 1,Technology,2209.18,3,0.0,6627.54,4395.49,2232.05,South
O204531,2023-11-06,C100527,P4012,Consumables Item 12,Consumables,605.54,6,0.0,3633.24,2396.46,1236.78,Central
O204532,2024-06-09,C100273,P5001,Accessories Item 1,Accessories,306.1,5,0.2,1224.4,498.84,725.56,Central
O204533,2023-09-25,C100219,P1016,Office Supplies Item 16,Office Supplies,1112.6,3,0.05,3170.91,1461.5,1709.41,West
O204534,2024-06-12,C100786,P1016,Office Supplies Item 16,Office Supplies,1112.6,4,0.1,4005.36,2973.9,1031.46,East
O204535,2024-12-16,C100883,P2008,Technology Item 8,Technology,1671.55,4,0.0,6686.2,5188.07,1498.13,South
O204536,2023-08-31,C100659,P3011,Furniture Item 11,Furniture,542.78,3,0.0,1628.34,1018.47,609.87,South
O204537,2024-06-01,C100332,P3016,Furniture Item 16,Furniture,445.94,3,0.0,1337.82,854.58,483.24,South
O204538,2023-06-09,C100856,P4020,Consumables Item 20,Consumables,1460.03,2,0.0,2920.06,2049.92,870.14,South
O204539,2025-07-06,C100453,P3017,Furniture Item 17,Furniture,715.82,2,0.0,1431.64,805.21,626.43,East
O204540,2023-11-10,C100152,P3012,Furniture Item 12,Furniture,806.55,3,0.0,2419.65,1285.33,1134.32,East
O204541,2023-05-07,C100347,P3006,Furniture Item 6,Furniture,1126.74,2,0.0,2253.48,1593.84,659.64,South
O204542,2024-02-17,C100816,P4018,Consumables Item 18,Consumables,772.22,4,0.15,2625.55,1079.93,1545.62,East
O204543,2025-02-21,C100414,P2018,Technology Item 18,Technology,362.51,1,0.1,326.26,246.05,80.21,East
O204544,2024-04-14,C100527,P5004,Accessories Item 4,Accessories,566.9,2,0.0,1133.8,653.48,480.32,South
O204545,2025-10-06,C100431,P3008,Furniture Item 8,Furniture,774.16,3,0.05,2206.36,1327.55,878.81,Central
O204546,2025-10-24,C100379,P3001,Furniture Item 1,Furniture,388.34,4,0.0,1553.36,1015.45,537.91,West
O204547,2025-06-20,C100998,P5018,Accessories Item 18,Accessories,1149.97,1,0.1,1034.97,527.58,507.39,Central
O204548,2024-02-18,C100895,P3019,Furniture Item 19,Furniture,1035.24,2,0.0,2070.48,1322.94,747.54,South
O204549,2025-06-03,C100428,P5013,Accessories Item 13,Accessories,1059.89,4,0.0,4239.56,2871.1,1368.46,Central
O204550,2025-10-25,C100866,P4007,Consumables Item 7,Consumables,334.97,1,0.05,318.22,142.3,175.92,Central
O204551,2024-03-31,C100923,P4014,Consumables Item 14,Consumables,1259.98,3,0.0,3779.94,2298.92,1481.02,South
O204552,2023-12-31,C100084,P5004,Accessories Item 4,Accessories,566.9,3,0.2,1360.56,723.5,637.06,West
O204553,2023-03-13,C100192,P4006,Consumables Item 6,Consumables,1311.65,2,0.0,2623.3,1634.17,989.13,East
O204554,2023-09-10,C100041,P2007,Technology Item 7,Technology,1312.26,3,0.05,3739.94,1527.83,2212.11,West
O204555,2024-06-13,C100864,P2012,Technology Item 12,Technology,3897.09,3,0.0,11691.27,8149.66,3541.61,East
O204556,2025-08-05,C100836,P3016,Furniture Item 16,Furniture,445.94,4,0.0,1783.76,833.66,950.1,East
O204557,2023-04-08,C100773,P1010,Office Supplies Item 10,Office Supplies,511.53,5,0.1,2301.88,1555.51,746.37,East
O204558,2024-08-22,C100309,P2020,Technology Item 20,Technology,2640.06,1,0.1,2376.05,1681.12,694.93,West
O204559,2024-11-17,C100378,P1017,Office Supplies Item 17,Office Supplies,816.15,1,0.05,775.34,543.55,231.79,West
O204560,2025-01-09,C100136,P3018,Furniture Item 18,Furniture,1136.61,3,0.0,3409.83,2478.95,930.88,East
O204561,2023-12-15,C100790,P5017,Accessories Item 17,Accessories,955.69,2,0.0,1911.38,999.84,911.54,West
O204562,2024-09-10,C100106,P1006,Office Supplies Item 6,Office Supplies,309.21,3,0.0,927.63,729.9,197.73,East
O204563,2023-02-22,C100519,P2019,Technology Item 19,Technology,1281.18,2,0.0,2562.36,1049.36,1513.0,West
O204564,2025-04-15,C100918,P1018,Office Supplies Item 18,Office Supplies,982.11,2,0.05,1866.01,1105.57,760.44,East
O204565,2025-10-14,C100814,P4013,Consumables Item 13,Consumables,756.61,3,0.0,2269.83,1153.33,1116.5,West
O204566,2023-01-04,C100542,P4012,Consumables Item 12,Consumables,605.54,5,0.05,2876.31,2001.77,874.54,Central
O204567,2024-09-14,C100126,P5009,Accessories Item 9,Accessories,83.46,3,0.0,250.38,180.8,69.58,East
O204568,2023-03-26,C100357,P5015,Accessories Item 15,Accessories,191.35,2,0.0,382.7,278.97,103.73,West
O204569,2025-05-31,C100400,P3002,Furniture Item 2,Furniture,1401.3,1,0.0,1401.3,726.94,674.36,Central
O204570,2025-08-30,C100079,P1004,Office Supplies Item 4,Office Supplies,601.69,1,0.0,601.69,306.66,295.03,East
O204571,2024-11-08,C100389,P1020,Office Supplies Item 20,Office Supplies,891.62,2,0.0,1783.24,1196.15,587.09,East
O204572,2023-05-05,C100579,P2008,Technology Item 8,Technology,1671.55,4,0.0,6686.2,5156.89,1529.31,West
O204573,2025-02-12,C100535,P2020,Technology Item 20,Technology,2640.06,3,0.1,7128.16,3576.07,3552.09,South
O204574,2025-01-17,C100701,P4005,Consumables Item 5,Consumables,1091.68,4,0.15,3711.71,2836.64,875.07,South
O204575,2023-04-20,C100074,P3004,Furniture Item 4,Furniture,1197.1,2,0.1,2154.78,1371.7,783.08,East
O204576,2023-06-01,C100005,P2003,Technology Item 3,Technology,1102.81,3,0.0,3308.43,2299.94,1008.49,East
O204577,2022-11-27,C100919,P3017,Furniture Item 17,Furniture,715.82,2,0.0,1431.64,824.56,607.08,East
O204578,2025-08-10,C100463,P3007,Furniture Item 7,Furniture,469.52,3,0.0,1408.56,1018.03,390.53,West
O204579,2025-10-27,C100082,P1013,Office Supplies Item 13,Office Supplies,945.16,5,0.0,4725.8,3724.86,1000.94,Central
O204580,2024-12-29,C100537,P1016,Office Supplies Item 16,Office Supplies,1112.6,5,0.0,5563.0,2604.77,2958.23,South
O204581,2023-12-13,C100776,P5010,Accessories Item 10,Accessories,678.1,4,0.2,2169.92,1202.62,967.3,South
O204582,2023-01-13,C100991,P3015,Furniture Item 15,Furniture,1408.62,6,0.0,8451.72,6296.38,2155.34,Central
O204583,2024-05-31,C100405,P5015,Accessories Item 15,Accessories,191.35,1,0.0,191.35,90.06,101.29,West
O204584,2024-09-10,C100514,P4005,Consumables Item 5,Consumables,1091.68,3,0.1,2947.54,1665.91,1281.63,West
O204585,2024-12-25,C100278,P5001,Accessories Item 1,Accessories,306.1,2,0.0,612.2,285.56,326.64,Central
O204586,2025-02-26,C100840,P1016,Office Supplies Item 16,Office Supplies,1112.6,2,0.05,2113.94,1393.82,720.12,Central
O204587,2025-03-19,C100855,P2017,Technology Item 17,Technology,3583.54,2,0.1,6450.37,3195.05,3255.32,West
O204588,2023-06-25,C100224,P3012,Furniture Item 12,Furniture,806.55,3,0.0,2419.65,1336.42,1083.23,West
O204589,2024-10-27,C100584,P1010,Office Supplies Item 10,Office Supplies,511.53,2,0.05,971.91,579.7,392.21,Central
O204590,2023-11-13,C100068,P2018,Technology Item 18,Technology,362.51,3,0.0,1087.53,564.27,523.26,Central
O204591,2024-08-22,C100320,P3004,Furniture Item 4,Furniture,1197.1,5,0.05,5686.22,3820.91,1865.31,West
O204592,2025-02-07,C100606,P5015,Accessories Item 15,Accessories,191.35,6,0.0,1148.1,510.33,637.77,Central
O204593,2025-04-24,C100019,P4014,Consumables Item 14,Consumables,1259.98,3,0.0,3779.94,2842.21,937.73,East
O204594,2023-11-11,C100640,P3014,Furniture Item 14,Furniture,668.13,1,0.05,634.72,376.09,258.63,West
O204595,2024-07-11,C100343,P5018,Accessories Item 18,Accessories,1149.97,5,0.0,5749.85,3617.38,2132.47,South
O204596,2024-08-14,C100594,P3011,Furniture Item 11,Furniture,542.78,4,0.1,1954.01,1267.86,686.15,Central
O204597,2025-08-29,C100766,P3012,Furniture Item 12,Furniture,806.55,2,0.0,1613.1,683.75,929.35,West
O204598,2023-05-15,C100949,P4010,Consumables Item 10,Consumables,1234.94,3,0.1,3334.34,2343.36,990.98,West
O204599,2025-01-15,C100733,P5012,Accessories Item 12,Accessories,531.07,3,0.0,1593.21,1240.12,353.09,West
O204600,2025-04-11,C100343,P5012,Accessories Item 12,Accessories,531.07,4,0.15,1805.64,1097.76,707.88,East
O204601,2025-10-20,C100097,P3019,Furniture Item 19,Furniture,1035.24,4,0.0,4140.96,2303.81,1837.15,West
O204602,2025-05-25,C100052,P1013,Office Supplies Item 13,Office Supplies,945.16,5,0.0,4725.8,3373.84,1351.96,South
O204603,2025-02-24,C100175,P3001,Furniture Item 1,Furniture,388.34,3,0.1,1048.52,721.53,326.99,West
O204604,2025-01-26,C100338,P1012,Office Supplies Item 12,Office Supplies,362.33,3,0.15,923.94,610.16,313.78,Central
O204605,2024-05-17,C100694,P3010,Furniture Item 10,Furniture,702.98,8,0.15,4780.26,3757.96,1022.3,East
O204606,2024-07-26,C100940,P3017,Furniture Item 17,Furniture,715.82,2,0.0,1431.64,905.81,525.83,West
O204607,2024-09-09,C100353,P3010,Furniture Item 10,Furniture,702.98,6,0.05,4006.99,2000.89,2006.1,South
O204608,2025-08-14,C100391,P3017,Furniture Item 17,Furniture,715.82,1,0.0,715.82,293.42,422.4,West
O204609,2022-11-08,C100115,P3014,Furniture Item 14,Furniture,668.13,4,0.05,2538.89,1476.07,1062.82,East
O204610,2025-10-04,C100348,P4006,Consumables Item 6,Consumables,1311.65,1,0.0,1311.65,866.91,444.74,East
O204611,2023-10-10,C100001,P1008,Office Supplies Item 8,Office Supplies,1378.19,2,0.0,2756.38,1292.34,1464.04,East
O204612,2025-01-04,C100063,P4003,Consumables Item 3,Consumables,171.17,2,0.15,290.99,119.39,171.6,Central
O204613,2025-09-16,C100760,P1009,Office Supplies Item 9,Office Supplies,75.25,6,0.15,383.78,293.07,90.71,Central
O204614,2025-02-26,C100743,P3020,Furniture Item 20,Furniture,1296.14,3,0.1,3499.58,1822.51,1677.07,Central
O204615,2023-01-01,C100226,P4003,Consumables Item 3,Consumables,171.17,2,0.05,325.22,190.72,134.5,West
O204616,2025-10-21,C100423,P4012,Consumables Item 12,Consumables,605.54,1,0.05,575.26,251.06,324.2,West
O204617,2023-12-27,C100019,P1003,Office Supplies Item 3,Office Supplies,468.91,3,0.0,1406.73,777.42,629.31,East
O204618,2024-07-25,C100031,P4013,Consumables Item 13,Consumables,756.61,2,0.05,1437.56,818.7,618.86,South
O204619,2024-12-31,C100845,P1013,Office Supplies Item 13,Office Supplies,945.16,3,0.05,2693.71,2050.18,643.53,West
O204620,2024-05-04,C100633,P1009,Office Supplies Item 9,Office Supplies,75.25,1,0.0,75.25,56.15,19.1,East
O204621,2024-06-28,C100024,P5015,Accessories Item 15,Accessories,191.35,5,0.1,861.08,409.53,451.55,East
O204622,2024-04-08,C100837,P5009,Accessories Item 9,Accessories,83.46,3,0.1,225.34,140.26,85.08,West
O204623,2025-04-17,C100983,P3012,Furniture Item 12,Furniture,806.55,4,0.15,2742.27,1899.02,843.25,East
O204624,2023-04-12,C100211,P4002,Consumables Item 2,Consumables,643.15,2,0.0,1286.3,664.68,621.62,South
O204625,2024-12-26,C100961,P1008,Office Supplies Item 8,Office Supplies,1378.19,2,0.0,2756.38,1537.43,1218.95,West
O204626,2025-04-28,C100161,P5015,Accessories Item 15,Accessories,191.35,4,0.15,650.59,516.54,134.05,South
O204627,2025-07-09,C100255,P3005,Furniture Item 5,Furniture,764.38,3,0.0,2293.14,1614.12,679.02,Central
O204628,2023-11-14,C100571,P3013,Furniture Item 13,Furniture,1077.46,2,0.1,1939.43,1114.92,824.51,South
O204629,2023-04-22,C100114,P4003,Consumables Item 3,Consumables,171.17,3,0.2,410.81,252.09,158.72,West
O204630,2025-07-27,C100504,P5015,Accessories Item 15,Accessories,191.35,4,0.05,727.13,472.86,254.27,East
O204631,2023-01-03,C100929,P5001,Accessories Item 1,Accessories,306.1,2,0.2,489.76,293.63,196.13,Central
O204632,2025-07-02,C100672,P3017,Furniture Item 17,Furniture,715.82,2,0.0,1431.64,808.37,623.27,West
O204633,2023-01-05,C100955,P3014,Furniture Item 14,Furniture,668.13,4,0.0,2672.52,1453.16,1219.36,South
O204634,2024-02-01,C100220,P1019,Office Supplies Item 19,Office Supplies,414.61,3,0.0,1243.83,581.61,662.22,East
O204635,2024-01-27,C100357,P4007,Consumables Item 7,Consumables,334.97,6,0.05,1909.33,1507.32,402.01,Central
O204636,2025-07-06,C100169,P3006,Furniture Item 6,Furniture,1126.74,3,0.0,3380.22,1475.69,1904.53,South
O204637,2023-04-27,C100524,P5014,Accessories Item 14,Accessories,784.72,4,0.05,2981.94,1909.66,1072.28,West
O204638,2023-08-07,C100969,P1010,Office Supplies Item 10,Office Supplies,511.53,1,0.0,511.53,400.96,110.57,South
O204639,2023-10-10,C100242,P5013,Accessories Item 13,Accessories,1059.89,3,0.2,2543.74,1398.99,1144.75,East
O204640,2025-09-06,C100375,P1018,Office Supplies Item 18,Office Supplies,982.11,2,0.0,1964.22,984.01,980.21,Central
O204641,2023-08-23,C100139,P1012,Office Supplies Item 12,Office Supplies,362.33,4,0.0,1449.32,1133.67,315.65,Central
O204642,2023-05-21,C100097,P3009,Furniture Item 9,Furniture,1285.97,5,0.05,6108.36,4402.27,1706.09,East
O204643,2025-06-19,C100147,P2003,Technology Item 3,Technology,1102.81,4,0.1,3970.12,2628.26,1341.86,East
O204644,2024-09-14,C100182,P4002,Consumables Item 2,Consumables,643.15,4,0.0,2572.6,1658.8,913.8,East
O204645,2023-11-10,C100057,P1011,Office Supplies Item 11,Office Supplies,610.7,1,0.15,519.1,282.42,236.68,West
O204646,2022-12-05,C100042,P4013,Consumables Item 13,Consumables,756.61,2,0.0,1513.22,993.47,519.75,East
O204647,2022-11-29,C100866,P3016,Furniture Item 16,Furniture,445.94,2,0.0,891.88,615.41,276.47,East
O204648,2024-12-14,C100711,P5008,Accessories Item 8,Accessories,497.2,2,0.0,994.4,410.38,584.02,West
O204649,2023-06-09,C100543,P5009,Accessories Item 9,Accessories,83.46,5,0.05,396.43,177.23,219.2,East
O204650,2022-12-23,C100692,P3015,Furniture Item 15,Furniture,1408.62,3,0.0,4225.86,2222.99,2002.87,South
O204651,2024-12-30,C100002,P2005,Technology Item 5,Technology,4160.53,1,0.05,3952.5,2091.87,1860.63,Central
O204652,2023-01-15,C100979,P1009,Office Supplies Item 9,Office Supplies,75.25,5,0.0,376.25,286.03,90.22,East
O204653,2024-03-08,C100934,P1012,Office Supplies Item 12,Office Supplies,362.33,3,0.0,1086.99,732.42,354.57,Central
O204654,2023-02-25,C100288,P1011,Office Supplies Item 11,Office Supplies,610.7,3,0.0,1832.1,1006.56,825.54,Central
O204655,2023-08-07,C100138,P2018,Technology Item 18,Technology,362.51,5,0.15,1540.67,1114.95,425.72,East
O204656,2024-11-15,C100617,P2008,Technology Item 8,Technology,1671.55,4,0.1,6017.58,3184.97,2832.61,South
O204657,2025-06-06,C100512,P1008,Office Supplies Item 8,Office Supplies,1378.19,3,0.0,4134.57,3292.37,842.2,Central
O204658,2024-12-03,C100904,P4014,Consumables Item 14,Consumables,1259.98,3,0.0,3779.94,2693.77,1086.17,South
O204659,2023-08-22,C100730,P5009,Accessories Item 9,Accessories,83.46,2,0.0,166.92,120.74,46.18,Central
O204660,2025-08-14,C100222,P3007,Furniture Item 7,Furniture,469.52,3,0.1,1267.7,639.41,628.29,Central
O204661,2025-09-10,C100331,P2016,Technology Item 16,Technology,1535.17,4,0.0,6140.68,2812.51,3328.17,East
O204662,2025-02-19,C100617,P3010,Furniture Item 10,Furniture,702.98,6,0.0,4217.88,2344.36,1873.52,West
O204663,2025-09-25,C100404,P1009,Office Supplies Item 9,Office Supplies,75.25,6,0.0,451.5,240.96,210.54,West
O204664,2024-03-11,C100508,P3020,Furniture Item 20,Furniture,1296.14,2,0.05,2462.67,1743.41,719.26,East
O204665,2023-05-25,C100916,P4012,Consumables Item 12,Consumables,605.54,2,0.0,1211.08,568.86,642.22,West
O204666,2023-12-31,C100127,P4007,Consumables Item 7,Consumables,334.97,1,0.0,334.97,204.66,130.31,West
O204667,2022-12-14,C100265,P3013,Furniture Item 13,Furniture,1077.46,3,0.05,3070.76,1999.92,1070.84,East
O204668,2024-06-27,C100712,P5002,Accessories Item 2,Accessories,19.27,2,0.0,38.54,21.35,17.19,East
O204669,2024-01-28,C100764,P5019,Accessories Item 19,Accessories,123.42,3,0.1,333.23,160.03,173.2,East
O204670,2024-06-17,C100015,P1017,Office Supplies Item 17,Office Supplies,816.15,2,0.0,1632.3,1237.72,394.58,Central
O204671,2024-03-21,C100226,P5020,Accessories Item 20,Accessories,75.35,1,0.0,75.35,34.32,41.03,West
O204672,2025-01-02,C100984,P3013,Furniture Item 13,Furniture,1077.46,5,0.0,5387.3,2809.59,2577.71,West
O204673,2022-11-21,C100865,P2008,Technology Item 8,Technology,1671.55,3,0.05,4763.92,3347.26,1416.66,East
O204674,2024-07-12,C100105,P4003,Consumables Item 3,Consumables,171.17,2,0.0,342.34,219.82,122.52,Central
O204675,2023-12-19,C100745,P1015,Office Supplies Item 15,Office Supplies,1276.5,3,0.0,3829.5,2651.0,1178.5,Central
O204676,2025-10-30,C100493,P1019,Office Supplies Item 19,Office Supplies,414.61,2,0.0,829.22,599.95,229.27,West
O204677,2023-10-03,C100319,P5006,Accessories Item 6,Accessories,15.68,2,0.0,31.36,23.78,7.58,East
O204678,2025-04-28,C101000,P4010,Consumables Item 10,Consumables,1234.94,3,0.0,3704.82,1933.27,1771.55,Central
O204679,2023-08-03,C100219,P3007,Furniture Item 7,Furniture,469.52,4,0.0,1878.08,1107.55,770.53,South
O204680,2025-04-10,C100277,P4011,Consumables Item 11,Consumables,470.52,2,0.0,941.04,635.51,305.53,East
O204681,2022-11-13,C100773,P3008,Furniture Item 8,Furniture,774.16,3,0.0,2322.48,1667.3,655.18,Central
O204682,2025-08-23,C100893,P4013,Consumables Item 13,Consumables,756.61,4,0.0,3026.44,1910.07,1116.37,West
O204683,2025-07-05,C100931,P1020,Office Supplies Item 20,Office Supplies,891.62,2,0.0,1783.24,1079.75,703.49,East
O204684,2025-07-01,C100341,P2017,Technology Item 17,Technology,3583.54,2,0.0,7167.08,4850.0,2317.08,Central
O204685,2023-04-24,C100452,P4015,Consumables Item 15,Consumables,978.0,1,0.0,978.0,540.65,437.35,East
O204686,2023-06-29,C100369,P1002,Office Supplies Item 2,Office Supplies,357.2,3,0.0,1071.6,811.72,259.88,Central
O204687,2024-04-30,C100944,P4004,Consumables Item 4,Consumables,50.47,1,0.1,45.42,22.02,23.4,East
O204688,2022-11-14,C100848,P5006,Accessories Item 6,Accessories,15.68,3,0.05,44.69,33.68,11.01,Central
O204689,2024-10-25,C100991,P2016,Technology Item 16,Technology,1535.17,1,0.0,1535.17,1009.29,525.88,East
O204690,2022-11-03,C100474,P1005,Office Supplies Item 5,Office Supplies,367.17,3,0.05,1046.43,669.99,376.44,West
O204691,2024-09-21,C100190,P4004,Consumables Item 4,Consumables,50.47,3,0.2,121.13,71.22,49.91,East
O204692,2024-11-16,C100884,P1007,Office Supplies Item 7,Office Supplies,1432.06,8,0.0,11456.48,5291.73,6164.75,West
O204693,2024-12-08,C100419,P4010,Consumables Item 10,Consumables,1234.94,3,0.0,3704.82,2763.7,941.12,East
O204694,2025-03-21,C100710,P2002,Technology Item 2,Technology,613.05,4,0.2,1961.76,825.93,1135.83,East
O204695,2024-03-09,C100865,P4014,Consumables Item 14,Consumables,1259.98,4,0.1,4535.93,2304.19,2231.74,East
O204696,2023-12-22,C100789,P3006,Furniture Item 6,Furniture,1126.74,2,0.1,2028.13,900.25,1127.88,Central
O204697,2024-07-20,C100848,P2020,Technology Item 20,Technology,2640.06,3,0.0,7920.18,3506.53,4413.65,Central
O204698,2025-10-11,C100495,P4001,Consumables Item 1,Consumables,1495.23,2,0.0,2990.46,1663.2,1327.26,East
O204699,2025-08-17,C100039,P3006,Furniture Item 6,Furniture,1126.74,2,0.0,2253.48,1046.0,1207.48,West
O204700,2023-03-22,C100162,P5004,Accessories Item 4,Accessories,566.9,2,0.05,1077.11,681.33,395.78,Central
O204701,2022-12-16,C100121,P2008,Technology Item 8,Technology,1671.55,2,0.0,3343.1,2175.9,1167.2,South
O204702,2025-02-21,C100892,P5007,Accessories Item 7,Accessories,687.81,6,0.1,3714.17,2796.17,918.0,East
O204703,2025-08-05,C100399,P2015,Technology Item 15,Technology,89.72,4,0.15,305.05,158.59,146.46,West
O204704,2022-11-10,C100262,P1001,Office Supplies Item 1,Office Supplies,53.51,1,0.0,53.51,28.02,25.49,Central
O204705,2024-08-25,C100962,P2009,Technology Item 9,Technology,2991.89,2,0.0,5983.78,2983.2,3000.58,East
O204706,2024-05-26,C100728,P1009,Office Supplies Item 9,Office Supplies,75.25,1,0.05,71.49,50.95,20.54,East
O204707,2024-08-10,C100824,P1009,Office Supplies Item 9,Office Supplies,75.25,3,0.0,225.75,128.95,96.8,Central
O204708,2025-05-01,C100561,P2002,Technology Item 2,Technology,613.05,3,0.2,1471.32,913.64,557.68,West
O204709,2024-08-01,C100604,P4003,Consumables Item 3,Consumables,171.17,2,0.05,325.22,178.82,146.4,East
O204710,2024-07-08,C100129,P4006,Consumables Item 6,Consumables,1311.65,4,0.0,5246.6,2427.73,2818.87,Central
O204711,2024-09-28,C100833,P4020,Consumables Item 20,Consumables,1460.03,3,0.0,4380.09,1931.67,2448.42,East
O204712,2025-04-27,C100540,P3018,Furniture Item 18,Furniture,1136.61,3,0.1,3068.85,2293.38,775.47,Central
O204713,2023-04-27,C100356,P4010,Consumables Item 10,Consumables,1234.94,2,0.0,2469.88,1250.24,1219.64,South
O204714,2025-03-18,C100660,P3015,Furniture Item 15,Furniture,1408.62,2,0.0,2817.24,2188.0,629.24,West
O204715,2025-08-26,C100432,P1013,Office Supplies Item 13,Office Supplies,945.16,1,0.0,945.16,736.2,208.96,Central
O204716,2025-03-02,C100840,P5017,Accessories Item 17,Accessories,955.69,5,0.1,4300.61,2544.11,1756.5,West
O204717,2023-09-03,C100065,P1019,Office Supplies Item 19,Office Supplies,414.61,3,0.0,1243.83,974.46,269.37,South
O204718,2024-05-01,C100218,P4019,Consumables Item 19,Consumables,1074.49,3,0.05,3062.3,1259.81,1802.49,East
O204719,2023-09-23,C100563,P2013,Technology Item 13,Technology,2603.81,2,0.0,5207.62,2273.96,2933.66,West
O204720,2023-11-30,C100427,P4014,Consumables Item 14,Consumables,1259.98,5,0.0,6299.9,3133.09,3166.81,South
O204721,2023-08-27,C100817,P4005,Consumables Item 5,Consumables,1091.68,3,0.0,3275.04,1584.06,1690.98,Central
O204722,2024-11-18,C100921,P3020,Furniture Item 20,Furniture,1296.14,5,0.0,6480.7,3247.19,3233.51,West
O204723,2023-08-12,C100074,P1012,Office Supplies Item 12,Office Supplies,362.33,1,0.15,307.98,178.91,129.07,South
O204724,2023-09-26,C100460,P3003,Furniture Item 3,Furniture,200.93,4,0.2,642.98,273.37,369.61,East
O204725,2022-12-20,C100425,P5013,Accessories Item 13,Accessories,1059.89,5,0.0,5299.45,3297.08,2002.37,Central
O204726,2024-12-12,C100711,P1017,Office Supplies Item 17,Office Supplies,816.15,4,0.0,3264.6,1709.94,1554.66,South
O204727,2023-11-13,C100192,P4008,Consumables Item 8,Consumables,241.88,7,0.2,1354.53,580.58,773.95,Central
O204728,2025-07-27,C100189,P2009,Technology Item 9,Technology,2991.89,2,0.0,5983.78,4196.33,1787.45,Central
O204729,2024-12-13,C100012,P3015,Furniture Item 15,Furniture,1408.62,4,0.0,5634.48,3726.49,1907.99,Central
O204730,2025-10-19,C100239,P1007,Office Supplies Item 7,Office Supplies,1432.06,2,0.0,2864.12,2054.64,809.48,South
O204731,2025-03-17,C100872,P3004,Furniture Item 4,Furniture,1197.1,3,0.1,3232.17,2507.17,725.0,South
O204732,2022-11-03,C100593,P4017,Consumables Item 17,Consumables,267.63,3,0.0,802.89,509.28,293.61,East
O204733,2024-11-17,C100453,P1005,Office Supplies Item 5,Office Supplies,367.17,1,0.05,348.81,249.29,99.52,East
O204734,2023-08-02,C100383,P3020,Furniture Item 20,Furniture,1296.14,5,0.0,6480.7,3108.62,3372.08,Central
O204735,2023-06-03,C100782,P1006,Office Supplies Item 6,Office Supplies,309.21,2,0.0,618.42,348.88,269.54,South
O204736,2023-09-25,C100802,P5018,Accessories Item 18,Accessories,1149.97,4,0.0,4599.88,2815.26,1784.62,West
O204737,2023-07-13,C100048,P1007,Office Supplies Item 7,Office Supplies,1432.06,1,0.15,1217.25,750.42,466.83,South
O204738,2023-03-06,C100317,P3006,Furniture Item 6,Furniture,1126.74,4,0.15,3830.92,2633.13,1197.79,Central
O204739,2024-12-06,C100209,P3017,Furniture Item 17,Furniture,715.82,4,0.05,2720.12,1954.07,766.05,West
O204740,2023-06-05,C100547,P3014,Furniture Item 14,Furniture,668.13,3,0.0,2004.39,1336.41,667.98,West
O204741,2025-02-09,C100119,P5012,Accessories Item 12,Accessories,531.07,2,0.0,1062.14,444.93,617.21,West
O204742,2023-05-01,C100577,P3006,Furniture Item 6,Furniture,1126.74,1,0.0,1126.74,608.99,517.75,East
O204743,2023-09-30,C100315,P1010,Office Supplies Item 10,Office Supplies,511.53,3,0.0,1534.59,965.22,569.37,South
O204744,2024-03-25,C100754,P1004,Office Supplies Item 4,Office Supplies,601.69,3,0.15,1534.31,925.42,608.89,East
O204745,2023-11-18,C100036,P4007,Consumables Item 7,Consumables,334.97,6,0.0,2009.82,839.94,1169.88,South
O204746,2023-09-28,C100463,P2005,Technology Item 5,Technology,4160.53,5,0.05,19762.52,15656.95,4105.57,West
O204747,2025-04-18,C100764,P5007,Accessories Item 7,Accessories,687.81,4,0.0,2751.24,2152.69,598.55,East
O204748,2024-08-03,C100915,P5011,Accessories Item 11,Accessories,385.85,1,0.0,385.85,273.76,112.09,East
O204749,2024-07-26,C100755,P4018,Consumables Item 18,Consumables,772.22,5,0.05,3668.04,1548.43,2119.61,South
O204750,2024-01-25,C100554,P4001,Consumables Item 1,Consumables,1495.23,1,0.0,1495.23,855.4,639.83,East
O204751,2023-05-15,C100581,P2018,Technology Item 18,Technology,362.51,2,0.0,725.02,408.84,316.18,Central
O204752,2024-02-01,C100403,P2012,Technology Item 12,Technology,3897.09,3,0.0,11691.27,7286.12,4405.15,East
O204753,2025-02-07,C100107,P2003,Technology Item 3,Technology,1102.81,3,0.15,2812.17,1187.78,1624.39,West
O204754,2023-07-15,C100039,P2017,Technology Item 17,Technology,3583.54,2,0.0,7167.08,4081.38,3085.7,East
O204755,2022-11-09,C100581,P1003,Office Supplies Item 3,Office Supplies,468.91,4,0.0,1875.64,1318.83,556.81,West
O204756,2024-11-30,C100180,P5019,Accessories Item 19,Accessories,123.42,3,0.1,333.23,266.32,66.91,East
O204757,2025-06-06,C100012,P1013,Office Supplies Item 13,Office Supplies,945.16,2,0.0,1890.32,1206.36,683.96,Central
O204758,2025-10-18,C100339,P2014,Technology Item 14,Technology,3038.06,5,0.0,15190.3,11791.39,3398.91,West
O204759,2025-04-05,C100943,P5008,Accessories Item 8,Accessories,497.2,7,0.0,3480.4,2782.29,698.11,West
O204760,2023-11-28,C100716,P4005,Consumables Item 5,Consumables,1091.68,7,0.0,7641.76,4385.7,3256.06,East
O204761,2023-12-04,C100548,P4016,Consumables Item 16,Consumables,924.52,2,0.0,1849.04,1234.19,614.85,East
O204762,2023-09-27,C100126,P1008,Office Supplies Item 8,Office Supplies,1378.19,4,0.1,4961.48,2407.74,2553.74,Central
O204763,2024-02-23,C100063,P5003,Accessories Item 3,Accessories,117.58,4,0.0,470.32,277.61,192.71,East
O204764,2023-03-14,C100844,P1009,Office Supplies Item 9,Office Supplies,75.25,5,0.0,376.25,162.3,213.95,West
O204765,2025-05-04,C100082,P2008,Technology Item 8,Technology,1671.55,2,0.0,3343.1,1376.22,1966.88,Central
O204766,2025-05-23,C100819,P4018,Consumables Item 18,Consumables,772.22,4,0.0,3088.88,2338.8,750.08,West
O204767,2023-10-21,C100299,P5011,Accessories Item 11,Accessories,385.85,3,0.0,1157.55,860.48,297.07,East
O204768,2024-06-06,C100034,P1018,Office Supplies Item 18,Office Supplies,982.11,4,0.0,3928.44,2061.75,1866.69,West
O204769,2024-07-17,C100752,P3002,Furniture Item 2,Furniture,1401.3,7,0.0,9809.1,5716.56,4092.54,South
O204770,2023-08-17,C100609,P3001,Furniture Item 1,Furniture,388.34,2,0.0,776.68,464.02,312.66,Central
O204771,2025-02-02,C100049,P4010,Consumables Item 10,Consumables,1234.94,2,0.0,2469.88,1502.38,967.5,West
O204772,2024-07-21,C100658,P2013,Technology Item 13,Technology,2603.81,2,0.0,5207.62,2363.37,2844.25,East
O204773,2025-08-15,C100637,P5009,Accessories Item 9,Accessories,83.46,3,0.0,250.38,177.78,72.6,East
O204774,2024-07-24,C100701,P4017,Consumables Item 17,Consumables,267.63,8,0.0,2141.04,1154.29,986.75,South
O204775,2023-09-23,C100057,P3014,Furniture Item 14,Furniture,668.13,3,0.0,2004.39,827.17,1177.22,Central
O204776,2023-05-29,C100861,P5007,Accessories Item 7,Accessories,687.81,3,0.05,1960.26,1314.6,645.66,East
O204777,2024-07-28,C100109,P2016,Technology Item 16,Technology,1535.17,4,0.05,5833.65,4269.95,1563.7,East
O204778,2025-03-17,C100517,P5017,Accessories Item 17,Accessories,955.69,2,0.0,1911.38,1466.51,444.87,East
O204779,2024-01-02,C100985,P5005,Accessories Item 5,Accessories,1231.71,3,0.2,2956.1,1979.88,976.22,South
O204780,2023-11-28,C100024,P5018,Accessories Item 18,Accessories,1149.97,2,0.15,1954.95,931.56,1023.39,Central
O204781,2025-02-03,C100221,P3016,Furniture Item 16,Furniture,445.94,3,0.0,1337.82,850.74,487.08,South
O204782,2025-05-04,C100960,P5020,Accessories Item 20,Accessories,75.35,3,0.0,226.05,172.86,53.19,West
O204783,2023-10-14,C100315,P1017,Office Supplies Item 17,Office Supplies,816.15,3,0.1,2203.6,1190.44,1013.16,South
O204784,2022-12-20,C100294,P1010,Office Supplies Item 10,Office Supplies,511.53,3,0.0,1534.59,1199.04,335.55,East
O204785,2025-05-04,C100929,P5007,Accessories Item 7,Accessories,687.81,2,0.0,1375.62,604.0,771.62,West
O204786,2025-09-16,C100010,P3004,Furniture Item 4,Furniture,1197.1,2,0.2,1915.36,1323.94,591.42,West
O204787,2025-06-25,C100677,P1002,Office Supplies Item 2,Office Supplies,357.2,4,0.05,1357.36,608.05,749.31,South
O204788,2025-01-08,C100481,P5019,Accessories Item 19,Accessories,123.42,3,0.0,370.26,266.42,103.84,West
O204789,2025-08-13,C100727,P1014,Office Supplies Item 14,Office Supplies,962.37,6,0.05,5485.51,2408.48,3077.03,West
O204790,2024-08-10,C100638,P3001,Furniture Item 1,Furniture,388.34,3,0.0,1165.02,617.8,547.22,Central
O204791,2023-08-28,C100267,P1002,Office Supplies Item 2,Office Supplies,357.2,3,0.15,910.86,647.39,263.47,South
O204792,2023-04-15,C100792,P1019,Office Supplies Item 19,Office Supplies,414.61,3,0.0,1243.83,726.49,517.34,South
O204793,2023-09-12,C100088,P4020,Consumables Item 20,Consumables,1460.03,2,0.0,2920.06,2199.02,721.04,West
O204794,2022-11-01,C100455,P5009,Accessories Item 9,Accessories,83.46,3,0.05,237.86,133.37,104.49,South
O204795,2025-08-16,C100626,P1001,Office Supplies Item 1,Office Supplies,53.51,2,0.0,107.02,85.4,21.62,Central
O204796,2023-01-02,C100533,P1002,Office Supplies Item 2,Office Supplies,357.2,4,0.0,1428.8,582.19,846.61,South
O204797,2024-02-26,C100148,P2007,Technology Item 7,Technology,1312.26,3,0.0,3936.78,2670.81,1265.97,South
O204798,2023-06-10,C100757,P1002,Office Supplies Item 2,Office Supplies,357.2,2,0.0,714.4,547.48,166.92,East
O204799,2023-04-01,C100778,P5014,Accessories Item 14,Accessories,784.72,1,0.15,667.01,409.81,257.2,West
O204800,2024-08-05,C100729,P3011,Furniture Item 11,Furniture,542.78,3,0.0,1628.34,1295.19,333.15,Central
O204801,2024-07-18,C100431,P1010,Office Supplies Item 10,Office Supplies,511.53,4,0.0,2046.12,1397.93,648.19,South
O204802,2023-06-05,C100996,P1019,Office Supplies Item 19,Office Supplies,414.61,1,0.05,393.88,225.22,168.66,West
O204803,2023-05-15,C100752,P4020,Consumables Item 20,Consumables,1460.03,2,0.0,2920.06,1770.0,1150.06,East
O204804,2025-07-22,C100943,P1013,Office Supplies Item 13,Office Supplies,945.16,1,0.0,945.16,709.8,235.36,Central
O204805,2025-08-11,C100911,P3008,Furniture Item 8,Furniture,774.16,2,0.0,1548.32,1212.39,335.93,Central
O204806,2024-08-08,C100940,P3016,Furniture Item 16,Furniture,445.94,3,0.0,1337.82,832.6,505.22,South
O204807,2024-10-08,C100744,P4012,Consumables Item 12,Consumables,605.54,6,0.0,3633.24,1899.68,1733.56,Central
O204808,2025-10-16,C100744,P3016,Furniture Item 16,Furniture,445.94,2,0.0,891.88,442.13,449.75,East
O204809,2024-10-22,C100242,P3010,Furniture Item 10,Furniture,702.98,4,0.05,2671.32,1578.27,1093.05,South
O204810,2024-08-01,C100702,P5015,Accessories Item 15,Accessories,191.35,1,0.0,191.35,99.22,92.13,Central
O204811,2023-02-14,C100902,P3005,Furniture Item 5,Furniture,764.38,4,0.1,2751.77,1563.93,1187.84,Central
O204812,2023-04-14,C100741,P5009,Accessories Item 9,Accessories,83.46,2,0.1,150.23,110.24,39.99,South
O204813,2023-06-03,C100066,P3019,Furniture Item 19,Furniture,1035.24,3,0.0,3105.72,1828.63,1277.09,Central
O204814,2025-10-30,C100972,P2019,Technology Item 19,Technology,1281.18,2,0.15,2178.01,1429.54,748.47,West
O204815,2023-01-29,C100378,P2001,Technology Item 1,Technology,2209.18,4,0.0,8836.72,3853.19,4983.53,East
O204816,2025-03-23,C100388,P3015,Furniture Item 15,Furniture,1408.62,3,0.1,3803.27,2680.74,1122.53,South
O204817,2024-06-30,C100791,P3017,Furniture Item 17,Furniture,715.82,3,0.0,2147.46,1273.79,873.67,East
O204818,2023-10-15,C100781,P3001,Furniture Item 1,Furniture,388.34,2,0.0,776.68,422.81,353.87,East
O204819,2025-04-12,C100209,P5013,Accessories Item 13,Accessories,1059.89,3,0.15,2702.72,1741.62,961.1,South
O204820,2023-07-04,C100415,P4010,Consumables Item 10,Consumables,1234.94,3,0.2,2963.86,1306.45,1657.41,West
O204821,2023-07-30,C100016,P5002,Accessories Item 2,Accessories,19.27,3,0.0,57.81,32.7,25.11,East
O204822,2023-12-08,C100297,P3009,Furniture Item 9,Furniture,1285.97,2,0.0,2571.94,1863.08,708.86,East
O204823,2025-09-05,C100986,P3004,Furniture Item 4,Furniture,1197.1,2,0.15,2035.07,1027.36,1007.71,South
O204824,2025-06-18,C100220,P2015,Technology Item 15,Technology,89.72,2,0.0,179.44,137.39,42.05,Central
O204825,2025-04-16,C100769,P5011,Accessories Item 11,Accessories,385.85,2,0.0,771.7,495.01,276.69,West
O204826,2025-10-15,C100367,P1005,Office Supplies Item 5,Office Supplies,367.17,4,0.0,1468.68,905.17,563.51,South
O204827,2023-08-11,C100780,P4011,Consumables Item 11,Consumables,470.52,2,0.1,846.94,474.14,372.8,West
O204828,2024-03-31,C100229,P4014,Consumables Item 14,Consumables,1259.98,3,0.1,3401.95,2370.48,1031.47,West
O204829,2024-07-10,C100631,P4014,Consumables Item 14,Consumables,1259.98,1,0.15,1070.98,670.21,400.77,East
O204830,2024-07-04,C100440,P3011,Furniture Item 11,Furniture,542.78,3,0.0,1628.34,1170.15,458.19,Central
O204831,2024-11-19,C100690,P3017,Furniture Item 17,Furniture,715.82,2,0.05,1360.06,724.47,635.59,Central
O204832,2023-12-05,C100532,P3018,Furniture Item 18,Furniture,1136.61,4,0.0,4546.44,3095.24,1451.2,East
O204833,2023-01-25,C100450,P5012,Accessories Item 12,Accessories,531.07,2,0.05,1009.03,784.4,224.63,Central
O204834,2023-09-16,C100036,P2016,Technology Item 16,Technology,1535.17,5,0.0,7675.85,3929.79,3746.06,East
O204835,2025-09-21,C100847,P1010,Office Supplies Item 10,Office Supplies,511.53,3,0.0,1534.59,1216.01,318.58,South
O204836,2023-10-02,C100422,P3010,Furniture Item 10,Furniture,702.98,7,0.05,4674.82,2637.58,2037.24,East
O204837,2022-12-21,C100918,P5019,Accessories Item 19,Accessories,123.42,7,0.0,863.94,358.89,505.05,Central
O204838,2023-04-23,C100620,P5019,Accessories Item 19,Accessories,123.42,4,0.0,493.68,268.11,225.57,Central
O204839,2024-03-15,C100189,P2017,Technology Item 17,Technology,3583.54,2,0.0,7167.08,3295.83,3871.25,Central
O204840,2023-01-15,C100178,P1020,Office Supplies Item 20,Office Supplies,891.62,1,0.1,802.46,418.65,383.81,West
O204841,2023-09-12,C100608,P1013,Office Supplies Item 13,Office Supplies,945.16,3,0.0,2835.48,1243.04,1592.44,East
O204842,2024-09-27,C100315,P4015,Consumables Item 15,Consumables,978.0,3,0.0,2934.0,1382.74,1551.26,South
O204843,2025-08-06,C100020,P1019,Office Supplies Item 19,Office Supplies,414.61,3,0.0,1243.83,560.57,683.26,East
O204844,2024-11-01,C100676,P5012,Accessories Item 12,Accessories,531.07,3,0.05,1513.55,631.74,881.81,Central
O204845,2025-10-30,C100382,P3016,Furniture Item 16,Furniture,445.94,3,0.0,1337.82,693.63,644.19,East
O204846,2025-06-26,C100609,P3005,Furniture Item 5,Furniture,764.38,3,0.1,2063.83,1602.32,461.51,East
O204847,2025-03-03,C100143,P3020,Furniture Item 20,Furniture,1296.14,1,0.15,1101.72,859.07,242.65,Central
O204848,2024-08-27,C100062,P4008,Consumables Item 8,Consumables,241.88,1,0.0,241.88,178.67,63.21,West
O204849,2024-08-13,C100242,P3017,Furniture Item 17,Furniture,715.82,4,0.05,2720.12,1101.26,1618.86,South
O204850,2025-10-30,C100238,P3014,Furniture Item 14,Furniture,668.13,5,0.0,3340.65,1373.84,1966.81,South
O204851,2022-12-16,C100131,P2017,Technology Item 17,Technology,3583.54,4,0.0,14334.16,5793.05,8541.11,South
O204852,2025-10-06,C100605,P5003,Accessories Item 3,Accessories,117.58,2,0.0,235.16,128.55,106.61,Central
O204853,2023-03-29,C100603,P2017,Technology Item 17,Technology,3583.54,2,0.0,7167.08,5677.07,1490.01,East
O204854,2025-04-28,C100645,P1014,Office Supplies Item 14,Office Supplies,962.37,3,0.15,2454.04,1861.97,592.07,West
O204855,2024-01-30,C100123,P5015,Accessories Item 15,Accessories,191.35,1,0.15,162.65,81.36,81.29,Central
O204856,2025-03-26,C100440,P5012,Accessories Item 12,Accessories,531.07,2,0.15,902.82,509.26,393.56,East
O204857,2025-06-23,C100927,P5020,Accessories Item 20,Accessories,75.35,11,0.2,663.08,483.9,179.18,South
O204858,2025-03-18,C100342,P3004,Furniture Item 4,Furniture,1197.1,4,0.0,4788.4,3368.32,1420.08,Central
O204859,2025-05-17,C100419,P5003,Accessories Item 3,Accessories,117.58,3,0.0,352.74,159.81,192.93,Central
O204860,2025-08-20,C100630,P3002,Furniture Item 2,Furniture,1401.3,2,0.0,2802.6,1241.86,1560.74,Central
O204861,2025-07-28,C100455,P1001,Office Supplies Item 1,Office Supplies,53.51,3,0.05,152.5,94.17,58.33,South
O204862,2024-12-13,C100198,P2003,Technology Item 3,Technology,1102.81,1,0.0,1102.81,486.17,616.64,East
O204863,2023-07-02,C100282,P4004,Consumables Item 4,Consumables,50.47,3,0.15,128.7,93.95,34.75,West
O204864,2024-02-17,C100886,P2008,Technology Item 8,Technology,1671.55,3,0.05,4763.92,2388.3,2375.62,West
O204865,2023-11-17,C100001,P1004,Office Supplies Item 4,Office Supplies,601.69,6,0.05,3429.63,1630.21,1799.42,West
O204866,2024-03-03,C100723,P3001,Furniture Item 1,Furniture,388.34,1,0.0,388.34,184.18,204.16,South
O204867,2025-09-26,C100775,P3020,Furniture Item 20,Furniture,1296.14,6,0.0,7776.84,3251.44,4525.4,East
O204868,2023-12-02,C100932,P1018,Office Supplies Item 18,Office Supplies,982.11,7,0.0,6874.77,4514.89,2359.88,South
O204869,2023-08-23,C100332,P4003,Consumables Item 3,Consumables,171.17,3,0.2,410.81,191.35,219.46,Central
O204870,2023-02-15,C100212,P4001,Consumables Item 1,Consumables,1495.23,4,0.0,5980.92,2950.6,3030.32,Central
O204871,2025-03-09,C100087,P3009,Furniture Item 9,Furniture,1285.97,2,0.05,2443.34,1711.61,731.73,West
O204872,2025-06-11,C100665,P3007,Furniture Item 7,Furniture,469.52,5,0.2,1878.08,794.41,1083.67,Central
O204873,2024-04-13,C100862,P2019,Technology Item 19,Technology,1281.18,4,0.0,5124.72,2465.49,2659.23,Central
O204874,2025-05-22,C100699,P5009,Accessories Item 9,Accessories,83.46,1,0.0,83.46,38.37,45.09,East
O204875,2023-08-15,C100061,P5002,Accessories Item 2,Accessories,19.27,5,0.0,96.35,38.73,57.62,Central
O204876,2024-10-06,C100797,P1006,Office Supplies Item 6,Office Supplies,309.21,3,0.0,927.63,571.18,356.45,East
O204877,2023-06-03,C100095,P5003,Accessories Item 3,Accessories,117.58,4,0.15,399.77,190.3,209.47,Central
O204878,2024-11-01,C100786,P3013,Furniture Item 13,Furniture,1077.46,2,0.0,2154.92,1407.51,747.41,Central
O204879,2023-10-10,C100553,P4016,Consumables Item 16,Consumables,924.52,4,0.0,3698.08,2221.48,1476.6,Central
O204880,2023-05-13,C100147,P2005,Technology Item 5,Technology,4160.53,1,0.0,4160.53,2775.7,1384.83,East
O204881,2023-04-07,C100246,P5019,Accessories Item 19,Accessories,123.42,3,0.0,370.26,293.48,76.78,East
O204882,2024-02-08,C100644,P4005,Consumables Item 5,Consumables,1091.68,2,0.0,2183.36,1065.37,1117.99,South
O204883,2023-02-12,C100961,P1005,Office Supplies Item 5,Office Supplies,367.17,4,0.05,1395.25,929.73,465.52,West
O204884,2022-12-04,C100297,P4005,Consumables Item 5,Consumables,1091.68,3,0.0,3275.04,2402.06,872.98,South
O204885,2024-07-31,C100123,P1008,Office Supplies Item 8,Office Supplies,1378.19,4,0.05,5237.12,4100.43,1136.69,East
O204886,2023-09-21,C100655,P2019,Technology Item 19,Technology,1281.18,4,0.0,5124.72,3325.6,1799.12,Central
O204887,2024-09-21,C100694,P3003,Furniture Item 3,Furniture,200.93,2,0.0,401.86,181.77,220.09,East
O204888,2024-06-14,C100704,P5002,Accessories Item 2,Accessories,19.27,6,0.15,98.28,41.43,56.85,West
O204889,2023-03-21,C100456,P4013,Consumables Item 13,Consumables,756.61,2,0.0,1513.22,773.87,739.35,South
O204890,2024-02-17,C100399,P1005,Office Supplies Item 5,Office Supplies,367.17,2,0.0,734.34,566.37,167.97,East
O204891,2025-09-20,C100719,P1004,Office Supplies Item 4,Office Supplies,601.69,2,0.0,1203.38,739.81,463.57,West
O204892,2025-04-02,C100946,P5013,Accessories Item 13,Accessories,1059.89,3,0.05,3020.69,1908.24,1112.45,West
O204893,2023-01-02,C100231,P1001,Office Supplies Item 1,Office Supplies,53.51,1,0.0,53.51,34.47,19.04,South
O204894,2023-08-31,C100534,P5014,Accessories Item 14,Accessories,784.72,2,0.0,1569.44,836.33,733.11,West
O204895,2025-10-20,C100402,P3016,Furniture Item 16,Furniture,445.94,4,0.0,1783.76,843.07,940.69,South
O204896,2023-12-01,C100592,P3005,Furniture Item 5,Furniture,764.38,3,0.0,2293.14,1792.54,500.6,Central
O204897,2023-09-30,C100130,P4005,Consumables Item 5,Consumables,1091.68,3,0.0,3275.04,2299.58,975.46,West
O204898,2024-12-25,C100292,P1003,Office Supplies Item 3,Office Supplies,468.91,3,0.15,1195.72,722.72,473.0,West
O204899,2023-12-16,C100276,P2002,Technology Item 2,Technology,613.05,4,0.1,2206.98,1215.34,991.64,East
O204900,2023-08-11,C100912,P4012,Consumables Item 12,Consumables,605.54,3,0.0,1816.62,1077.45,739.17,Central
O204901,2024-02-09,C100835,P3016,Furniture Item 16,Furniture,445.94,1,0.0,445.94,184.38,261.56,Central
O204902,2023-01-19,C100376,P1018,Office Supplies Item 18,Office Supplies,982.11,3,0.0,2946.33,1470.21,1476.12,East
O204903,2024-12-23,C100926,P2005,Technology Item 5,Technology,4160.53,6,0.0,24963.18,12488.64,12474.54,Central
O204904,2024-11-02,C100055,P3008,Furniture Item 8,Furniture,774.16,5,0.1,3483.72,2014.07,1469.65,West
O204905,2023-01-16,C100578,P5004,Accessories Item 4,Accessories,566.9,4,0.0,2267.6,1121.35,1146.25,East
O204906,2024-03-23,C100739,P2011,Technology Item 11,Technology,4293.44,3,0.0,12880.32,6107.63,6772.69,South
O204907,2025-08-29,C100026,P2010,Technology Item 10,Technology,545.3,2,0.0,1090.6,770.19,320.41,South
O204908,2024-02-05,C100441,P4020,Consumables Item 20,Consumables,1460.03,2,0.0,2920.06,2211.66,708.4,East
O204909,2023-07-03,C100765,P4006,Consumables Item 6,Consumables,1311.65,1,0.0,1311.65,559.89,751.76,South
O204910,2023-03-02,C100197,P5001,Accessories Item 1,Accessories,306.1,3,0.05,872.38,422.11,450.27,South
O204911,2023-05-04,C100642,P1010,Office Supplies Item 10,Office Supplies,511.53,3,0.0,1534.59,1088.75,445.84,East
O204912,2022-12-02,C100243,P4011,Consumables Item 11,Consumables,470.52,3,0.0,1411.56,1025.26,386.3,East
O204913,2025-07-25,C100824,P3019,Furniture Item 19,Furniture,1035.24,2,0.0,2070.48,1242.42,828.06,Central
O204914,2024-12-01,C100724,P3011,Furniture Item 11,Furniture,542.78,3,0.1,1465.51,993.55,471.96,South
O204915,2024-05-22,C100190,P1009,Office Supplies Item 9,Office Supplies,75.25,3,0.0,225.75,97.31,128.44,South
O204916,2023-09-06,C100802,P3014,Furniture Item 14,Furniture,668.13,2,0.0,1336.26,988.58,347.68,East
O204917,2025-02-07,C100738,P4002,Consumables Item 2,Consumables,643.15,5,0.0,3215.75,2357.44,858.31,East
O204918,2025-07-19,C100758,P5001,Accessories Item 1,Accessories,306.1,5,0.0,1530.5,1036.7,493.8,West
O204919,2025-10-15,C100568,P1009,Office Supplies Item 9,Office Supplies,75.25,2,0.0,150.5,115.36,35.14,East
O204920,2024-12-30,C100567,P1009,Office Supplies Item 9,Office Supplies,75.25,5,0.0,376.25,157.67,218.58,East
O204921,2024-02-07,C100276,P2004,Technology Item 4,Technology,1323.25,4,0.0,5293.0,2606.2,2686.8,Central
O204922,2024-09-08,C100818,P2019,Technology Item 19,Technology,1281.18,1,0.0,1281.18,698.27,582.91,West
O204923,2025-07-06,C100409,P4015,Consumables Item 15,Consumables,978.0,1,0.0,978.0,453.24,524.76,West
O204924,2024-08-31,C100340,P1008,Office Supplies Item 8,Office Supplies,1378.19,7,0.05,9164.96,6653.13,2511.83,South
O204925,2024-09-28,C100153,P2005,Technology Item 5,Technology,4160.53,4,0.0,16642.12,11697.37,4944.75,East
O204926,2025-07-21,C100565,P4006,Consumables Item 6,Consumables,1311.65,2,0.0,2623.3,1860.71,762.59,West
O204927,2023-01-17,C100398,P1010,Office Supplies Item 10,Office Supplies,511.53,3,0.0,1534.59,792.64,741.95,Central
O204928,2024-04-17,C100444,P2004,Technology Item 4,Technology,1323.25,5,0.05,6285.44,4431.7,1853.74,West
O204929,2023-02-16,C100623,P4020,Consumables Item 20,Consumables,1460.03,3,0.2,3504.07,1574.11,1929.96,Central
O204930,2024-12-03,C100427,P5003,Accessories Item 3,Accessories,117.58,6,0.1,634.93,281.1,353.83,South
O204931,2022-11-15,C100958,P3019,Furniture Item 19,Furniture,1035.24,2,0.0,2070.48,1311.9,758.58,West
O204932,2023-11-05,C100487,P2011,Technology Item 11,Technology,4293.44,5,0.1,19320.48,8104.31,11216.17,Central
O204933,2023-05-24,C100204,P1011,Office Supplies Item 11,Office Supplies,610.7,1,0.0,610.7,473.57,137.13,East
O204934,2025-03-14,C100112,P1006,Office Supplies Item 6,Office Supplies,309.21,3,0.0,927.63,493.07,434.56,East
O204935,2024-01-15,C100325,P4010,Consumables Item 10,Consumables,1234.94,3,0.0,3704.82,2188.86,1515.96,West
O204936,2025-03-08,C100959,P2012,Technology Item 12,Technology,3897.09,2,0.0,7794.18,5653.05,2141.13,South
O204937,2023-06-15,C100258,P2019,Technology Item 19,Technology,1281.18,2,0.0,2562.36,1434.98,1127.38,West
O204938,2024-04-11,C100950,P3008,Furniture Item 8,Furniture,774.16,3,0.0,2322.48,1329.06,993.42,West
O204939,2023-10-20,C100528,P1013,Office Supplies Item 13,Office Supplies,945.16,3,0.0,2835.48,1528.83,1306.65,Central
O204940,2024-07-15,C100951,P3019,Furniture Item 19,Furniture,1035.24,4,0.2,3312.77,1791.18,1521.59,East
O204941,2025-08-21,C100350,P4007,Consumables Item 7,Consumables,334.97,1,0.0,334.97,196.69,138.28,Central
O204942,2025-05-15,C100939,P3016,Furniture Item 16,Furniture,445.94,3,0.0,1337.82,1041.32,296.5,East
O204943,2023-04-10,C100957,P3001,Furniture Item 1,Furniture,388.34,2,0.15,660.18,511.25,148.93,Central
O204944,2025-03-20,C100678,P3016,Furniture Item 16,Furniture,445.94,2,0.05,847.29,523.68,323.61,Central
O204945,2024-01-18,C100813,P2015,Technology Item 15,Technology,89.72,5,0.0,448.6,261.26,187.34,West
O204946,2024-02-06,C100894,P2018,Technology Item 18,Technology,362.51,1,0.05,344.38,249.08,95.3,South
O204947,2025-09-19,C100435,P5001,Accessories Item 1,Accessories,306.1,6,0.0,1836.6,1234.88,601.72,East
O204948,2024-02-16,C100426,P4007,Consumables Item 7,Consumables,334.97,1,0.0,334.97,252.11,82.86,East
O204949,2024-05-10,C100280,P2014,Technology Item 14,Technology,3038.06,2,0.1,5468.51,3785.55,1682.96,West
O204950,2023-01-19,C100371,P4016,Consumables Item 16,Consumables,924.52,6,0.0,5547.12,4331.96,1215.16,South
O204951,2025-09-28,C100670,P5008,Accessories Item 8,Accessories,497.2,7,0.1,3132.36,2363.36,769.0,West
O204952,2023-06-28,C100933,P4010,Consumables Item 10,Consumables,1234.94,3,0.0,3704.82,2749.35,955.47,South
O204953,2024-05-10,C100249,P1011,Office Supplies Item 11,Office Supplies,610.7,3,0.05,1740.5,968.8,771.7,Central
O204954,2024-06-12,C100891,P2007,Technology Item 7,Technology,1312.26,5,0.0,6561.3,3638.14,2923.16,Central
O204955,2023-07-27,C100181,P3008,Furniture Item 8,Furniture,774.16,4,0.2,2477.31,1725.4,751.91,South
O204956,2023-10-01,C100703,P2004,Technology Item 4,Technology,1323.25,3,0.0,3969.75,1720.89,2248.86,Central
O204957,2023-09-08,C100999,P1018,Office Supplies Item 18,Office Supplies,982.11,6,0.2,4714.13,2493.24,2220.89,Central
O204958,2025-10-12,C100651,P2007,Technology Item 7,Technology,1312.26,1,0.0,1312.26,1014.23,298.03,Central
O204959,2025-10-27,C100078,P3014,Furniture Item 14,Furniture,668.13,4,0.05,2538.89,1472.66,1066.23,Central
O204960,2024-09-24,C100919,P3015,Furniture Item 15,Furniture,1408.62,3,0.05,4014.57,2039.24,1975.33,East
O204961,2022-12-04,C100885,P2001,Technology Item 1,Technology,2209.18,2,0.0,4418.36,2609.4,1808.96,Central
O204962,2023-11-21,C100336,P3019,Furniture Item 19,Furniture,1035.24,4,0.05,3933.91,2027.68,1906.23,Central
O204963,2023-07-07,C100050,P2014,Technology Item 14,Technology,3038.06,4,0.0,12152.24,8595.33,3556.91,Central
O204964,2025-10-06,C100085,P5017,Accessories Item 17,Accessories,955.69,3,0.0,2867.07,2122.33,744.74,East
O204965,2025-01-02,C100695,P3018,Furniture Item 18,Furniture,1136.61,1,0.1,1022.95,729.43,293.52,Central
O204966,2025-03-01,C100695,P3008,Furniture Item 8,Furniture,774.16,4,0.15,2632.14,1209.78,1422.36,East
O204967,2025-03-23,C100004,P3014,Furniture Item 14,Furniture,668.13,2,0.0,1336.26,714.13,622.13,South
O204968,2023-11-11,C100993,P1018,Office Supplies Item 18,Office Supplies,982.11,3,0.0,2946.33,1430.7,1515.63,East
O204969,2024-10-24,C100950,P1003,Office Supplies Item 3,Office Supplies,468.91,4,0.0,1875.64,782.37,1093.27,Central
O204970,2023-05-21,C100317,P2004,Technology Item 4,Technology,1323.25,1,0.1,1190.92,828.49,362.43,West
O204971,2024-01-19,C100111,P1001,Office Supplies Item 1,Office Supplies,53.51,2,0.2,85.62,48.92,36.7,Central
O204972,2023-08-24,C100334,P1006,Office Supplies Item 6,Office Supplies,309.21,3,0.05,881.25,450.01,431.24,West
O204973,2024-03-07,C100851,P1019,Office Supplies Item 19,Office Supplies,414.61,2,0.0,829.22,433.69,395.53,Central
O204974,2023-10-04,C100763,P5006,Accessories Item 6,Accessories,15.68,2,0.0,31.36,14.24,17.12,East
O204975,2025-05-11,C100133,P3003,Furniture Item 3,Furniture,200.93,4,0.0,803.72,587.28,216.44,South
O204976,2025-10-25,C100612,P1008,Office Supplies Item 8,Office Supplies,1378.19,5,0.1,6201.86,2837.78,3364.08,East
O204977,2024-12-31,C100991,P4009,Consumables Item 9,Consumables,98.0,4,0.2,313.6,167.88,145.72,South
O204978,2025-06-19,C100914,P3012,Furniture Item 12,Furniture,806.55,3,0.05,2298.67,926.26,1372.41,Central
O204979,2023-09-13,C100684,P4013,Consumables Item 13,Consumables,756.61,3,0.2,1815.86,1043.33,772.53,East
O204980,2025-05-30,C100799,P3007,Furniture Item 7,Furniture,469.52,7,0.0,3286.64,1781.1,1505.54,Central
O204981,2024-07-18,C100119,P5005,Accessories Item 5,Accessories,1231.71,4,0.05,4680.5,3218.5,1462.0,Central
O204982,2023-01-14,C100350,P2008,Technology Item 8,Technology,1671.55,1,0.0,1671.55,1146.89,524.66,Central
O204983,2025-05-27,C100917,P3006,Furniture Item 6,Furniture,1126.74,4,0.0,4506.96,1872.43,2634.53,East
O204984,2022-12-29,C100687,P1004,Office Supplies Item 4,Office Supplies,601.69,3,0.05,1714.82,765.4,949.42,South
O204985,2023-11-21,C100542,P5008,Accessories Item 8,Accessories,497.2,2,0.0,994.4,757.58,236.82,Central
O204986,2022-11-15,C100055,P1008,Office Supplies Item 8,Office Supplies,1378.19,4,0.05,5237.12,3753.55,1483.57,West
O204987,2023-05-18,C100361,P4001,Consumables Item 1,Consumables,1495.23,2,0.05,2840.94,1578.98,1261.96,Central
O204988,2022-12-05,C100708,P1017,Office Supplies Item 17,Office Supplies,816.15,5,0.1,3672.68,1713.49,1959.19,East
O204989,2023-04-11,C100453,P2014,Technology Item 14,Technology,3038.06,3,0.05,8658.47,4366.57,4291.9,East
O204990,2025-07-09,C100553,P1020,Office Supplies Item 20,Office Supplies,891.62,2,0.0,1783.24,1182.66,600.58,East
O204991,2025-01-07,C100685,P4020,Consumables Item 20,Consumables,1460.03,4,0.0,5840.12,4544.76,1295.36,South
O204992,2025-04-13,C100330,P4014,Consumables Item 14,Consumables,1259.98,2,0.0,2519.96,1628.64,891.32,East
O204993,2024-02-14,C100219,P2014,Technology Item 14,Technology,3038.06,2,0.0,6076.12,2494.72,3581.4,Central
O204994,2024-04-14,C100208,P3003,Furniture Item 3,Furniture,200.93,2,0.0,401.86,265.34,136.52,East
O204995,2024-12-31,C100670,P1010,Office Supplies Item 10,Office Supplies,511.53,4,0.0,2046.12,1591.68,454.44,East
O204996,2025-03-01,C100845,P5014,Accessories Item 14,Accessories,784.72,2,0.0,1569.44,852.92,716.52,East
O204997,2023-10-14,C100740,P2010,Technology Item 10,Technology,545.3,2,0.0,1090.6,843.49,247.11,South
O204998,2024-09-24,C100085,P2005,Technology Item 5,Technology,4160.53,1,0.0,4160.53,2780.27,1380.26,East
O204999,2025-05-23,C100685,P3017,Furniture Item 17,Furniture,715.82,3,0.0,2147.46,1022.05,1125.41,East
O205000,2025-05-01,C100245,P4003,Consumables Item 3,Consumables,171.17,2,0.0,342.34,156.83,185.51,East
